ts,fundingRate
1742472000000,5e-05
1742486400000,5e-05
1742500800000,5e-05
1742515200000,5e-05
1742529600000,5e-05
1742544000000,5e-05
1742558400000,0.00040635
1742572800000,0.00026686
1742587200000,5e-05
1742601600000,5e-05
1742616000001,5e-05
1742630400004,5e-05
1742644800013,5e-05
1742659200000,5e-05
1742673600001,5e-05
1742688000000,5e-05
1742702400000,5e-05
1742716800000,5e-05
1742731200000,5e-05
1742745600000,5e-05
1742760000000,5e-05
1742774400000,5e-05
1742788800000,5e-05
1742803200000,5e-05
1742817600000,5e-05
1742832000000,5e-05
1742846400004,5e-05
1742860800001,5e-05
1742875200000,5e-05
1742889600000,5e-05
1742904000000,5e-05
1742918400000,5e-05
1742932800000,5e-05
1742947200000,5e-05
1742961600001,5e-05
1742976000000,5e-05
1742990400000,5e-05
1743004800001,5e-05
1743019200000,5e-05
1743033600001,5e-05
1743048000000,5e-05
1743062400001,5e-05
1743076800000,5e-05
1743091200002,5e-05
1743105600000,-0.02
1743120000001,-0.02
1743134400000,-0.01210724
1743148800001,-0.00133257
1743163200000,-0.00180451
1743177600000,-0.00148223
1743192000000,-2.773e-05
1743206400000,5e-05
1743220800001,5e-05
1743235200000,-0.00162904
1743249600000,-0.01230719
1743264000000,-0.0002108
1743278400000,5e-05
1743292800000,-3.052e-05
1743307200000,-3.707e-05
1743321600000,-0.00016828
1743336000000,-9.18e-06
1743350400000,-5.906e-05
1743364800000,5e-05
1743379200000,5e-05
1743393600000,5e-05
1743408000000,4.742e-05
1743422400000,5e-05
1743436800000,5e-05
1743451200000,5e-05
1743465600000,-4.773e-05
1743480000001,-3.927e-05
1743494400001,5e-05
1743508800000,5e-05
1743523200000,5e-05
1743537600003,5e-05
1743552000001,5e-05
1743566400001,5e-05
1743580800000,5e-05
1743595200002,4.873e-05
1743609600000,-1.466e-05
1743624000000,5e-05
1743638400000,5e-05
1743652800000,5e-05
1743667200000,5e-05
1743681600000,3.953e-05
1743696000000,5e-05
1743710400000,5e-05
1743724800000,5e-05
1743739200000,5e-05
1743753600000,-2.747e-05
1743768000000,5e-05
1743782400000,5e-05
1743796800001,5e-05
1743811200000,5e-05
1743825600000,5e-05
1743840000000,-0.00031921
1743854400000,-0.00012782
1743868800000,5e-05
1743883200000,5e-05
1743897600000,5e-05
1743912000000,5e-05
1743926400000,5e-05
1743940800001,5e-05
1743955200002,5e-05
1743969600001,5e-05
1743984000000,5e-05
1743998400000,5e-05
1744012800000,5e-05
1744027200000,5e-05
1744041600000,5e-05
1744056000000,5e-05
1744070400000,5e-05
1744084800000,5e-05
1744099200000,5e-05
1744113600000,3.168e-05
1744128000000,5e-05
1744142400000,5e-05
1744156800000,5e-05
1744171200000,2.532e-05
1744185600001,5e-05
1744200000000,5e-05
1744214400000,5e-05
1744228800000,5e-05
1744243200000,5e-05
1744257600000,-6.111e-05
1744272000000,-5.73e-06
1744286400000,-2.556e-05
1744300800000,5e-05
1744315200000,5e-05
1744329600001,5e-05
1744344000001,5e-05
1744358400000,5e-05
1744372800000,5e-05
1744387200000,4.628e-05
1744401600001,5e-05
1744416000000,-0.00011891
1744430400000,5e-05
1744444800001,5e-05
1744459200001,5e-05
1744473600000,5e-05
1744488000000,5e-05
1744502400000,5e-05
1744516800000,5e-05
1744531200000,5e-05
1744545600000,5e-05
1744560000000,5e-05
1744574400000,5e-05
1744588800000,-0.00016766
1744603200000,5e-05
1744617600000,5e-05
1744632000002,5e-05
1744646400000,5e-05
1744660800000,5e-05
1744675200000,5e-05
1744689600001,5e-05
1744704000000,5e-05
1744718400000,5e-05
1744732800001,5e-05
1744747200000,5e-05
1744761600000,5e-05
1744776000000,5e-05
1744790400000,5e-05
1744804800000,5e-05
1744819200000,5e-05
1744833600000,5e-05
1744848000001,5e-05
1744862400000,5e-05
1744876800000,5e-05
1744891200000,5e-05
1744905600001,5e-05
1744920000001,5e-05
1744934400000,5e-05
1744948800000,5e-05
1744963200000,5e-05
1744977600000,2.229e-05
1744992000000,5e-05
1745006400000,5e-05
1745020800000,5e-05
1745035200000,5e-05
1745049600000,5e-05
1745064000000,5e-05
1745078400000,5e-05
1745092800000,5e-05
1745107200000,5e-05
1745121600000,5e-05
1745136000000,5e-05
1745150400001,5e-05
1745164800000,5e-05
1745179200000,5e-05
1745193600000,5e-05
1745208000000,5e-05
1745222400005,5e-05
1745236800002,5e-05
1745251200003,5e-05
1745265600006,5e-05
1745280000008,5e-05
1745294400000,5e-05
1745308800000,5e-05
1745323200001,5e-05
1745337600000,5e-05
1745352000004,5e-05
1745366400000,5e-05
1745380800000,5e-05
1745395200002,5e-05
1745409600005,5e-05
1745424000000,5e-05
1745438400001,5e-05
1745452800000,5e-05
1745467200003,5e-05
1745481600001,5e-05
1745496000001,5e-05
1745510400001,5e-05
1745524800006,5e-05
1745539200007,5e-05
1745553600001,5e-05
1745568000002,5e-05
1745582400000,5e-05
1745596800003,5e-05
1745611200001,5e-05
1745625600002,5e-05
1745640000001,5e-05
1745654400000,5e-05
1745668800000,5e-05
1745683200002,5e-05
1745697600000,5e-05
1745712000001,5e-05
1745726400001,5e-05
1745740800000,5e-05
1745755200000,5e-05
1745769600000,5e-05
1745784000003,5e-05
1745798400001,5e-05
1745812800001,5e-05
1745827200003,5e-05
1745841600000,5e-05
1745856000005,5e-05
1745870400002,5e-05
1745884800000,5e-05
1745899200000,5e-05
1745913600000,5e-05
1745928000001,5e-05
1745942400010,5e-05
1745956800002,5e-05
1745971200001,5e-05
1745985600001,5e-05
1746000000000,5e-05
1746014400001,5e-05
1746028800003,5e-05
1746043200002,5e-05
1746057600000,5e-05
1746072000008,5e-05
1746086400000,5e-05
1746100800001,5e-05
1746115200001,5e-05
1746129600000,5e-05
1746144000000,5e-05
1746158400000,5e-05
1746172800000,5e-05
1746187200005,5e-05
1746201600003,5e-05
1746216000003,5e-05
1746230400000,5e-05
1746244800001,5e-05
1746259200000,5e-05
1746273600006,5e-05
1746288000000,5e-05
1746302400000,5e-05
1746316800001,5e-05
1746331200004,5e-05
1746345600001,5e-05
1746360000006,5e-05
1746374400002,5e-05
1746388800000,5e-05
1746403200000,5e-05
1746417600000,5e-05
1746432000000,5e-05
1746446400000,5e-05
1746460800006,5e-05
1746475200000,5e-05
1746489600002,5e-05
1746504000000,5e-05
1746518400005,-3.87e-06
1746532800000,5e-05
1746547200000,5e-05
1746561600000,5e-05
1746576000002,5e-05
1746590400004,9.63e-06
1746604800000,5e-05
1746619200000,2.65e-05
1746633600006,5e-05
1746648000000,5e-05
1746662400000,5e-05
1746676800005,5e-05
1746691200001,5e-05
1746705600000,5e-05
1746720000002,5e-05
1746734400006,5e-05
1746748800001,5e-05
1746763200000,5e-05
1746777600006,5e-05
1746792000000,5e-05
1746806400000,5e-05
1746820800000,5e-05
1746835200001,5e-05
1746849600003,5e-05
1746864000000,5e-05
1746878400000,5e-05
1746892800001,5e-05
1746907200000,5e-05
1746921600000,5e-05
1746936000000,5e-05
1746950400001,5e-05
1746964800001,5e-05
1746979200001,5e-05
1746993600000,5e-05
1747008000004,5e-05
1747022400003,5e-05
1747036800000,5e-05
1747051200000,5e-05
1747065600000,5e-05
1747080000004,5e-05
1747094400000,5e-05
1747108800000,5e-05
1747123200008,5e-05
1747137600000,5e-05
1747152000001,5e-05
1747166400006,5e-05
1747180800007,5e-05
1747195200000,5e-05
1747209600000,5e-05
1747224000000,5e-05
1747238400002,5e-05
1747252800007,5e-05
1747267200000,5e-05
1747281600000,5e-05
1747296000003,5e-05
1747310400000,5e-05
1747324800000,5e-05
1747339200001,5e-05
1747353600001,5e-05
1747368000001,5e-05
1747382400000,5e-05
1747396800006,5e-05
1747411200000,5e-05
1747425600002,5e-05
1747440000000,5e-05
1747454400000,5e-05
1747468800001,5e-05
1747483200002,5e-05
1747497600004,5e-05
1747512000003,5e-05
1747526400000,5e-05
1747540800003,5e-05
1747555200000,5e-05
1747569600010,5e-05
1747584000000,5e-05
1747598400001,5e-05
1747612800000,5e-05
1747627200004,5e-05
1747641600006,5e-05
1747656000000,5e-05
1747670400010,5e-05
1747684800000,5e-05
1747699200000,5e-05
1747713600000,5e-05
1747728000002,5e-05
1747742400003,5e-05
1747756800000,5e-05
1747771200000,5e-05
1747785600000,5e-05
1747800000000,5e-05
1747814400001,5e-05
1747828800007,5e-05
1747843200004,5e-05
1747857600001,5e-05
1747872000001,5e-05
1747886400000,5e-05
1747900800000,5e-05
1747915200000,5e-05
1747929600002,5e-05
1747944000001,5e-05
1747958400006,5e-05
1747972800000,5e-05
1747987200000,5e-05
1748001600003,5e-05
1748016000007,5e-05
1748030400006,5e-05
1748044800010,5e-05
1748059200000,5e-05
1748073600000,5e-05
1748088000007,5e-05
1748102400003,5e-05
1748116800000,5e-05
1748131200004,5e-05
1748145600001,5e-05
1748160000000,5e-05
1748174400000,5e-05
1748188800000,5e-05
1748203200010,5e-05
1748217600000,5e-05
1748232000000,5e-05
1748246400000,5e-05
1748260800000,5e-05
1748275200002,5e-05
1748289600000,5e-05
1748304000003,5e-05
1748318400000,5e-05
1748332800001,5e-05
1748347200005,5e-05
1748361600005,5e-05
1748376000005,5e-05
1748390400002,5e-05
1748404800010,5e-05
1748419200003,5e-05
1748433600000,5e-05
1748448000002,5e-05
1748462400000,5e-05
1748476800000,5e-05
1748491200000,5e-05
1748505600006,5e-05
1748520000001,5e-05
1748534400000,5e-05
1748548800010,5e-05
1748563200003,5e-05
1748577600000,5e-05
1748592000003,5e-05
1748606400006,5e-05
1748620800000,5e-05
1748635200005,5e-05
1748649600000,-9.67e-06
1748664000004,5e-05
1748678400000,5e-05
1748692800000,2.933e-05
1748707200000,5e-05
1748721600004,5e-05
1748736000001,5e-05
1748750400001,5e-05
1748764800002,5e-05
1748779200008,1.403e-05
1748793600000,5e-05
1748808000003,5e-05
1748822400001,5e-05
1748836800004,5e-05
1748851200000,5e-05
1748865600002,3.957e-05
1748880000000,5e-05
1748894400002,5e-05
1748908800000,5e-05
1748923200001,5e-05
1748937600000,5e-05
1748952000000,5e-05
1748966400001,5e-05
1748980800000,5e-05
1748995200000,5e-05
1749009600001,5e-05
1749024000000,5.58e-06
1749038400000,5e-05
1749052800000,5e-05
1749067200001,5e-05
1749081600016,5e-05
1749096000001,5e-05
1749110400000,5e-05
1749124800003,5e-05
1749139200000,5e-05
1749153600002,5e-05
1749168000002,5e-05
1749182400000,3.551e-05
1749196800000,1.922e-05
1749211200002,5e-05
1749225600006,5e-05
1749240000000,5e-05
1749254400000,5e-05
1749268800000,5e-05
1749283200000,5e-05
1749297600000,5e-05
1749312000002,5e-05
1749326400002,5e-05
1749340800000,5e-05
1749355200000,5e-05
1749369600000,5e-05
1749384000020,5e-05
1749398400000,3.064e-05
1749412800001,5e-05
1749427200000,5e-05
1749441600003,5e-05
1749456000001,4.088e-05
1749470400000,5e-05
1749484800001,5e-05
1749499200012,5e-05
1749513600000,5e-05
1749528000000,5e-05
1749542400001,5e-05
1749556800005,5e-05
1749571200003,5e-05
1749585600010,5e-05
1749600000000,5e-05
1749614400006,5e-05
1749628800000,5e-05
1749643200007,5e-05
1749657600010,5e-05
1749672000012,5e-05
1749686400002,5e-05
1749700800000,5e-05
1749715200003,5e-05
1749729600001,5e-05
1749744000001,5e-05
1749758400003,5e-05
1749772800000,5e-05
1749787200002,5e-05
1749801600001,5e-05
1749816000000,5e-05
1749830400004,5e-05
1749844800001,5e-05
1749859200000,5e-05
1749873600000,5e-05
1749888000000,5e-05
1749902400007,5e-05
1749916800000,5e-05
1749931200005,5e-05
1749945600005,5e-05
1749960000004,5e-05
1749974400009,5e-05
1749988800000,5e-05
1750003200000,5e-05
1750017600000,5e-05
1750032000000,5e-05
1750046400009,5e-05
1750060800000,5e-05
1750075200000,5e-05
1750089600003,5e-05
1750104000000,5e-05
1750118400000,5e-05
1750132800000,5e-05
1750147200006,5e-05
1750161600001,5e-05
1750176000001,5e-05
1750190400000,3.59e-05
1750204800001,5e-05
1750219200001,5e-05
1750233600001,5e-05
1750248000003,5e-05
1750262400001,5e-05
1750276800000,5e-05
1750291200005,5e-05
1750305600005,5e-05
1750320000003,5e-05
1750334400000,5e-05
1750348800000,5e-05
1750363200000,5e-05
1750377600000,5e-05
1750392000017,4.888e-05
1750406400002,5e-05
1750420800002,5e-05
1750435200001,9.87e-06
1750449600000,5e-05
1750464000002,-8.488e-05
1750478400003,5e-05
1750492800005,5e-05
1750507200000,5e-05
1750521600000,5e-05
1750536000002,5e-05
1750550400005,5e-05
1750564800000,5e-05
1750579200000,5e-05
1750593600003,5e-05
1750608000003,4.631e-05
1750622400005,3.121e-05
1750636800000,3.568e-05
1750651200007,2.227e-05
1750665600004,3.769e-05
1750680000001,5e-05
1750694400013,5e-05
1750708800000,5e-05
1750723200003,5e-05
1750737600001,-2.8e-06
1750752000000,5e-05
1750766400001,5e-05
1750780800000,5e-05
1750795200000,5e-05
1750809600005,5e-05
1750824000000,1.615e-05
1750838400000,-8.9e-06
1750852800003,-2.217e-05
1750867200005,5e-05
1750881600002,5e-05
1750896000000,-1.548e-05
1750910400000,2.119e-05
1750924800006,6.2e-07
1750939200005,-1.252e-05
1750953600007,-7.61e-06
1750968000000,5e-05
1750982400000,-1.974e-05
1750996800001,-0.00012579
1751011200000,5e-05
1751025600003,4.897e-05
1751040000009,-4.247e-05
1751054400002,4.156e-05
1751068800001,-1.395e-05
1751083200000,5e-05
1751097600002,5e-05
1751112000000,5e-05
1751126400000,5e-05
1751140800007,5e-05
1751155200004,5e-05
1751169600003,5e-05
1751184000001,5e-05
1751198400003,5e-05
1751212800001,5e-05
1751227200003,2.456e-05
1751241600000,-1.735e-05
1751256000003,5e-05
1751270400005,-4.236e-05
1751284800000,2.73e-06
1751299200002,1.477e-05
1751313600000,-9.517e-05
1751328000007,5e-05
1751342400000,5e-05
1751356800002,5e-05
1751371200000,2.337e-05
1751385600000,5e-05
1751400000000,5e-05
1751414400001,5e-05
1751428800001,5e-05
1751443200000,5e-05
1751457600001,5e-05
1751472000003,5e-05
1751486400000,5e-05
1751500800006,5e-05
1751515200002,5e-05
1751529600003,5e-05
1751544000001,5e-05
1751558400003,5e-05
1751572800000,5e-05
1751587200005,5e-05
1751601600002,5e-05
1751616000003,5e-05
1751630400000,5e-05
1751644800001,5e-05
1751659200000,5e-05
1751673600004,3.457e-05
1751688000005,5e-05
1751702400009,5e-05
1751716800000,5e-05
1751731200006,5e-05
1751745600000,-5.329e-05
1751760000001,5e-05
1751774400000,5e-05
1751788800002,5e-05
1751803200001,-4.794e-05
1751817600004,5e-05
1751832000006,5e-05
1751846400000,-1.09e-05
1751860800000,5e-05
1751875200007,5e-05
1751889600000,5e-05
1751904000000,5e-05
1751918400013,5e-05
1751932800010,5e-05
1751947200000,5e-05
1751961600003,5e-05
1751976000004,7.45e-06
1751990400000,8.08e-06
1752004800002,-3.064e-05
1752019200002,-4.336e-05
1752033600010,5e-05
1752048000006,5e-05
1752062400000,4.394e-05
1752076800001,5e-05
1752091200007,5e-05
1752105600003,5e-05
1752120000001,5e-05
1752134400000,5e-05
1752148800001,5e-05
1752163200004,5e-05
1752177600000,5e-05
1752192000004,5e-05
1752206400001,5e-05
1752220800007,5e-05
1752235200000,5e-05
1752249600001,5e-05
1752264000006,5e-05
1752278400000,5e-05
1752292800005,5e-05
1752307200001,5e-05
1752321600007,5e-05
1752336000002,5e-05
1752350400003,5e-05
1752364800006,5e-05
1752379200001,5e-05
1752393600001,5e-05
1752408000003,5e-05
1752422400003,5e-05
1752436800008,5e-05
1752451200000,5e-05
1752465600000,5e-05
1752480000000,5e-05
1752494400001,5e-05
1752508800000,5e-05
1752523200003,5e-05
1752537600002,5e-05
1752552000008,5e-05
1752566400000,5e-05
1752580800000,5e-05
1752595200000,5e-05
1752609600005,5e-05
1752624000000,5e-05
1752638400000,5e-05
1752652800000,5e-05
1752667200005,5e-05
1752681600008,5e-05
1752696000000,5e-05
1752710400003,5e-05
1752724800000,5e-05
1752739200000,5e-05
1752753600000,5e-05
1752768000000,5e-05
1752782400000,5e-05
1752796800004,5e-05
1752811200000,5e-05
1752825600000,0.0001231
1752840000000,8.345e-05
1752854400000,5e-05
1752868800010,5e-05
1752883200009,5e-05
1752897600000,5e-05
1752912000000,5e-05
1752926400000,5e-05
1752940800002,5e-05
1752955200002,5e-05
1752969600000,5e-05
1752984000007,5e-05
1752998400000,5e-05
1753012800003,5e-05
1753027200000,5e-05
1753041600013,5e-05
1753056000001,5e-05
1753070400001,5e-05
1753084800000,5e-05
1753099200001,5e-05
1753113600001,5e-05
1753128000003,5e-05
1753142400000,5e-05
1753156800001,5e-05
1753171200010,5e-05
1753185600001,5e-05
1753200000007,5e-05
1753214400001,5e-05
1753228800000,5e-05
1753243200010,5.664e-05
1753257600004,5e-05
1753272000002,5e-05
1753286400002,5e-05
1753300800005,5e-05
1753315200000,5e-05
1753329600001,5e-05
1753344000001,5e-05
1753358400000,5e-05
1753372800000,5e-05
1753387200001,5e-05
1753401600000,5e-05
1753416000001,5e-05
1753430400000,5e-05
1753444800000,5e-05
1753459200000,5e-05
1753473600000,5e-05
1753488000001,5e-05
1753502400001,5e-05
1753516800005,5e-05
1753531200004,5e-05
1753545600001,5e-05
1753560000000,5e-05
1753574400001,5e-05
1753588800000,5e-05
1753603200000,5e-05
1753617600000,5e-05
1753632000008,5e-05
1753646400002,5e-05
1753660800005,5e-05
1753675200001,5e-05
1753689600000,5e-05
1753704000000,5e-05
1753718400000,5e-05
1753732800005,5e-05
1753747200001,5e-05
1753761600001,5e-05
1753776000000,5e-05
1753790400001,5e-05
1753804800000,5e-05
1753819200000,5e-05
1753833600011,5e-05
1753848000000,5e-05
1753862400000,5e-05
1753876800003,5e-05
1753891200008,5e-05
1753905600000,5e-05
1753920000000,5e-05
1753934400010,5e-05
1753948800009,5e-05
1753963200003,5e-05
1753977600000,5e-05
1753992000000,5e-05
1754006400001,5e-05
1754020800000,5e-05
1754035200003,5e-05
1754049600001,5e-05
1754064000000,5e-05
1754078400004,5e-05
1754092800004,5e-05
1754107200000,5e-05
1754121600000,5e-05
1754136000005,5e-05
1754150400000,5e-05
1754164800001,5e-05
1754179200000,5e-05
1754193600000,5e-05
1754208000000,5e-05
1754222400001,5e-05
1754236800003,5e-05
1754251200002,5e-05
1754265600004,5e-05
1754280000000,5.574e-05
1754294400000,5e-05
1754308800006,5e-05
1754323200002,5e-05
1754337600007,5e-05
1754352000000,5e-05
1754366400000,5e-05
1754380800000,5e-05
1754395200004,5e-05
1754409600000,5e-05
1754424000003,5e-05
1754438400005,5e-05
1754452800000,5e-05
1754467200000,5e-05
1754481600000,5e-05
1754496000000,5e-05
1754510400000,5e-05
1754524800003,5e-05
1754539200004,5e-05
1754553600002,5e-05
1754568000001,5e-05
1754582400002,5e-05
1754596800001,5e-05
1754611200002,5e-05
1754625600010,0.00079595
1754640000004,9.566e-05
1754654400003,5e-05
1754668800000,0.00035507
1754683200004,0.00030882
1754697600005,8.878e-05
1754712000015,6.602e-05
1754726400000,5e-05
1754740800003,5e-05
1754755200007,5e-05
1754769600000,8.58e-05
1754784000003,5e-05
1754798400006,0.00012315
1754812800005,5e-05
1754827200006,5e-05
1754841600002,5e-05
1754856000000,5e-05
1754870400000,5e-05
1754884800000,5e-05
1754899200000,6.255e-05
1754913600000,5e-05
1754928000000,5e-05
1754942400000,5e-05
1754956800000,5e-05
1754971200001,5e-05
1754985600001,5e-05
1755000000000,8.452e-05
1755014400005,5e-05
1755028800000,5e-05
1755043200000,0.00024118
1755057600000,9.29e-05
1755072000002,0.00011345
1755086400000,0.00023627
1755100800006,0.00015472
1755115200001,5e-05
1755129600002,5e-05
1755144000009,0.00026583
1755158400003,0.00018183
1755172800001,0.00016175
1755187200000,5e-05
1755201600002,5e-05
1755216000000,5e-05
1755230400000,5e-05
1755244800000,5e-05
1755259200001,5e-05
1755273600000,5e-05
1755288000007,5e-05
1755302400004,5e-05
1755316800000,5e-05
1755331200000,0.00015671
1755345600004,9.199e-05
1755360000002,5e-05
1755374400006,5e-05
1755388800000,5e-05
1755403200000,7.698e-05
1755417600001,5e-05
1755432000002,5e-05
1755446400007,5.914e-05
1755460800001,9.922e-05
1755475200000,5e-05
1755489600010,5e-05
1755504000001,5e-05
1755518400002,5e-05
1755532800002,5e-05
1755547200007,5e-05
1755561600000,5e-05
1755576000000,5e-05
1755590400001,5e-05
1755604800001,5e-05
1755619200000,5e-05
1755633600000,5e-05
1755648000000,5e-05
1755662400000,5e-05
1755676800000,5e-05
1755691200002,5e-05
1755705600000,5e-05
1755720000001,5e-05
1755734400006,5e-05
1755748800003,5e-05
1755763200000,5.156e-05
1755777600009,5e-05
1755792000003,5e-05
1755806400000,5e-05
1755820800010,5e-05
1755835200003,5e-05
1755849600007,5e-05
1755864000001,5e-05
1755878400001,5e-05
1755892800004,5e-05
1755907200004,5e-05
1755921600000,5e-05
1755936000006,5e-05
1755950400000,5e-05
1755964800000,5e-05
1755979200005,5e-05
1755993600001,5e-05
1756008000000,7.508e-05
1756022400002,5e-05
1756036800003,5e-05
1756051200001,5e-05
1756065600008,5e-05
1756080000000,5e-05
1756094400001,5e-05
1756108800002,5e-05
1756123200000,0.00019797
1756137600002,5e-05
1756152000003,5e-05
1756166400000,5e-05
1756180800007,5e-05
1756195200000,5e-05
1756209600001,5e-05
1756224000000,5e-05
1756238400000,5e-05
1756252800003,5e-05
1756267200000,5e-05
1756281600000,5e-05
1756296000003,5e-05
1756310400009,5e-05
1756324800001,5e-05
1756339200000,5e-05
1756353600000,5e-05
1756368000005,5e-05
1756382400000,5e-05
1756396800004,5e-05
1756411200003,5e-05
1756425600000,5e-05
1756440000008,5e-05
1756454400000,5e-05
1756468800010,5e-05
1756483200005,6.074e-05
1756497600000,5e-05
1756512000000,5e-05
1756526400000,5e-05
1756540800002,5e-05
1756555200006,5e-05
1756569600003,5e-05
1756584000000,5e-05
1756598400016,0.00014157
1756612800000,5e-05
1756627200000,5e-05
1756641600003,5e-05
1756656000001,5e-05
1756670400000,5e-05
1756684800000,5e-05
1756699200005,5e-05
1756713600000,5e-05
1756728000014,5e-05
1756742400001,5e-05
1756756800008,5e-05
1756771200000,5e-05
1756785600009,5e-05
1756800000005,5e-05
1756814400003,5e-05
1756828800007,5e-05
1756843200001,5e-05
1756857600006,5e-05
1756872000003,5e-05
1756886400002,5e-05
1756900800000,5e-05
1756915200002,5e-05
1756929600006,5e-05
1756944000002,5e-05
1756958400000,6.438e-05
1756972800000,5e-05
1756987200002,5e-05
1757001600000,5e-05
1757016000000,5e-05
1757030400001,5e-05
1757044800000,5e-05
1757059200006,5e-05
1757073600001,5e-05
1757088000000,5e-05
1757102400000,5e-05
1757116800000,5e-05
1757131200000,5e-05
1757145600005,5e-05
1757160000000,5e-05
1757174400000,5e-05
1757188800001,5e-05
1757203200000,5e-05
1757217600008,5e-05
1757232000000,5e-05
1757246400000,5e-05
1757260800000,5e-05
1757275200003,5e-05
1757289600007,5e-05
1757304000008,5e-05
1757318400000,5e-05
1757332800005,5e-05
1757347200000,5e-05
1757361600001,5e-05
1757376000000,5e-05
1757390400000,5e-05
1757404800000,5e-05
1757419200004,5e-05
1757433600000,5e-05
1757448000000,5e-05
1757462400000,5e-05
1757476800001,5e-05
1757491200002,5e-05
1757505600004,5e-05
1757520000000,5e-05
1757534400007,5e-05
1757548800000,5e-05
1757563200003,5e-05
1757577600000,5e-05
1757592000005,5e-05
1757606400001,5e-05
1757620800001,5e-05
1757635200002,5e-05
1757649600004,5e-05
1757664000001,5e-05
1757678400001,5e-05
1757692800005,5e-05
1757707200000,5e-05
1757721600005,5.565e-05
1757736000002,7.638e-05
1757750400002,5e-05
1757764800005,0.00028593
1757779200000,6.123e-05
1757793600001,0.00022937
1757808000006,6.275e-05
1757822400001,0.00020128
1757836800000,6.553e-05
1757851200004,5e-05
1757865600001,5e-05
1757880000000,5e-05
1757894400006,0.0001815
1757908800000,5e-05
1757923200002,5e-05
1757937600003,5e-05
1757952000001,5e-05
1757966400001,5e-05
1757980800001,5e-05
1757995200000,5e-05
1758009600000,5e-05
1758024000002,5e-05
1758038400000,5e-05
1758052800004,5e-05
1758067200001,5e-05
1758081600004,5e-05
1758096000000,5e-05
1758110400000,5e-05
1758124800003,5e-05
1758139200000,5e-05
1758153600006,5e-05
1758168000001,6.589e-05
1758182400002,5e-05
1758196800000,5e-05
1758211200000,5e-05
1758225600008,5e-05
1758240000000,5e-05
1758254400003,5e-05
1758268800005,5e-05
1758283200000,5e-05
1758297600000,5e-05
1758312000004,5e-05
1758326400000,0.00022542
1758340800000,0.00028395
1758355200000,0.00038589
1758369600008,5e-05
1758384000002,5e-05
1758398400000,5e-05
1758412800000,5e-05
1758427200002,5e-05
1758441600000,5e-05
1758456000002,5e-05
1758470400000,5e-05
1758484800000,5e-05
1758499200005,5e-05
1758513600000,5e-05
1758528000003,5e-05
1758542400005,5e-05
1758556800000,5e-05
1758571200001,5e-05
1758585600000,5e-05
1758600000012,5e-05
1758614400001,5e-05
1758628800000,5e-05
1758643200000,5e-05
1758657600001,5e-05
1758672000003,5e-05
1758686400000,5e-05
1758700800001,5e-05
1758715200001,5.408e-05
1758729600002,7.839e-05
1758744000001,5e-05
1758758400000,5e-05
1758772800000,5.879e-05
1758787200001,5e-05
1758801600000,5e-05
1758816000000,5e-05
1758830400000,5e-05
1758844800000,5e-05
1758859200002,5e-05
1758873600000,5e-05
1758888000000,5e-05
1758902400008,5e-05
1758916800005,5e-05
1758931200000,5e-05
1758945600000,5e-05
1758960000010,0.00010024
1758974400003,0.00013269
1758988800003,5e-05
1759003200002,9.916e-05
1759017600000,5e-05
1759032000002,5e-05
1759046400000,6.183e-05
1759060800000,6.78e-05
1759075200000,0.00018344
1759089600004,0.00015022
1759104000000,0.00012737
1759118400000,5.013e-05
1759132800002,5e-05
1759147200000,5e-05
1759161600001,5e-05
1759176000000,5e-05
1759190400002,5.041e-05
1759204800000,5e-05
1759219200005,5e-05
1759233600000,5e-05
1759248000000,5e-05
1759262400000,5e-05
1759276800000,5e-05
1759291200008,5e-05
1759305600000,5e-05
1759320000007,5e-05
1759334400000,5e-05
1759348800001,5.166e-05
1759363200000,5e-05
1759377600001,6.192e-05
1759392000013,5e-05
1759406400000,5e-05
1759420800000,5.996e-05
1759435200000,5e-05
1759449600006,5e-05
1759464000000,5e-05
1759478400006,6.255e-05
1759492800000,0.00011501
1759507200000,5e-05
1759521600002,5e-05
1759536000001,0.00011565
1759550400006,0.00017911
1759564800000,0.00024257
1759579200000,5e-05
1759593600000,6.773e-05
1759608000003,0.00014346
1759622400000,0.00024902
1759636800000,0.00016528
1759651200003,0.00044328
1759665600000,0.00021333
1759680000009,0.00044455
1759694400004,0.00018231
1759708800004,0.0006967
1759723200003,5e-05
1759737600002,5e-05
1759752000000,8.14e-05
1759766400004,0.0005973
1759780800002,5e-05
1759795200000,5e-05
1759809600001,5e-05
1759824000003,5e-05
1759838400005,5e-05
1759852800000,5e-05
1759867200002,5e-05
1759881600000,5e-05
1759896000002,5e-05
1759910400006,5e-05
1759924800003,5e-05
1759939200002,0.00010409
1759953600000,0.00025157
1759968000001,0.00029327
1759982400003,0.00022321
1759996800000,0.00012147
1760011200002,0.00015117
1760025600000,0.00011645
1760040000010,0.0002188
1760054400005,0.00015596
1760068800001,5e-05
1760083200002,0.00015605
1760097600004,5e-05
1760112000014,6.413e-05
1760126400003,0.00015334
1760140800000,-0.00044082
1760155200000,5e-05
1760169600003,5e-05
1760184000003,1.277e-05
1760198400000,2.655e-05
1760212800001,5e-05
1760227200004,5e-05
1760241600001,-5.385e-05
1760256000002,-0.00024429
1760270400001,-0.00058181
1760284800000,-0.00020534
1760299200000,-1.955e-05
1760313600003,1.293e-05
1760328000000,-0.00019899
1760342400002,-7.806e-05
1760356800001,2.597e-05
1760371200003,-6.841e-05
1760385600002,3.916e-05
1760400000000,5e-05
1760414400000,1.857e-05
1760428800000,-0.0002317
1760443200000,-0.00029902
1760457600000,5e-05
1760472000000,8.1e-07
1760486400006,3.269e-05
1760500800001,1.217e-05
1760515200002,-1.198e-05
1760529600005,-7.88e-06
1760544000000,-7.598e-05
1760558400004,3.356e-05
1760572800000,5e-05
1760587200000,5e-05
1760601600003,5e-05
1760616000000,-3.831e-05
1760630400002,5e-05
1760644800003,5e-05
1760659200001,5e-05
1760673600001,5e-05
1760688000005,5e-05
1760702400000,5e-05
1760716800003,5e-05
1760731200004,5e-05
1760745600000,5e-05
1760760000000,5e-05
1760774400002,5e-05
1760788800007,5e-05
1760803200001,5e-05
1760817600000,5e-05
1760832000001,5e-05
1760846400000,5e-05
1760860800001,5e-05
1760875200000,5e-05
1760889600001,5e-05
1760904000000,5e-05
1760918400004,5e-05
1760932800000,5e-05
1760947200001,5e-05
1760961600000,5e-05
1760976000000,5e-05
1760990400000,5e-05
1761004800009,5e-05
1761019200003,5e-05
1761033600000,5e-05
1761048000000,5e-05
1761062400000,5e-05
1761076800001,5e-05
1761091200004,5e-05
1761105600000,5e-05
1761120000000,5e-05
1761134400000,5e-05
1761148800000,5e-05
1761163200004,5e-05
1761177600000,5e-05
1761192000000,5e-05
1761206400001,5e-05
1761220800000,5e-05
1761235200004,5e-05
1761249600000,5e-05
1761264000000,5e-05
1761278400002,5e-05
1761292800000,5e-05
1761307200002,5e-05
1761321600009,5e-05
1761336000000,5e-05
1761350400000,5e-05
1761364800000,5e-05
1761379200001,5e-05
1761393600000,5e-05
1761408000001,5e-05
1761422400002,5e-05
1761436800001,5e-05
1761451200000,5e-05
1761465600001,5e-05
1761480000002,5e-05
1761494400000,5e-05
1761508800000,5e-05
1761523200000,5e-05
1761537600000,5e-05
1761552000005,5e-05
1761566400003,5e-05
1761580800000,5e-05
1761595200001,5e-05
1761609600000,4.947e-05
1761624000004,5e-05
1761638400000,5e-05
1761652800000,5e-05
1761667200004,5e-05
1761681600004,5e-05
1761696000004,5e-05
1761710400005,5e-05
1761724800005,5e-05
1761739200011,5e-05
1761753600000,5e-05
1761768000008,5e-05
1761782400004,5e-05
1761796800001,5e-05
1761811200008,7.35e-06
1761825600006,3.52e-06
1761840000001,2.687e-05
1761854400000,5e-05
1761868800000,-1.411e-05
1761883200000,5e-05
1761897600008,5e-05
1761912000008,5e-05
1761926400007,5e-05
1761940800001,5e-05
1761955200001,5e-05
1761969600000,5e-05
1761984000000,5e-05
1761998400000,5e-05
1762012800000,5e-05
1762027200003,5e-05
1762041600007,5e-05
1762056000002,5e-05
1762070400000,5e-05
1762084800001,5e-05
1762099200001,5e-05
1762113600001,5e-05
1762128000000,5e-05
1762142400003,5e-05
1762156800010,5e-05
1762171200002,5e-05
1762185600000,5e-05
1762200000008,5e-05
1762214400002,5e-05
1762228800000,5e-05
1762243200004,5e-05
1762257600000,5e-05
1762272000000,5e-05
1762286400001,5e-05
1762300800000,5e-05
1762315200005,5e-05
1762329600000,5e-05
1762344000000,5e-05
1762358400004,5e-05
1762372800001,5e-05
1762387200001,5e-05
1762401600009,5e-05
1762416000000,5e-05
1762430400001,5e-05
1762444800001,5e-05
1762459200006,5e-05
1762473600005,5e-05
1762488000000,5e-05
1762502400003,5e-05
1762516800005,5e-05
1762531200005,5e-05
1762545600000,5e-05
1762560000011,5e-05
1762574400001,5e-05
1762588800015,5e-05
1762603200000,5e-05
1762617600001,5e-05
1762632000006,5e-05
1762646400004,5e-05
1762660800000,5e-05
1762675200000,5e-05
1762689600000,5e-05
1762704000005,5e-05
1762718400010,5e-05
1762732800000,5e-05
1762747200005,5e-05
1762761600000,5e-05
1762776000003,5e-05
1762790400003,5e-05
1762804800000,5e-05
1762819200007,5e-05
1762833600003,5e-05
1762848000000,5e-05
1762862400002,5e-05
1762876800009,5e-05
1762891200000,5e-05
1762905600000,5e-05
1762920000000,5e-05
1762934400002,5e-05
1762948800000,5e-05
1762963200000,5e-05
1762977600001,5e-05
1762992000002,5e-05
1763006400000,5e-05
1763020800000,5e-05
1763035200001,5e-05
1763049600001,5e-05
1763064000004,5e-05
1763078400000,5e-05
1763092800000,5e-05
1763107200000,5e-05
1763121600001,5e-05
1763136000001,5e-05
1763150400000,5e-05
1763164800005,5e-05
1763179200015,5e-05
1763193600000,5e-05
1763208000008,5e-05
1763222400001,5e-05
1763236800003,5e-05
1763251200001,5e-05
1763265600003,5e-05
1763280000000,5e-05
1763294400003,5e-05
1763308800000,5e-05
1763323200000,5e-05
1763337600003,5e-05
1763352000001,5e-05
1763366400003,5e-05
1763380800000,5e-05
1763395200000,5e-05
1763409600003,5e-05
1763424000002,5e-05
1763438400000,5e-05
1763452800004,5e-05
1763467200000,5e-05
1763481600000,5e-05
1763496000002,5e-05
1763510400000,5e-05
1763524800000,5e-05
1763539200000,5e-05
1763553600000,5e-05
1763568000008,5e-05
1763582400000,5e-05
1763596800000,5e-05
1763611200006,5e-05
1763625600000,5e-05
1763640000003,5e-05
1763654400000,5e-05
1763668800002,5e-05
1763683200001,5e-05
1763697600000,5e-05
1763712000000,5e-05
1763726400001,5e-05
1763740800001,5e-05
1763755200000,5e-05
1763769600004,5e-05
1763784000000,5e-05
1763798400000,5e-05
1763812800000,5e-05
1763827200000,5e-05
1763841600001,5e-05
1763856000000,5e-05
1763870400000,5e-05
1763884800008,5e-05
1763899200000,5e-05
1763913600003,5e-05
1763928000003,5e-05
1763942400004,5e-05
1763956800000,5e-05
1763971200000,5e-05
1763985600000,5e-05
1764000000006,5e-05
1764014400003,5e-05
1764028800000,5e-05
1764043200000,5e-05
1764057600009,5e-05
1764072000002,5e-05
1764086400007,5e-05
1764100800009,5e-05
1764115200001,5e-05
1764129600006,5e-05
1764144000001,5e-05
1764158400001,5e-05
1764172800000,5e-05
1764187200001,5e-05
1764201600013,5e-05
1764216000007,5e-05
1764230400000,5e-05
1764244800002,5e-05
1764259200004,5e-05
1764273600004,5e-05
1764288000008,5e-05
1764302400000,5e-05
1764316800000,5e-05
1764331200004,5e-05
1764345600008,5e-05
1764360000010,5e-05
1764374400000,5e-05
1764388800002,5e-05
1764403200005,5e-05
1764417600003,5e-05
1764432000001,5e-05
1764446400000,5e-05
1764460800003,5e-05
1764475200004,5e-05
1764489600000,5e-05
1764504000000,5e-05
1764518400004,5e-05
1764532800006,5e-05
1764547200000,5e-05
1764561600000,5e-05
1764576000004,5e-05
1764590400000,5e-05
1764604800000,5e-05
1764619200000,5e-05
1764633600004,5e-05
1764648000000,5e-05
1764662400000,5e-05
1764676800004,5e-05
1764691200000,5e-05
1764705600000,5e-05
1764720000000,5e-05
1764734400004,5e-05
1764748800000,5e-05
1764763200001,5e-05
1764777600005,5e-05
1764792000002,5e-05
1764806400012,5e-05
1764820800000,5e-05
1764835200000,5e-05
1764849600005,5e-05
1764864000011,5e-05
1764878400000,5e-05
1764892800000,5e-05
1764907200000,5e-05
1764921600000,5e-05
1764936000001,5e-05
1764950400010,5e-05
1764964800001,5e-05
1764979200001,5e-05
1764993600000,5e-05
1765008000001,5e-05
1765022400000,5e-05
1765036800008,5e-05
1765051200000,5e-05
1765065600000,5e-05
1765080000000,5e-05
1765094400004,5e-05
1765108800004,5e-05
1765123200000,5e-05
1765137600000,5e-05
1765152000000,5e-05
1765166400000,5e-05
1765180800000,5e-05
1765195200001,5e-05
1765209600001,5e-05
1765224000000,5e-05
1765238400001,5e-05
1765252800004,5e-05
1765267200001,5e-05
1765281600000,5e-05
1765296000007,5e-05
1765310400001,5e-05
1765324800007,5e-05
1765339200012,5e-05
1765353600002,5e-05
1765368000000,5e-05
1765382400012,5e-05
1765396800000,5e-05
1765411200001,5e-05
1765425600000,5e-05
1765440000000,5e-05
1765454400000,5e-05
1765468800000,5e-05
1765483200001,5e-05
1765497600005,5e-05
1765512000000,5e-05
1765526400007,5e-05
1765540800000,5e-05
1765555200002,5e-05
1765569600004,5e-05
1765584000001,5e-05
1765598400006,5e-05
1765612800006,5e-05
1765627200002,5e-05
1765641600000,5e-05
1765656000000,5e-05
1765670400000,5e-05
1765684800001,5e-05
1765699200003,5e-05
1765713600000,5e-05
1765728000005,5e-05
1765742400000,5e-05
1765756800000,5e-05
1765771200001,5e-05
1765785600000,5e-05
1765800000000,5e-05
1765814400000,5e-05
1765828800000,5e-05
1765843200002,5e-05
1765857600000,5e-05
1765872000000,5e-05
1765886400008,5e-05
1765900800002,5e-05
1765915200000,5e-05
1765929600004,5e-05
1765944000002,5e-05
1765958400000,5e-05
1765972800000,5e-05
1765987200000,5e-05
1766001600001,5e-05
1766016000005,5e-05
1766030400000,5e-05
1766044800007,5e-05
1766059200000,5e-05
1766073600001,5e-05
1766088000000,5e-05
1766102400000,5e-05
1766116800000,5e-05
1766131200001,5e-05
1766145600000,5e-05
1766160000000,5e-05
1766174400000,5e-05
1766188800005,5e-05
1766203200001,5e-05
1766217600000,5e-05
1766232000000,5e-05
1766246400002,5e-05
1766260800009,5e-05
1766275200000,5e-05
1766289600003,5e-05
1766304000009,5e-05
1766318400000,5e-05
1766332800000,5e-05
1766347200009,5e-05
1766361600000,5e-05
1766376000000,5e-05
1766390400005,5e-05
1766404800002,5e-05
1766419200009,5e-05
1766433600001,5e-05
1766448000000,5e-05
1766462400000,5e-05
1766476800000,5e-05
1766491200000,5e-05
1766505600001,5e-05
1766520000005,5e-05
1766534400001,5e-05
1766548800000,5e-05
1766563200001,5e-05
1766577600002,5e-05
1766592000000,5e-05
1766606400003,5e-05
1766620800000,5e-05
1766635200000,5e-05
1766649600001,5e-05
1766664000008,5e-05
1766678400005,5e-05
1766692800001,5e-05
1766707200004,5e-05
1766721600005,5e-05
1766736000001,5e-05
1766750400000,5e-05
1766764800007,5e-05
1766779200000,5e-05
1766793600000,5e-05
1766808000000,5e-05
1766822400000,5e-05
1766836800000,5e-05
1766851200011,5e-05
1766865600003,5e-05
1766880000008,5e-05
1766894400000,5e-05
1766908800000,5e-05
1766923200010,5e-05
1766937600000,5e-05
1766952000002,5e-05
1766966400016,5e-05
1766980800000,5e-05
1766995200001,5e-05
1767009600001,5e-05
1767024000000,5e-05
1767038400000,5e-05
1767052800005,5e-05
1767067200012,5e-05
1767081600001,5e-05
1767096000000,5e-05
1767110400003,5e-05
1767124800001,5e-05
1767139200004,5e-05
1767153600008,5e-05
1767168000001,5e-05
1767182400007,5e-05
1767196800001,5e-05
1767211200009,5e-05
1767225600008,5e-05
1767240000000,5e-05
1767254400002,5e-05
1767268800007,5e-05
1767283200001,5e-05
1767297600005,5e-05
1767312000006,5e-05
1767326400000,5e-05
1767340800007,5e-05
1767355200000,5e-05
1767369600000,5e-05
1767384000000,5e-05
1767398400001,5e-05
1767412800000,5e-05
1767427200000,5e-05
1767441600008,5e-05
1767456000000,5e-05
1767470400001,5e-05
1767484800000,5e-05
1767499200000,5e-05
1767513600000,5e-05
1767528000001,5e-05
1767542400001,5e-05
1767556800002,5e-05
1767571200000,5e-05
1767585600001,5e-05
1767600000000,5e-05
1767614400000,5e-05
1767628800000,5e-05
1767643200000,5e-05
1767657600010,5e-05
1767672000000,5e-05
1767686400000,5e-05
1767700800000,5e-05
1767715200000,5e-05
1767729600002,5e-05
1767744000001,5e-05
1767758400003,5e-05
1767772800001,5e-05
1767787200000,5e-05
1767801600001,5e-05
1767816000001,5e-05
1767830400001,5e-05
1767844800000,5e-05
1767859200000,5e-05
1767873600002,5e-05
1767888000000,5e-05
1767902400000,5e-05
1767916800003,5e-05
1767931200000,5e-05
1767945600000,5e-05
1767960000000,5e-05
1767974400001,5e-05
1767988800005,5e-05
1768003200000,5e-05
1768017600000,5e-05
1768032000002,5e-05
1768046400000,5e-05
1768060800001,5e-05
1768075200014,5e-05
1768089600003,5e-05
1768104000000,5e-05
1768118400006,5e-05
1768132800000,5e-05
1768147200000,5e-05
1768161600002,5e-05
1768176000005,5e-05
1768190400008,5e-05
1768204800000,5e-05
1768219200000,5e-05
1768233600000,5e-05
1768248000000,5e-05
1768262400007,5e-05
1768276800000,5e-05
1768291200009,5e-05
1768305600000,5e-05
1768320000002,5e-05
1768334400003,5e-05
1768348800000,5e-05
1768363200001,5e-05
1768377600001,5e-05
1768392000000,5e-05
1768406400004,5e-05
1768420800007,5e-05
1768435200000,5e-05
1768449600008,5e-05
1768464000004,5e-05
1768478400000,5e-05
1768492800002,5e-05
1768507200000,5e-05
1768521600000,5e-05
1768536000000,5e-05
1768550400000,5e-05
1768564800001,5e-05
1768579200001,5e-05
1768593600003,5e-05
1768608000000,5e-05
1768622400000,5e-05
1768636800000,5e-05
1768651200000,5e-05
1768665600002,5e-05
1768680000002,5e-05
1768694400001,5e-05
1768708800002,5e-05
1768723200000,5e-05
1768737600000,5e-05
1768752000000,5e-05
1768766400011,5e-05
1768780800007,5e-05
1768795200002,5e-05
1768809600007,5e-05
1768824000000,5e-05
1768838400007,5e-05
1768852800000,5e-05
1768867200005,5e-05
1768881600008,5e-05
1768896000001,5e-05
1768910400007,5e-05
1768924800009,5e-05
1768939200002,5e-05
1768953600001,5e-05
1768968000009,5e-05
1768982400011,5e-05
1768996800000,5e-05
1769011200011,5e-05
1769025600000,5e-05
1769040000010,5e-05
1769054400011,5e-05
1769068800003,5e-05
1769083200000,5e-05
1769097600005,5e-05
1769112000000,5e-05
1769126400005,5e-05
1769140800000,5e-05
1769155200000,5e-05
1769169600002,5e-05
1769184000011,5e-05
1769198400000,5e-05
1769212800011,5e-05
1769227200008,5e-05
1769241600002,5e-05
1769256000000,5e-05
1769270400001,5e-05
1769284800008,5e-05
1769299200002,5e-05
1769313600000,5e-05
1769328000011,5e-05
1769342400000,5e-05
1769356800005,5e-05
1769371200001,5e-05
1769385600000,5e-05
1769400000000,5e-05
1769414400003,5e-05
1769428800000,5e-05
1769443200000,5e-05
1769457600000,5e-05
1769472000002,5e-05
1769486400002,5e-05
1769500800000,5e-05
1769515200006,5e-05
1769529600000,5e-05
1769544000000,5e-05
1769558400000,5e-05
1769572800008,5e-05
1769587200000,5e-05
1769601600005,5e-05
1769616000000,5e-05
1769630400004,5e-05
1769644800000,5e-05
1769659200000,5e-05
1769673600009,5e-05
1769688000000,5e-05
1769702400000,5e-05
1769716800004,5e-05
1769731200008,5e-05
1769745600005,5e-05
1769760000000,5e-05
1769774400005,5e-05
1769788800001,5e-05
1769803200004,5e-05
1769817600000,5e-05
1769832000002,5e-05
1769846400001,5e-05
1769860800010,5e-05
1769875200009,5e-05
1769889600012,5e-05
1769904000001,5e-05
1769918400000,5e-05
1769932800004,5e-05
1769947200004,5e-05
1769961600000,5e-05
1769976000004,5e-05
1769990400000,5e-05
1770004800000,5e-05
1770019200014,5e-05
1770033600009,5e-05
1770048000000,5e-05
1770062400000,5e-05
1770076800000,5e-05
1770091200001,5e-05
1770105600007,5e-05
1770120000006,5e-05
1770134400000,5e-05
1770148800009,5e-05
1770163200002,5e-05
1770177600004,5e-05
1770192000007,5e-05
1770206400010,5e-05
1770220800000,5e-05
1770235200001,5e-05
1770249600011,5e-05
1770264000001,5e-05
1770278400000,5e-05
1770292800006,5e-05
1770307200007,5e-05
1770321600000,5e-05
1770336000000,5e-05
1770350400001,5e-05
1770364800001,5e-05
1770379200003,5e-05
1770393600000,5e-05
1770408000005,5e-05
1770422400003,5e-05
1770436800024,5e-05
1770451200000,5e-05
1770465600007,5e-05
1770480000010,5e-05
1770494400000,5e-05
1770508800003,5e-05
1770523200002,5e-05
1770537600000,5e-05
1770552000005,5e-05
1770566400000,5e-05
1770580800000,5e-05
1770595200002,5e-05
1770609600012,5e-05
1770624000001,5e-05
1770638400003,5e-05
1770652800007,5e-05
1770667200006,5e-05
1770681600000,5e-05
1770696000000,5e-05
1770710400007,5e-05
1770724800000,5e-05
1770739200000,5e-05
1770753600007,5e-05
1770768000000,5e-05
1770782400000,5e-05
1770796800006,5e-05
1770811200000,5e-05
1770825600000,5e-05
1770840000003,5e-05
1770854400000,5e-05
1770868800000,5e-05
1770883200001,5e-05
1770897600002,5e-05
1770912000001,5e-05
1770926400006,5e-05
1770940800007,5e-05
1770955200000,5e-05
1770969600003,5e-05
1770984000000,5e-05
1770998400005,5e-05
1771012800006,5e-05
1771027200002,5e-05
1771041600007,5e-05
1771056000004,5e-05
1771070400000,5e-05
1771084800002,5e-05
1771099200000,5e-05
1771113600000,5e-05
1771128000000,5e-05
1771142400002,5e-05
1771156800005,5e-05
1771171200000,5e-05
1771185600009,5e-05
1771200000001,5e-05
1771214400004,5e-05
1771228800003,5e-05
1771243200000,5e-05
1771257600000,5e-05
1771272000009,5e-05
1771286400008,5e-05
1771300800003,5e-05
1771315200001,5e-05
1771329600000,5e-05
1771344000002,5e-05
1771358400002,5e-05
1771372800000,5e-05
1771387200000,5e-05
1771401600000,5e-05
1771416000007,5e-05
1771430400011,5e-05
1771444800004,5e-05
1771459200013,5e-05
1771473600003,5e-05
1771488000000,5e-05
1771502400011,5e-05
1771516800003,5e-05
1771531200000,5e-05
1771545600000,5e-05
1771560000003,5e-05
1771574400000,5e-05
1771588800000,5e-05
1771603200000,5e-05
1771617600000,5e-05
1771632000004,5e-05
1771646400000,5e-05
1771660800000,5e-05
1771675200013,5e-05
1771689600005,5e-05
1771704000000,5e-05
1771718400001,5e-05
1771732800008,5e-05
1771747200004,5e-05
1771761600008,5e-05
1771776000000,5e-05
1771790400000,5e-05
1771804800001,5e-05
1771819200000,5e-05
1771833600000,5e-05
1771848000003,5e-05
1771862400000,5e-05
1771876800000,5e-05
1771891200007,5e-05
1771905600000,5e-05
1771920000000,5e-05
1771934400000,5e-05
1771948800001,5e-05
1771963200002,5e-05
1771977600001,5e-05
1771992000000,5e-05
1772006400007,5e-05
1772020800000,5e-05
1772035200000,5e-05
1772049600006,5e-05
1772064000000,5e-05
1772078400000,5e-05
1772092800006,5e-05
1772107200004,5e-05
1772121600002,5e-05
1772136000001,5e-05
1772150400007,5e-05
1772164800000,5e-05
1772179200000,5e-05
1772193600000,5e-05
1772208000001,5e-05
1772222400007,5e-05
1772236800000,5e-05
1772251200002,5e-05
1772265600000,5e-05
1772280000001,5e-05
1772294400004,5e-05
1772308800000,5e-05
1772323200005,5e-05
1772337600000,5e-05
1772352000000,5e-05
1772366400000,5e-05
1772380800002,5e-05
1772395200001,5e-05
1772409600001,5e-05
1772424000001,5e-05
1772438400007,5e-05
1772452800002,5e-05
1772467200000,5e-05
1772481600000,5e-05
1772496000000,5e-05
1772510400009,5e-05
1772524800000,5e-05
1772539200017,5e-05
1772553600007,5e-05
1772568000000,5e-05
1772582400001,5e-05
1772596800000,5e-05
1772611200005,5e-05
1772625600008,5e-05
1772640000000,5e-05
1772654400000,5e-05
1772668800000,5e-05
1772683200000,5e-05
1772697600000,5e-05
1772712000000,5e-05
1772726400004,5e-05
1772740800000,5e-05
1772755200001,5e-05
1772769600003,5e-05
1772784000001,5e-05
1772798400005,5e-05
1772812800004,5e-05
1772827200010,5e-05
1772841600001,5e-05
1772856000006,5e-05
1772870400012,5e-05
1772884800000,5e-05
1772899200001,5e-05
1772913600000,5e-05
1772928000001,5e-05
1772942400010,5e-05
1772956800000,5e-05
1772971200002,5e-05
1772985600002,5e-05
1773000000000,5e-05
1773014400000,5e-05
1773028800006,5e-05
1773043200004,5e-05
1773057600001,5e-05
1773072000003,5e-05
1773086400000,5e-05
1773100800012,5e-05
1773115200000,5e-05
1773129600002,5e-05
1773144000004,5e-05
1773158400001,5e-05
1773172800004,5e-05
1773187200000,5e-05
1773201600000,5e-05
1773216000007,5e-05
1773230400003,5e-05
1773244800010,5e-05
1773259200004,5e-05
1773273600000,5e-05
1773288000001,5e-05
1773302400000,5e-05
1773316800006,5e-05
1773331200000,5e-05
1773345600006,5e-05
1773360000006,5e-05
1773374400005,5e-05
1773388800001,5e-05
1773403200003,5e-05
1773417600000,5e-05
1773432000000,5e-05
1773446400001,5e-05
1773460800002,5e-05
1773475200000,5e-05
1773489600000,5e-05
1773504000007,5e-05
1773518400000,5e-05
1773532800000,5e-05
1773547200000,5e-05
1773561600000,5e-05
1773576000002,5e-05
1773590400000,5e-05
1773604800000,5e-05
1773619200000,5e-05
1773633600006,5e-05
1773648000010,5e-05
1773662400002,5e-05
1773676800000,5e-05
1773691200001,5e-05
1773705600000,5e-05
1773720000008,5e-05
1773734400002,5e-05
1773748800012,5e-05
1773763200011,5e-05
1773777600000,5e-05
1773792000002,5e-05
1773806400000,5e-05
1773820800002,5e-05
1773835200001,5e-05
1773849600005,5e-05
1773864000008,5e-05
1773878400000,5e-05
1773892800000,5e-05
1773907200003,5e-05
1773921600002,5e-05
1773936000003,5e-05
1773950400000,5e-05
1773964800002,5e-05
1773979200008,5e-05
1773993600000,5e-05
1774008000000,5e-05
1774022400000,5e-05
1774036800007,5e-05
1774051200000,5e-05
1774065600002,5e-05
1774080000000,5e-05
1774094400003,5e-05
1774108800014,5e-05
1774123200000,5e-05
1774137600012,5e-05
1774152000003,5e-05
1774166400007,5e-05
1774180800000,5e-05
1774195200002,5e-05
1774209600000,5e-05
1774224000000,5e-05
1774238400000,5e-05
1774252800003,5e-05
1774267200000,5e-05
1774281600002,5e-05
1774296000000,5e-05
1774310400000,5e-05
1774324800001,5e-05
1774339200000,5e-05
1774353600000,5e-05
1774368000003,5e-05
1774382400000,5e-05
1774396800000,5e-05
1774411200000,5e-05
1774425600000,5e-05
1774440000005,5e-05
1774454400013,5e-05
1774468800001,5e-05
1774483200001,5e-05
1774497600002,5e-05
1774512000001,5e-05
1774526400000,5e-05
1774540800000,5e-05
1774555200003,5e-05
1774569600006,5e-05
1774584000001,5e-05
1774598400000,5e-05
1774612800002,5e-05
1774627200000,5e-05
1774641600000,5e-05
1774656000005,5e-05
1774670400003,5e-05
1774684800005,5e-05
1774699200006,5e-05
1774713600000,5e-05
1774728000003,5e-05
1774742400003,5e-05
1774756800000,5e-05
1774771200001,5e-05
1774785600000,5e-05
1774800000000,5e-05
1774814400000,5e-05
1774828800000,5e-05
1774843200012,5e-05
1774857600005,5e-05
1774872000005,5e-05
1774886400000,5e-05
1774900800000,5e-05
1774915200000,5e-05
1774929600000,5e-05
1774944000000,5e-05
1774958400001,5e-05
1774972800000,5e-05
1774987200002,5e-05
1775001600000,5e-05
1775016000004,5e-05
1775030400000,5e-05
1775044800000,5e-05
1775059200000,5e-05
1775073600000,5e-05
1775088000003,5e-05
1775102400003,5e-05
1775116800001,5e-05
1775131200003,5e-05
1775145600001,5e-05
1775160000003,5e-05
1775174400000,5e-05
1775188800000,5e-05
1775203200008,5e-05
1775217600006,5e-05
1775232000008,5e-05
1775246400001,5e-05
1775260800000,5e-05
1775275200001,5e-05
1775289600003,5e-05
1775304000000,5e-05
1775318400000,5e-05
1775332800000,5e-05
1775347200008,5e-05
1775361600002,5e-05
1775376000000,5e-05
1775390400003,5e-05
1775404800001,5e-05
1775419200003,5e-05
1775433600004,5e-05
1775448000005,5e-05
1775462400001,5e-05
1775476800002,5e-05
1775491200003,5e-05
1775505600000,5e-05
1775520000000,5e-05
1775534400003,5e-05
1775548800000,5e-05
1775563200008,5e-05
1775577600000,5e-05
1775592000000,5e-05
1775606400000,5e-05
1775620800002,5e-05
1775635200000,5e-05
1775649600013,5e-05
1775664000006,5e-05
1775678400005,5e-05
1775692800000,5e-05
1775707200005,5e-05
1775721600010,5e-05
1775736000001,5e-05
1775750400001,5e-05
1775764800001,5e-05
1775779200000,5e-05
1775793600000,5e-05
1775808000005,5e-05
1775822400000,5e-05
1775836800000,5e-05
1775851200002,5e-05
1775865600000,5e-05
1775880000009,5e-05
1775894400000,5e-05
1775908800002,5e-05
1775923200003,5e-05
1775937600001,5e-05
1775952000000,5e-05
1775966400000,5e-05
1775980800000,5e-05
1775995200000,5e-05
1776009600000,5e-05
1776024000013,5e-05
1776038400011,5e-05
1776052800003,5e-05
1776067200006,5e-05
1776081600010,5e-05
1776096000000,5e-05
1776110400000,5e-05
1776124800005,5e-05
1776139200000,5e-05
1776153600003,5e-05
1776168000000,5e-05
1776182400001,5e-05
1776196800009,5e-05
1776211200000,5e-05
1776225600000,5e-05
1776240000000,5e-05
1776254400000,5e-05
1776268800000,5e-05
1776283200009,5e-05
1776297600013,5e-05
1776312000008,5e-05
1776326400000,5e-05
1776340800004,5e-05
1776355200000,5e-05
1776369600000,5e-05
1776384000001,5e-05
1776398400003,5e-05
1776412800011,5e-05
1776427200003,5e-05
1776441600001,5e-05
1776456000005,5e-05
1776470400001,5e-05
1776484800003,5e-05
1776499200006,5e-05
1776513600000,5e-05
1776528000000,5e-05
1776542400002,5e-05
1776556800002,5e-05
1776571200000,5e-05
1776585600010,5e-05
1776600000003,5e-05
1776614400001,5e-05
1776628800005,5e-05
1776643200000,5e-05
1776657600001,5e-05
1776672000000,5e-05
1776686400009,5e-05
1776700800001,5e-05
1776715200000,5e-05
1776729600000,5e-05
1776744000000,5e-05
1776758400004,5e-05
1776772800000,5e-05
1776787200004,5e-05
1776801600003,5e-05
1776816000004,5e-05
1776830400003,5e-05
1776844800000,5e-05
1776859200000,5e-05
1776873600000,5e-05
1776888000003,5e-05
1776902400000,5e-05
1776916800000,5e-05
1776931200000,5e-05
1776945600000,5e-05
1776960000004,5e-05
1776974400006,5e-05
1776988800006,5e-05
1777003200000,5e-05
1777017600000,5e-05
1777032000002,5e-05
1777046400000,5e-05
1777060800003,5e-05
1777075200000,5e-05
1777089600005,5e-05
1777104000002,5e-05
1777118400001,5e-05
1777132800002,5e-05
1777147200001,5e-05
1777161600003,5e-05
1777176000001,5e-05
1777190400007,5e-05
1777204800001,5e-05
1777219200004,5e-05
1777233600014,5e-05
1777248000004,5e-05
1777262400000,5e-05
1777276800000,5e-05
1777291200004,5e-05
1777305600002,5e-05
1777320000000,5e-05
1777334400001,5e-05
1777348800006,5e-05
1777363200000,5e-05
1777377600000,5e-05
1777392000004,5e-05
1777406400001,5e-05
1777420800006,5e-05
1777435200003,5e-05
1777449600011,5e-05
1777464000000,5e-05
1777478400003,5e-05
1777492800004,5e-05
1777507200002,5e-05
1777521600000,5e-05
1777536000000,5e-05
1777550400000,5e-05
1777564800000,5e-05
1777579200002,5e-05
1777593600000,5e-05
1777608000003,5e-05
1777622400005,5e-05
1777636800000,5e-05
1777651200000,5e-05
1777665600009,5e-05
1777680000006,5e-05
1777694400000,5e-05
1777708800000,5e-05
1777723200009,5e-05
1777737600010,5e-05
1777752000000,5e-05
1777766400005,5e-05
1777780800014,5e-05
1777795200003,5e-05
1777809600004,5e-05
1777824000000,5e-05
1777838400000,5e-05
1777852800000,5e-05
1777867200003,5e-05
1777881600000,5e-05
1777896000000,-1.653e-05
1777910400003,5e-05
1777924800007,5e-05
1777939200000,4.631e-05
1777953600000,5e-05
1777968000011,5e-05
1777982400006,5e-05
1777996800000,5e-05
1778011200000,5e-05
1778025600010,5e-05
1778040000000,5e-05
1778054400000,5e-05
1778068800000,5e-05
1778083200002,5e-05
1778097600000,5e-05
1778112000000,5e-05
1778126400001,5e-05
1778140800000,5e-05
1778155200000,5e-05
1778169600004,5e-05
1778184000005,4.533e-05
1778198400003,5e-05
1778212800000,5e-05
1778227200002,5e-05
1778241600000,5e-05
1778256000003,5e-05
1778270400000,5e-05
1778284800000,5e-05
1778299200000,5e-05
1778313600001,5e-05
1778328000000,5e-05
1778342400002,5e-05
1778356800000,5e-05
1778371200003,5e-05
1778385600005,5e-05
1778400000000,5e-05
1778414400007,1.138e-05
1778428800000,5e-05
1778443200002,5e-05
1778457600000,5e-05
1778472000000,4.731e-05
1778486400000,5e-05
1778500800001,5e-05
1778515200000,5e-05
1778529600014,3.186e-05
1778544000002,5e-05
1778558400000,5e-05
1778572800008,5e-05
1778587200003,5e-05
1778601600000,5e-05
1778616000000,5e-05
1778630400010,5e-05
1778644800003,5e-05
1778659200003,5e-05
1778673600004,5e-05
1778688000001,5e-05
1778702400004,5e-05
1778716800005,5e-05
1778731200005,-7.94e-06
1778745600000,5e-05
1778760000001,5e-05
1778774400000,5e-05
1778788800000,5e-05
1778803200000,5e-05
1778817600006,5e-05
1778832000016,5e-05
1778846400001,5e-05
1778860800012,3.849e-05
1778875200001,5e-05
1778889600005,5e-05
1778904000000,5e-05
1778918400000,5e-05
1778932800002,5e-05
1778947200005,5e-05
1778961600000,5e-05
1778976000000,5e-05
1778990400012,5e-05
1779004800010,5e-05
1779019200014,5e-05
1779033600009,5e-05
1779048000002,5e-05
1779062400007,5e-05
1779076800000,5e-05
1779091200002,5e-05
1779105600001,5e-05
1779120000007,5e-05
1779134400000,5e-05
1779148800001,5e-05
1779163200003,5e-05
1779177600001,5e-05
1779192000000,-2.048e-05
1779206400009,-8.09e-06
1779220800001,5e-05
1779235200001,5e-05
1779249600001,5e-05
1779264000006,5e-05
1779278400001,5e-05
1779292800000,5e-05
1779307200019,5e-05
1779321600001,5e-05
1779336000000,5e-05
1779350400000,5e-05
1779364800000,5e-05
1779379200000,5e-05
1779393600001,5e-05
1779408000000,5e-05
1779422400000,5e-05
1779436800004,5e-05
1779451200000,5e-05
1779465600001,5e-05
1779480000002,5e-05
1779494400009,5e-05
1779508800006,5e-05
1779523200001,5e-05
1779537600000,5e-05
1779552000003,5e-05
1779566400007,5e-05
1779580800011,5e-05
1779595200001,5e-05
1779609600008,5e-05
1779624000001,5e-05
1779638400000,5e-05
1779652800002,5e-05
1779667200001,5e-05
1779681600000,5e-05
1779696000001,5e-05
1779710400008,5e-05
1779724800001,5e-05
1779739200000,5e-05
1779753600000,5e-05
1779768000003,5e-05
1779782400003,5e-05
1779796800000,5e-05
1779811200000,5e-05
1779825600000,5e-05
1779840000000,5e-05
1779854400002,5e-05
1779868800004,5e-05
1779883200007,5e-05
1779897600009,5e-05
1779912000001,5e-05
1779926400001,5e-05
1779940800000,5e-05
1779955200000,5e-05
1779969600000,5e-05
1779984000001,5e-05
1779998400005,5e-05
1780012800000,5e-05
1780027200000,5e-05
1780041600001,5e-05
1780056000001,5e-05
1780070400008,5e-05
1780084800000,5e-05
1780099200000,5e-05
1780113600004,5e-05
1780128000001,5e-05
1780142400000,5e-05
1780156800000,5e-05
1780171200000,5e-05
1780185600000,5e-05
1780200000006,5e-05
1780214400000,5e-05
1780228800005,5e-05
1780243200004,5e-05
1780257600010,5e-05
1780272000001,5e-05
1780286400006,5e-05
1780300800001,5e-05
1780315200000,5e-05
1780329600000,5e-05
1780344000000,5e-05
1780358400000,5e-05
1780372800008,5e-05
1780387200000,5e-05
1780401600002,5e-05
1780416000000,5e-05
1780430400000,5e-05
1780444800013,5e-05
1780459200000,5e-05
1780473600000,5e-05
1780488000000,5e-05
1780502400001,5e-05
1780516800002,5e-05
1780531200009,5e-05
1780545600000,5e-05
1780560000000,5e-05
1780574400002,5e-05
1780588800003,5e-05
1780603200001,5e-05
1780617600000,5e-05
1780632000001,5e-05
1780646400004,5e-05
1780660800000,5e-05
1780675200009,5e-05
1780689600000,5e-05
1780704000000,5e-05
1780718400000,5e-05
1780732800000,5e-05
1780747200002,5e-05
1780761600000,5e-05
1780776000003,5e-05
1780790400001,5e-05
1780804800000,5e-05
1780819200000,5e-05
1780833600000,5e-05
1780848000000,5e-05
1780862400000,5e-05
1780876800000,5e-05
1780891200009,5e-05
1780905600005,5e-05
1780920000001,5e-05
1780934400004,5e-05
1780948800000,5e-05
1780963200000,5e-05
1780977600003,5e-05
1780992000000,5e-05
1781006400000,5e-05
1781020800001,5e-05
1781035200000,5e-05
1781049600001,5e-05
1781064000002,5e-05
1781078400011,5e-05
1781092800002,5e-05
1781107200009,5e-05
1781121600003,1.124e-05
1781136000000,5e-05
1781150400000,5e-05
1781164800004,5e-05
1781179200005,5e-05
1781193600000,5e-05
1781208000014,5e-05
1781222400000,5e-05
1781236800000,5e-05
1781251200000,5e-05
1781265600000,5e-05
1781280000000,5e-05
1781294400000,5e-05
1781308800000,5e-05
1781323200000,5e-05
1781337600007,5e-05
1781352000004,5e-05
1781366400002,5e-05
1781380800004,5e-05
1781395200005,5e-05
1781409600012,5e-05
1781424000009,5e-05
1781438400000,5e-05
1781452800000,5e-05
1781467200010,5e-05
1781481600013,5e-05
1781496000001,5e-05
1781510400013,5e-05
1781524800000,5e-05
1781539200004,5e-05
1781553600002,5e-05
1781568000000,5e-05
1781582400000,5e-05
1781596800000,5e-05
1781611200000,5e-05
1781625600001,5e-05
1781640000000,5e-05
1781654400012,5e-05
1781668800000,5e-05
1781683200000,5e-05
1781697600000,5e-05
1781712000000,5e-05
1781726400000,5e-05
1781740800002,5e-05
1781755200000,5e-05
1781769600000,5e-05
1781784000004,5e-05
1781798400001,-4.22e-06
1781812800000,5e-05
1781827200005,5e-05
1781841600000,5e-05
1781856000001,5e-05
1781870400000,5e-05
1781884800001,5e-05
1781899200000,5e-05
1781913600001,5e-05
1781928000000,5e-05
1781942400000,5e-05
1781956800001,5e-05
1781971200001,5e-05
1781985600000,5e-05
1782000000000,5e-05
1782014400000,5e-05
1782028800000,5e-05
1782043200001,5e-05
1782057600000,5e-05
1782072000004,5e-05
1782086400000,5e-05
1782100800000,5e-05
1782115200000,5e-05
1782129600000,5e-05
1782144000002,5e-05
1782158400000,5e-05
1782172800003,5e-05
1782187200000,5e-05
1782201600005,5e-05
1782216000000,5e-05
1782230400002,5e-05
1782244800000,5e-05
1782259200005,5e-05
1782288000005,5e-05
1782302400005,5e-05
1782316800003,5e-05
1782331200006,5e-05
1782345600000,5e-05
1782360000008,5e-05
1782374400000,5e-05
1782388800006,5e-05
1782403200000,5e-05
1782417600011,-3.45e-06
1782432000010,5e-05
1782446400001,5e-05
1782460800002,5e-05
1782475200004,5e-05
1782489600000,5e-05
1782504000000,5e-05
1782518400000,5e-05
1782532800000,5e-05
1782547200000,5e-05
1782561600001,5e-05
1782576000009,5e-05
1782590400000,1.58e-06
1782604800000,5e-05
1782619200002,5e-05
1782633600013,-7.98e-06
1782648000008,5e-05
1782662400000,5e-05
1782676800003,5e-05
1782691200006,5e-05
1782705600000,5e-05
1782720000013,5e-05
1782734400001,5e-05
1782748800004,5e-05
1782763200000,5e-05
1782777600000,5e-05
1782792000000,5e-05
1782806400000,5e-05
1782820800002,5e-05
1782835200005,5e-05
1782849600003,5e-05
1782864000000,5e-05
1782878400001,5e-05
1782892800000,5e-05
1782907200000,5e-05
1782921600000,5e-05
1782936000000,5e-05
1782950400000,5e-05
1782964800003,5e-05
1782979200000,5e-05
1782993600005,5e-05
1783008000000,5e-05
1783022400008,5e-05
1783036800000,5e-05
1783051200000,5e-05
1783065600007,5e-05
1783080000002,5e-05
1783094400000,5e-05
1783108800001,5e-05
1783123200000,5e-05
1783137600006,5e-05
1783152000000,5e-05
1783166400000,5e-05
1783180800007,5e-05
1783195200000,5e-05
1783209600003,5e-05
1783224000002,5e-05
1783238400001,5e-05
1783252800000,5e-05
1783267200000,5e-05
1783281600000,5e-05
1783296000000,5e-05
1783310400000,5e-05
1783324800000,5e-05
1783339200002,5e-05
1783353600000,5e-05
1783368000003,5e-05
1783382400000,5e-05
1783396800000,5e-05
1783411200000,5e-05
1783425600010,5e-05
1783440000000,5e-05
1783454400000,5e-05
1783468800000,5e-05
1783483200003,5e-05
1783497600000,5e-05
1783512000005,5e-05
1783526400000,5e-05
1783540800006,5e-05
1783555200000,5e-05
1783569600002,5e-05
1783584000001,5e-05
1783598400002,5e-05
1783612800001,5e-05
1783627200000,5e-05
1783641600000,5e-05
1783656000000,5e-05
1783670400005,5e-05
1783684800002,5e-05
1783699200005,5e-05
1783713600000,5e-05
1783728000000,5e-05
1783742400000,5e-05
1783756800000,5e-05
1783771200008,5e-05
1783785600000,5e-05
1783800000000,5e-05
1783814400000,5e-05
1783828800000,5e-05
1783843200003,5e-05
1783857600000,5e-05
1783872000000,5e-05
1783886400002,5e-05
1783900800000,5e-05
1783915200000,5e-05
1783929600001,5e-05
1783944000000,5e-05
1783958400004,5e-05
1783972800000,5e-05
1783987200000,5e-05
1784001600000,5e-05
1784016000002,5e-05
1784030400001,1.382e-05
1784044800001,2.829e-05
1784059200000,5e-05
1784073600005,5e-05
1784088000003,5e-05
1784102400002,5e-05
1784116800003,5e-05
1784131200000,5e-05
1784145600002,5e-05
1784160000000,5e-05
1784174400003,5e-05
1784188800003,5e-05
1784203200001,5e-05
1784217600002,5e-05
1784232000002,5e-05
1784246400000,5e-05
1784260800000,5e-05
1784275200010,5e-05
1784289600004,5e-05
1784304000004,5e-05
1784318400000,5e-05
1784332800000,5e-05
1784347200000,5e-05
1784361600000,5e-05
1784376000002,5e-05
1784390400001,5e-05
1784404800004,5e-05
1784419200003,5e-05
1784433600000,5e-05
1784448000000,5e-05
1784462400000,5e-05
1784476800001,5e-05
1784491200004,5e-05
1784505600000,5e-05
1784520000000,5e-05
1784534400001,5e-05
1784548800000,5e-05
1784563200004,5e-05
1784577600002,5e-05
1784592000001,5e-05
1784606400000,5e-05
1784620800000,5e-05
1784635200000,5e-05
1784649600002,5e-05
1784664000000,5e-05
1784678400000,5e-05
1784692800008,5e-05
1784707200000,5e-05
1784721600000,5e-05
1784736000001,5e-05
1784750400000,5e-05
1784764800000,5e-05
1784779200006,5e-05
1784793600000,5e-05
1784808000000,5e-05
1784822400000,5e-05
1784836800000,5e-05
1784851200000,5e-05
1784865600001,5e-05
1784880000000,5e-05
1784894400000,5e-05
1784908800008,5e-05
1784923200001,5e-05
1784937600002,5e-05
1784952000000,5e-05
1784966400000,5e-05
1784980800000,5e-05
1784995200000,5e-05
1785009600003,5e-05
1785024000000,5e-05
1785038400000,5e-05
1785052800002,5e-05
1785067200000,5e-05
1785081600000,5e-05
1785096000000,5e-05
1785110400010,5e-05
1785124800000,5e-05
1785139200000,5e-05
1785153600000,5e-05
1785168000001,5e-05
1785182400004,5e-05
1785196800000,5e-05
1785211200012,5e-05
1785225600000,5e-05
1785240000001,5e-05
1785254400000,5e-05
1785268800000,5e-05
1785283200000,5e-05
1785297600000,5e-05
1785312000002,5e-05
1785326400007,5e-05
1785340800000,5e-05
1785355200003,5e-05
1785369600000,5e-05
1785384000001,5e-05
1785398400000,5e-05
1785412800000,5e-05
1785427200000,5e-05
1785441600003,5e-05
1785456000003,5e-05
1785470400000,5e-05
1785484800000,5e-05
1785499200000,5e-05
1785513600000,5e-05
1785528000001,5e-05
