ts,symbol,contract,spot,spread_bps,contract_vol,oi
2026-08-03 02:00,HFT,0.00866,0.00867,-11.5,5750668.0,199249731.0
2026-08-03 03:00,HFT,0.00733,0.00733,0.0,385081597.0,199266527.0
2026-08-03 04:00,HFT,0.00764,0.007646,-7.8,251861477.0,232969591.0
2026-08-03 05:00,HFT,0.00751,0.007504,8.0,79062953.0,222662330.0
2026-08-03 06:00,HFT,0.00727,0.00727,0.0,39188369.0,212221781.0
2026-08-03 07:00,HFT,0.00715,0.007148,2.8,26042063.0,214447360.0
2026-08-03 08:00,HFT,0.00716,0.007144,22.4,49424067.0,216815614.0
2026-08-03 09:00,HFT,0.00731,0.007303,9.6,49898787.0,220103214.0
2026-08-03 10:00,HFT,0.00714,0.007134,8.4,34320806.0,219695028.0
2026-08-03 11:00,HFT,0.00711,0.007102,11.3,28949705.0,220536659.0
2026-08-03 12:00,HFT,0.00728,0.007287,-9.6,29670011.0,218624024.0
2026-08-03 13:00,HFT,0.00855,0.008528,25.8,201526330.0,220076702.0
2026-08-03 14:00,HFT,0.00999,0.00996,30.1,256806138.0,243822331.0
2026-08-03 15:00,HFT,0.00997,0.009949,21.1,113960197.0,265720314.0
2026-08-03 16:00,HFT,0.00883,0.008791,44.4,163349310.0,263266260.0
2026-08-03 17:00,HFT,0.00869,0.008642,55.5,54000882.0,250787839.0
2026-08-03 18:00,HFT,0.00843,0.008396,40.5,31172281.0,245902469.0
2026-08-03 19:00,HFT,0.00847,0.008431,46.3,18460111.0,241897229.0
2026-08-03 20:00,HFT,0.00842,0.008397,27.4,14435008.0,238318947.0
2026-08-03 21:00,HFT,0.0091,0.009049,56.4,79789924.0,239405156.0
2026-08-03 22:00,HFT,0.00932,0.009295,26.9,58056902.0,249358472.0
2026-08-03 23:00,HFT,0.00936,0.009343,18.2,53757750.0,252226133.0
2026-08-04 00:00,HFT,0.00904,0.009033,7.7,42003099.0,246547635.0
2026-08-04 01:00,HFT,0.00901,0.008996,15.6,71577901.0,245601751.0
2026-08-04 02:00,HFT,0.01139,0.011377,11.4,1196644638.0,246755001.0
2026-08-04 03:00,HFT,0.00938,0.009383,-3.2,1098761116.0,317819652.0
2026-08-04 04:00,HFT,0.00932,0.009319,1.1,399029056.0,271562387.0
2026-08-04 05:00,HFT,0.0093,0.009284,17.2,123227100.0,285358979.0
2026-08-04 06:00,HFT,0.00945,0.009445,5.3,135103290.0,278332914.0
2026-08-04 07:00,HFT,0.00931,0.009319,-9.7,111856033.0,291685877.0
2026-08-04 08:00,HFT,0.00988,0.009896,-16.2,331916819.0,294318795.0
2026-08-04 09:00,HFT,0.00952,0.009504,16.8,378743831.0,309958163.0
2026-08-04 10:00,HFT,0.0098,0.00974,61.6,183297782.0,300273463.0
2026-08-04 11:00,HFT,0.00978,0.009745,35.9,369573029.0,307236509.0
2026-08-04 12:00,HFT,0.01006,0.010057,3.0,141379267.0,317714708.0
2026-08-04 13:00,HFT,0.00985,0.009814,36.7,149694285.0,319381165.0
2026-08-04 14:00,HFT,0.00997,0.009908,62.6,95457272.0,298417615.0
2026-08-04 15:00,HFT,0.01005,0.009999,51.0,47606068.0,301547123.0
2026-08-04 16:00,HFT,0.01062,0.01057,47.3,87027547.0,298976466.0
2026-08-04 17:00,HFT,0.01058,0.010521,56.1,137980014.0,293586459.0
2026-08-04 18:00,HFT,0.0107,0.010665,32.8,69712056.0,285562564.0
2026-08-04 19:00,HFT,0.0109,0.01087,27.6,85376122.0,282157832.0
2026-08-04 20:00,HFT,0.01146,0.011374,75.6,164955565.0,285373122.0
2026-08-04 21:00,HFT,0.01161,0.011528,71.1,211701878.0,299096886.0
2026-08-04 22:00,HFT,0.01228,0.012219,49.9,95319828.0,303935257.0
2026-08-04 23:00,HFT,0.01169,0.011701,-9.4,155580207.0,302668822.0
2026-08-05 00:00,HFT,0.01128,0.011227,47.2,146596890.0,303965665.0
2026-08-05 01:00,HFT,0.01085,0.010774,70.5,124709485.0,306289678.0
2026-08-05 02:00,HFT,0.01123,0.01116,62.7,113540929.0,305626954.0
2026-08-05 03:00,HFT,0.01203,0.01199,33.4,186111803.0,302628823.0
2026-08-05 04:00,HFT,0.01428,0.014238,29.5,720387315.0,326401288.0
2026-08-05 05:00,HFT,0.01578,0.015686,59.9,626029855.0,352591770.0
2026-08-05 06:00,HFT,0.01677,0.016669,60.6,482201754.0,393732822.0
2026-08-05 07:00,HFT,0.01719,0.017178,7.0,575311952.0,425573477.0
2026-08-05 08:00,HFT,0.01715,0.017081,40.4,490937366.0,464794486.0
2026-08-05 09:00,HFT,0.01646,0.016409,31.1,935823441.0,475822980.0
2026-08-05 10:00,HFT,0.01713,0.017107,13.4,457395822.0,446375485.0
2026-08-05 11:00,HFT,0.01844,0.018418,11.9,337426742.0,446609809.0
2026-08-05 12:00,HFT,0.01944,0.019429,5.7,467035211.0,445020148.0
2026-08-05 13:00,HFT,0.01833,0.018265,35.6,383955761.0,442200463.0
2026-08-05 14:00,HFT,0.01628,0.016224,34.5,561744378.0,437897370.0
2026-08-05 15:00,HFT,0.01783,0.017798,18.0,420722358.0,434214079.0
2026-08-05 16:00,HFT,0.01724,0.017137,60.1,291426066.0,434196922.0
2026-08-05 17:00,HFT,0.01924,0.019071,88.6,403886811.0,428520750.0
2026-08-05 18:00,HFT,0.01964,0.019523,59.9,360546966.0,415205577.0
2026-08-05 19:00,HFT,0.01823,0.018114,64.0,258576269.0,414863473.0
2026-08-05 20:00,HFT,0.01807,0.017959,61.8,137272724.0,405893603.0
2026-08-05 21:00,HFT,0.01811,0.018008,56.6,99869380.0,414421289.0
2026-08-05 22:00,HFT,0.0182,0.018151,27.0,118181136.0,417448435.0
2026-08-05 23:00,HFT,0.01826,0.018161,54.5,69559951.0,415562648.0
2026-08-06 00:00,HFT,0.01821,0.018104,58.6,115979226.0,417286384.0
2026-08-06 01:00,HFT,0.01823,0.018105,69.0,205083102.0,421408442.0
2026-08-06 02:00,HFT,0.0181,0.017955,80.8,145873077.0,424498399.0
2026-08-06 03:00,HFT,0.01758,0.017448,75.7,187557110.0,428495985.0
2026-08-06 04:00,HFT,0.02071,0.020476,114.3,472185767.0,437198242.0
2026-08-06 05:00,HFT,0.02284,0.022747,40.9,536061591.0,451660955.0
2026-08-06 06:00,HFT,0.02155,0.021364,87.1,355953592.0,436341165.0
2026-08-06 07:00,HFT,0.02271,0.022586,54.9,317581177.0,451445161.0
2026-08-06 08:00,HFT,0.02056,0.020402,77.4,210059455.0,455833991.0
2026-08-06 09:00,HFT,0.01957,0.019475,48.8,235162848.0,454844170.0
2026-08-06 10:00,HFT,0.02264,0.022532,47.9,195461026.0,457165656.0
2026-08-06 11:00,HFT,0.02691,0.026713,73.7,739097388.0,478391970.0
2026-08-06 12:00,HFT,0.02886,0.028548,109.3,433458448.0,493875095.0
2026-08-06 13:00,HFT,0.03149,0.031135,114.0,674535377.0,500420797.0
2026-08-06 14:00,HFT,0.03124,0.030713,171.6,755683522.0,524467775.0
2026-08-06 15:00,HFT,0.03233,0.03184,153.9,1255487062.0,521766128.0
2026-08-06 16:00,HFT,0.03722,0.035654,439.2,893916214.0,542069133.0
2026-08-06 17:00,HFT,0.03201,0.031029,316.2,758786728.0,566261764.0
2026-08-06 18:00,HFT,0.03464,0.033382,376.8,824448841.0,546651444.0
2026-08-06 19:00,HFT,0.03565,0.03463,294.5,352319188.0,550014555.0
2026-08-06 20:00,HFT,0.03517,0.034137,302.6,346612584.0,552579842.0
2026-08-06 21:00,HFT,0.03491,0.033971,276.4,202010820.0,550860249.0
2026-08-06 22:00,HFT,0.0329,0.032334,175.0,314756715.0,551510331.0
2026-08-06 23:00,HFT,0.03031,0.030184,41.7,479367160.0,560638046.0
2026-08-07 00:00,HFT,0.0304,0.0295,305.1,564321691.0,559674549.0
2026-08-07 01:00,HFT,0.03075,0.029983,255.8,302920272.0,547017051.0
2026-08-03 02:00,ACX,0.04068,0.04088,-48.9,1370401.2,57278215.8
2026-08-03 03:00,ACX,0.03742,0.03756,-37.3,126590901.8,57176640.7
2026-08-03 04:00,ACX,0.03911,0.03909,5.1,80698666.5,66339196.2
2026-08-03 05:00,ACX,0.03851,0.03855,-10.4,12406547.1,64504927.9
2026-08-03 06:00,ACX,0.03769,0.0378,-29.1,13500049.1,64318053.3
2026-08-03 07:00,ACX,0.03562,0.03571,-25.2,11382104.6,62713232.5
2026-08-03 08:00,ACX,0.03635,0.03651,-43.8,15957832.9,61414978.1
2026-08-03 09:00,ACX,0.03795,0.03792,7.9,16339495.2,62136795.8
2026-08-03 10:00,ACX,0.04153,0.04149,9.6,38639243.8,62745255.9
2026-08-03 11:00,ACX,0.0404,0.04029,27.3,10829005.9,64297988.9
2026-08-03 12:00,ACX,0.03917,0.03906,28.2,6706837.8,62502542.9
2026-08-03 13:00,ACX,0.04176,0.04173,7.2,16874626.9,61663710.7
2026-08-03 14:00,ACX,0.04144,0.04143,2.4,8901318.9,61941114.1
2026-08-03 15:00,ACX,0.04141,0.04141,0.0,3679555.5,60546366.7
2026-08-03 16:00,ACX,0.04057,0.04054,7.4,5647279.9,60070433.8
2026-08-03 17:00,ACX,0.04077,0.04074,7.4,4663704.1,59724620.9
2026-08-03 18:00,ACX,0.04056,0.04045,27.2,6062720.4,59635195.5
2026-08-03 19:00,ACX,0.04033,0.04027,14.9,2583547.4,59741590.0
2026-08-03 20:00,ACX,0.04084,0.04075,22.1,1611481.0,59753684.3
2026-08-03 21:00,ACX,0.04099,0.04092,17.1,1647841.0,59844381.2
2026-08-03 22:00,ACX,0.0411,0.0411,0.0,2222290.4,59713185.5
2026-08-03 23:00,ACX,0.04089,0.04089,0.0,1638047.3,59705186.1
2026-08-04 00:00,ACX,0.04092,0.04095,-7.3,4489860.5,59224725.9
2026-08-04 01:00,ACX,0.03966,0.03958,20.2,4525429.9,59370056.9
2026-08-04 02:00,ACX,0.04059,0.04044,37.1,12324237.4,58278159.9
2026-08-04 03:00,ACX,0.04098,0.041,-4.9,11753990.3,59790824.5
2026-08-04 04:00,ACX,0.03879,0.03879,0.0,13684964.3,60101471.7
2026-08-04 05:00,ACX,0.03644,0.03646,-5.5,12665737.5,57717919.4
2026-08-04 06:00,ACX,0.03658,0.03662,-10.9,13941751.0,55159467.7
2026-08-04 07:00,ACX,0.03682,0.03685,-8.1,3661989.9,54092834.3
2026-08-04 08:00,ACX,0.03771,0.03777,-15.9,8455126.4,53616678.7
2026-08-04 09:00,ACX,0.039,0.03909,-23.0,6921699.1,54270083.6
2026-08-04 10:00,ACX,0.0395,0.03948,5.1,5023389.1,54047189.7
2026-08-04 11:00,ACX,0.03854,0.03856,-5.2,3885170.8,53961738.3
2026-08-04 12:00,ACX,0.03853,0.03849,10.4,3818705.9,53894847.3
2026-08-04 13:00,ACX,0.03857,0.03852,13.0,5087012.7,53028427.2
2026-08-04 14:00,ACX,0.0388,0.03876,10.3,3876175.6,52437581.2
2026-08-04 15:00,ACX,0.03812,0.038,31.6,5162387.0,51590403.8
2026-08-04 16:00,ACX,0.03814,0.03811,7.9,2715077.9,51257562.7
2026-08-04 17:00,ACX,0.03807,0.03768,103.5,2879716.3,50549780.3
2026-08-04 18:00,ACX,0.038,0.03779,55.6,7130783.0,50353414.7
2026-08-04 19:00,ACX,0.03813,0.03801,31.6,2850944.2,49644868.3
2026-08-04 20:00,ACX,0.03793,0.03788,13.2,2659387.8,48995353.9
2026-08-04 21:00,ACX,0.03806,0.03804,5.3,1031672.6,48182290.8
2026-08-04 22:00,ACX,0.03823,0.03807,42.0,2536081.7,48073805.6
2026-08-04 23:00,ACX,0.03832,0.03819,34.0,953618.1,47768731.0
2026-08-05 00:00,ACX,0.03806,0.038,15.8,2267686.6,47530198.3
2026-08-05 01:00,ACX,0.03786,0.03775,29.1,1825202.8,47131399.7
2026-08-05 02:00,ACX,0.0379,0.03769,55.7,2212611.4,46506012.6
2026-08-05 03:00,ACX,0.03758,0.03743,40.1,4688394.5,46248754.5
2026-08-05 04:00,ACX,0.03782,0.03762,53.2,2857247.8,46190184.1
2026-08-05 05:00,ACX,0.03874,0.03856,46.7,5867145.2,46041993.6
2026-08-05 06:00,ACX,0.03942,0.0392,56.1,5747220.4,45881265.0
2026-08-05 07:00,ACX,0.04197,0.04168,69.6,136838720.4,45944172.0
2026-08-05 08:00,ACX,0.04131,0.04108,56.0,55194970.4,46627178.9
2026-08-05 09:00,ACX,0.03904,0.03891,33.4,37756097.9,44647034.1
2026-08-05 10:00,ACX,0.03794,0.03765,77.0,15529839.0,44904354.5
2026-08-05 11:00,ACX,0.03843,0.03817,68.1,18334459.1,44336509.4
2026-08-05 12:00,ACX,0.03825,0.03815,26.2,11558945.6,43064766.8
2026-08-05 13:00,ACX,0.03868,0.03868,0.0,6093339.9,42165341.5
2026-08-05 14:00,ACX,0.03909,0.03907,5.1,9684793.1,41469944.5
2026-08-05 15:00,ACX,0.03974,0.03969,12.6,14235168.7,41477784.0
2026-08-05 16:00,ACX,0.03881,0.03864,44.0,5191133.4,41646065.7
2026-08-05 17:00,ACX,0.0391,0.03893,43.7,8259156.9,41287780.5
2026-08-05 18:00,ACX,0.03972,0.0396,30.3,7677408.7,40995182.0
2026-08-05 19:00,ACX,0.03848,0.0382,73.3,5452537.0,41000294.3
2026-08-05 20:00,ACX,0.03856,0.03832,62.6,6852210.3,40872209.5
2026-08-05 21:00,ACX,0.03872,0.03859,33.7,4354165.9,40589884.2
2026-08-05 22:00,ACX,0.03907,0.03898,23.1,2687913.2,39852334.2
2026-08-05 23:00,ACX,0.03924,0.03921,7.7,3546290.2,39509283.9
2026-08-06 00:00,ACX,0.03927,0.03915,30.7,2506504.8,38961988.2
2026-08-06 01:00,ACX,0.0391,0.03903,17.9,2790500.9,38957060.7
2026-08-06 02:00,ACX,0.03951,0.0394,27.9,2686442.9,38793169.7
2026-08-06 03:00,ACX,0.03941,0.03936,12.7,1797512.9,39001737.5
2026-08-06 04:00,ACX,0.04117,0.04118,-2.4,7898462.3,38952178.2
2026-08-06 05:00,ACX,0.04078,0.04074,9.8,15310474.1,39332156.9
2026-08-06 06:00,ACX,0.04015,0.04,37.5,6203948.9,40101098.7
2026-08-06 07:00,ACX,0.03953,0.03931,56.0,8195666.7,39902740.0
2026-08-06 08:00,ACX,0.0398,0.03966,35.3,5537157.3,39588483.1
2026-08-06 09:00,ACX,0.03948,0.03935,33.0,2752443.6,38950985.1
2026-08-06 10:00,ACX,0.03936,0.03919,43.4,1733596.0,38760802.7
2026-08-06 11:00,ACX,0.04022,0.04005,42.4,7387542.6,38679058.0
2026-08-06 12:00,ACX,0.04047,0.04028,47.2,3964592.0,38713812.0
2026-08-06 13:00,ACX,0.03979,0.03951,70.9,32815631.9,38004623.2
2026-08-06 14:00,ACX,0.03946,0.03927,48.4,5488366.7,35714959.7
2026-08-06 15:00,ACX,0.03972,0.03957,37.9,4518818.1,35581691.3
2026-08-06 16:00,ACX,0.03949,0.0393,48.3,3104849.6,35063316.3
2026-08-06 17:00,ACX,0.0396,0.03942,45.7,2248187.9,34404313.8
2026-08-06 18:00,ACX,0.03963,0.03945,45.6,3448813.8,34112562.6
2026-08-06 19:00,ACX,0.03944,0.03916,71.5,1574720.2,33177631.7
2026-08-06 20:00,ACX,0.0396,0.03912,122.7,3442968.0,33063705.9
2026-08-06 21:00,ACX,0.03951,0.03925,66.2,5487949.3,31790923.0
2026-08-06 22:00,ACX,0.03958,0.0394,45.7,5996337.8,30112096.4
2026-08-06 23:00,ACX,0.03966,0.03946,50.7,4349045.7,28089306.3
2026-08-07 00:00,ACX,0.03986,0.03957,73.3,2394988.6,27917151.5
2026-08-07 01:00,ACX,0.0394,0.03915,63.9,1681832.7,27601379.0
