ts,amount_sol,sim_price,sim_route,build_ok,exec_price,fill_rate
2026-08-09T10:13:15+00:00,0.01,76.4793,BisonFi,True,,
2026-08-12T08:58:45+00:00,0.01,76.1176,Meteora DLMM,True,,,0.0,0.1833,NO-GO
2026-08-12T09:00:19+00:00,0.01,76.1125,1DEX,True,,,0.0,0.1833,NO-GO
2026-08-12T10:00:28+00:00,0.01,76.7414,BisonFi→Manifest→AlphaQ,True,,,0.0,0.1848,NO-GO
2026-08-12T11:00:40+00:00,0.01,76.7671,BisonFi,True,,,0.0,0.1849,NO-GO
2026-08-12T12:00:49+00:00,0.01,76.8666,Aquifer,True,,,0.0,0.1851,NO-GO
2026-08-12T13:01:00+00:00,0.01,76.515,Whirlpool,False,,,0.0,0.1842,NO-GO
2026-08-12T14:00:10+00:00,0.01,76.1767,Meteora DLMM→Manifest,True,,,0.0,0.1834,NO-GO
2026-08-12T15:00:22+00:00,0.01,75.3989,HumidiFi,False,,,0.0,0.1816,NO-GO
2026-08-12T16:00:32+00:00,0.01,75.7025,BisonFi→Manifest,True,,,0.0,0.1823,NO-GO
2026-08-12T17:00:45+00:00,0.01,75.667,HumidiFi,False,,,0.0,0.1822,NO-GO
2026-08-12T18:00:54+00:00,0.01,75.8775,TesseraV,True,,,0.0,0.1827,NO-GO
2026-08-12T19:00:05+00:00,0.01,75.8261,TesseraV,True,,,0.0,0.1826,NO-GO
2026-08-12T20:00:16+00:00,0.01,75.6966,Aquifer→Manifest→AlphaQ,True,,,0.0,0.1823,NO-GO
2026-08-12T22:00:38+00:00,0.01,75.4147,Aquifer,True,,,0.0,0.1816,NO-GO
2026-08-12T23:00:49+00:00,0.01,75.4683,Quantum,True,,,0.0,0.1817,NO-GO
2026-08-13T00:01:00+00:00,0.01,75.5591,Flux,True,,,0.0,0.1819,NO-GO
2026-08-13T01:00:11+00:00,0.01,75.5337,Raydium CLMM,True,,,0.0,0.1819,NO-GO
2026-08-13T02:00:22+00:00,0.01,75.5881,Meteora DLMM,True,,,0.0,0.182,NO-GO
2026-08-13T03:00:33+00:00,0.01,75.904,Aquifer,True,,,0.0,0.1828,NO-GO
2026-08-13T05:00:58+00:00,0.01,76.0408,Whirlpool,True,,,0.0,0.1831,NO-GO
2026-08-13T06:00:09+00:00,0.01,76.4659,Byreal,True,,,0.0,0.1841,NO-GO
2026-08-13T07:00:21+00:00,0.01,76.433,Raydium CLMM→Deriverse,True,,,0.0,0.1841,NO-GO
2026-08-13T08:00:31+00:00,0.01,76.4034,Quantum,True,,,0.0,0.184,NO-GO
2026-08-13T09:00:38+00:00,0.01,76.1544,Quantum,True,,,0.0,0.1834,NO-GO
2026-08-13T13:00:50+00:00,0.01,76.0774,HumidiFi,False,,,0.0,0.1832,NO-GO
2026-08-13T14:00:02+00:00,0.01,76.13,HumidiFi→SolFi V2,True,,,0.0,0.1833,NO-GO
2026-08-13T15:00:11+00:00,0.01,76.3991,Raydium CLMM,True,,,0.0,0.184,NO-GO
2026-08-13T16:00:22+00:00,0.01,75.6063,Deriverse,True,,,0.0,0.1821,NO-GO
2026-08-13T17:00:35+00:00,0.01,75.5605,Meteora DLMM,True,,,0.0,0.1819,NO-GO
2026-08-13T18:00:45+00:00,0.01,75.7159,Whirlpool→Aquifer→Manifest,True,,,0.0,0.1823,NO-GO
2026-08-13T19:00:56+00:00,0.01,75.9826,HumidiFi→SolFi V2,True,,,0.0,0.183,NO-GO
2026-08-13T22:00:30+00:00,0.01,76.1682,SolFi V2,True,,,0.0,0.1834,NO-GO
2026-08-13T23:00:41+00:00,0.01,76.1722,Whirlpool→Whirlpool,True,,,0.0,0.1834,NO-GO
2026-08-14T00:00:53+00:00,0.01,76.2362,Deriverse,True,,,0.0,0.1836,NO-GO
2026-08-14T01:00:07+00:00,0.01,76.0091,1DEX,True,,,0.0,0.183,NO-GO
2026-08-14T02:00:19+00:00,0.01,76.0443,Raydium CLMM,False,,,0.0,0.1831,NO-GO
2026-08-14T03:00:28+00:00,0.01,75.9439,Whirlpool→AlphaQ,True,,,0.0,0.1829,NO-GO
2026-08-14T04:00:04+00:00,0.01,75.6935,Raydium CLMM,True,,,0.0,0.1823,NO-GO
2026-08-14T05:00:14+00:00,0.01,75.7608,Meteora DLMM,True,,,0.0,0.1824,NO-GO
2026-08-14T06:00:25+00:00,0.01,75.823,1DEX,True,,,0.0,0.1826,NO-GO
2026-08-14T07:00:37+00:00,0.01,75.4531,Raydium CLMM→Manifest,True,,,0.0,0.1817,NO-GO
2026-08-14T08:00:48+00:00,0.01,75.5299,1DEX,True,,,0.0,0.1819,NO-GO
2026-08-14T09:01:00+00:00,0.01,75.7736,HumidiFi→Manifest,False,,,0.0,0.1825,NO-GO
2026-08-14T10:00:07+00:00,0.01,75.3948,PancakeSwap,True,,,0.0,0.1816,NO-GO
2026-08-14T11:00:15+00:00,0.01,75.3357,Quantum,True,,,0.0,0.1814,NO-GO
2026-08-14T12:00:23+00:00,0.01,75.4773,Byreal,True,,,0.0,0.1817,NO-GO
2026-08-14T13:00:33+00:00,0.01,75.391,SolFi V2,True,,,0.0,0.1815,NO-GO
2026-08-14T14:00:41+00:00,0.01,75.308,1DEX,True,,,0.0,0.1813,NO-GO
2026-08-14T15:00:50+00:00,0.01,75.2172,Aquifer→Manifest→Deriverse,True,,,0.0,0.1811,NO-GO
2026-08-14T16:00:02+00:00,0.01,75.5934,Invariant,False,,,0.0,0.182,NO-GO
2026-08-14T17:00:13+00:00,0.01,75.4179,TesseraV,False,,,0.0,0.1816,NO-GO
2026-08-14T18:00:25+00:00,0.01,75.1988,Invariant,True,,,0.0,0.1811,NO-GO
2026-08-14T19:00:36+00:00,0.01,74.8125,Whirlpool→AlphaQ,False,,,0.0,0.1801,NO-GO
2026-08-14T20:00:47+00:00,0.01,74.9396,Raydium CLMM→AlphaQ,True,,,0.0,0.1805,NO-GO
2026-08-14T22:00:09+00:00,0.01,75.116,1DEX,True,,,0.0,0.1809,NO-GO
2026-08-14T23:00:20+00:00,0.01,75.1224,1DEX,True,,,0.0,0.1809,NO-GO
2026-08-15T00:00:32+00:00,0.01,75.3513,HumidiFi→SolFi V2,True,,,0.0,0.1814,NO-GO
2026-08-15T01:00:43+00:00,0.01,75.3077,BisonFi,True,,,0.0,0.1813,NO-GO
2026-08-15T02:00:53+00:00,0.01,75.3505,Byreal,True,,,0.0,0.1814,NO-GO
2026-08-15T03:01:01+00:00,0.01,75.5891,Raydium CLMM,False,,,0.0,0.182,NO-GO
2026-08-15T04:00:09+00:00,0.01,75.3713,Quantum,True,,,0.0,0.1815,NO-GO
2026-08-15T07:00:43+00:00,0.01,75.3517,DefiTuna,True,,,0.0,0.1814,NO-GO
2026-08-15T08:00:52+00:00,0.01,75.1826,HumidiFi,True,,,0.0,0.181,NO-GO
2026-08-15T09:00:02+00:00,0.01,75.0312,Flux,True,,,0.0,0.1807,NO-GO
2026-08-15T10:00:15+00:00,0.01,75.1947,BisonFi,True,,,0.0,0.1811,NO-GO
2026-08-15T11:00:25+00:00,0.01,75.2107,HumidiFi,True,,,0.0,0.1811,NO-GO
2026-08-15T12:00:36+00:00,0.01,75.1725,1DEX,False,,,0.0,0.181,NO-GO
2026-08-15T13:00:45+00:00,0.01,75.3432,BisonFi,True,,,0.0,0.1814,NO-GO
2026-08-15T14:01:00+00:00,0.01,75.4949,Aquifer,False,,,0.0,0.1818,NO-GO
2026-08-15T15:00:10+00:00,0.01,75.3844,Whirlpool→AlphaQ,True,,,0.0,0.1815,NO-GO
2026-08-15T16:00:11+00:00,0.01,75.4613,Deriverse,True,,,0.0,0.1817,NO-GO
2026-08-15T17:00:22+00:00,0.01,75.4239,Byreal,True,,,0.0,0.1816,NO-GO
2026-08-15T18:00:35+00:00,0.01,75.6082,BisonFi,True,,,0.0,0.1821,NO-GO
2026-08-15T19:00:44+00:00,0.01,75.4662,HumidiFi,True,,,0.0,0.1817,NO-GO
2026-08-15T20:00:57+00:00,0.01,75.4956,Byreal,True,,,0.0,0.1818,NO-GO
2026-08-15T22:00:20+00:00,0.01,75.5584,Quantum,True,,,0.0,0.1819,NO-GO
2026-08-15T23:00:31+00:00,0.01,75.4978,Aquifer→Manifest,True,,,0.0,0.1818,NO-GO
2026-08-16T00:00:43+00:00,0.01,75.2668,Quantum,True,,,0.0,0.1812,NO-GO
2026-08-16T01:00:55+00:00,0.01,75.38,1DEX,True,,,0.0,0.1815,NO-GO
2026-08-16T02:00:03+00:00,0.01,75.3545,SolFi V2,True,,,0.0,0.1815,NO-GO
2026-08-16T03:00:10+00:00,0.01,75.5227,Quantum,True,,,0.0,0.1819,NO-GO
2026-08-16T04:00:14+00:00,0.01,75.5088,Byreal,False,,,0.0,0.1818,NO-GO
2026-08-16T05:00:25+00:00,0.01,75.3723,Raydium CLMM→Whirlpool,True,,,0.0,0.1815,NO-GO
2026-08-16T06:00:37+00:00,0.01,75.2865,Meteora DLMM,True,,,0.0,0.1813,NO-GO
2026-08-16T07:00:48+00:00,0.01,75.3442,HumidiFi,True,,,0.0,0.1814,NO-GO
2026-08-16T08:00:59+00:00,0.01,75.3896,Quantum,True,,,0.0,0.1815,NO-GO
2026-08-16T09:00:08+00:00,0.01,75.3925,BisonFi,True,,,0.0,0.1815,NO-GO
2026-08-16T10:00:17+00:00,0.01,75.2381,Whirlpool→Manifest,True,,,0.0,0.1812,NO-GO
2026-08-16T11:00:25+00:00,0.01,75.1984,Quantum,True,,,0.0,0.1811,NO-GO
2026-08-16T12:00:35+00:00,0.01,75.2119,HumidiFi→AlphaQ,True,,,0.0,0.1811,NO-GO
2026-08-16T13:00:46+00:00,0.01,75.1792,BisonFi,False,,,0.0,0.181,NO-GO
2026-08-16T14:00:55+00:00,0.01,75.2309,Whirlpool,False,,,0.0,0.1812,NO-GO
2026-08-16T15:01:01+00:00,0.01,75.341,Archer,True,,,0.0,0.1814,NO-GO
2026-08-16T16:00:11+00:00,0.01,75.4952,Quantum,True,,,0.0,0.1818,NO-GO
2026-08-16T17:00:21+00:00,0.01,75.4915,1DEX,True,,,0.0,0.1818,NO-GO
2026-08-16T18:00:34+00:00,0.01,75.2013,Deriverse,True,,,0.0,0.1811,NO-GO
2026-08-16T19:00:45+00:00,0.01,75.116,Byreal,True,,,0.0,0.1809,NO-GO
2026-08-16T20:00:56+00:00,0.01,75.1532,Byreal,False,,,0.0,0.181,NO-GO
2026-08-16T22:00:19+00:00,0.01,74.2326,HumidiFi,True,,,0.0,0.1788,NO-GO
2026-08-16T23:00:31+00:00,0.01,74.4556,Aquifer→Deriverse,True,,,0.0,0.1793,NO-GO
2026-08-17T00:00:42+00:00,0.01,74.5481,HumidiFi→Deriverse,True,,,0.0,0.1795,NO-GO
2026-08-17T01:00:54+00:00,0.01,74.6289,HumidiFi→Manifest→AlphaQ,True,,,0.0,0.1797,NO-GO
2026-08-17T03:00:14+00:00,0.01,75.4514,HumidiFi,True,,,0.0,0.1817,NO-GO
2026-08-17T04:00:12+00:00,0.01,75.4654,Raydium CLMM,True,,,0.0,0.1817,NO-GO
2026-08-17T05:00:24+00:00,0.01,75.4836,1DEX,True,,,0.0,0.1818,NO-GO
2026-08-17T06:00:37+00:00,0.01,75.3598,HumidiFi,True,,,0.0,0.1815,NO-GO
2026-08-17T07:00:48+00:00,0.01,75.8362,Byreal,False,,,0.0,0.1826,NO-GO
2026-08-17T08:01:02+00:00,0.01,75.6994,Raydium CLMM→AlphaQ,True,,,0.0,0.1823,NO-GO
2026-08-17T09:00:11+00:00,0.01,75.1771,Quantum,False,,,0.0,0.181,NO-GO
2026-08-17T10:00:20+00:00,0.01,75.2787,Quantum,False,,,0.0,0.1813,NO-GO
2026-08-17T11:00:34+00:00,0.01,75.6962,HumidiFi,True,,,0.0,0.1823,NO-GO
2026-08-17T13:00:56+00:00,0.01,75.3635,BisonFi,False,,,0.0,0.1815,NO-GO
2026-08-17T15:00:21+00:00,0.01,75.8791,Whirlpool→Aquifer,False,,,0.0,0.1827,NO-GO
2026-08-17T16:00:32+00:00,0.01,76.0429,Meteora DLMM,True,,,0.0,0.1831,NO-GO
2026-08-17T17:00:43+00:00,0.01,75.9342,Byreal→Manifest→Deriverse,True,,,0.0,0.1828,NO-GO
2026-08-17T18:00:55+00:00,0.01,75.8471,Whirlpool→AlphaQ,True,,,0.0,0.1826,NO-GO
2026-08-17T19:00:07+00:00,0.01,75.849,Byreal,True,,,0.0,0.1826,NO-GO
2026-08-17T20:00:18+00:00,0.01,75.7421,Raydium CLMM,True,,,0.0,0.1824,NO-GO
2026-08-17T22:00:41+00:00,0.01,75.9451,Whirlpool→Manifest,True,,,0.0,0.1829,NO-GO
2026-08-17T23:00:52+00:00,0.01,75.695,Quantum,True,,,0.0,0.1823,NO-GO
2026-08-18T00:00:04+00:00,0.01,75.9694,HumidiFi→Byreal,True,,,0.0,0.1829,NO-GO
2026-08-18T01:00:16+00:00,0.01,75.9744,HumidiFi→AlphaQ,True,,,0.0,0.1829,NO-GO
2026-08-18T02:00:35+00:00,0.01,75.5321,Deriverse,False,,,0.0,0.1819,NO-GO
2026-08-18T03:00:44+00:00,0.01,75.2423,BisonFi,True,,,0.0,0.1812,NO-GO
2026-08-18T04:00:43+00:00,0.01,75.4263,Byreal→Manifest→AlphaQ,False,,,0.0,0.1816,NO-GO
2026-08-18T05:00:53+00:00,0.01,75.7504,Byreal→Manifest→Deriverse,False,,,0.0,0.1824,NO-GO
2026-08-18T06:00:03+00:00,0.01,75.6683,Raydium CLMM,True,,,0.0,0.1822,NO-GO
2026-08-18T07:00:15+00:00,0.01,75.972,GoonFi V2,True,,,0.0,0.1829,NO-GO
2026-08-18T08:00:26+00:00,0.01,76.0105,Raydium CLMM→Whirlpool,True,,,0.0,0.183,NO-GO
2026-08-18T09:00:35+00:00,0.01,76.0906,Byreal→Manifest→AlphaQ,True,,,0.0,0.1832,NO-GO
2026-08-18T10:00:44+00:00,0.01,75.8828,SolFi V2,True,,,0.0,0.1827,NO-GO
2026-08-18T11:01:07+00:00,0.01,75.8156,Meteora DLMM→AlphaQ,True,,,0.0,0.1826,NO-GO
2026-08-18T12:00:09+00:00,0.01,76.2952,Quantum,True,,,0.0,0.1837,NO-GO
2026-08-18T13:00:19+00:00,0.01,76.1519,Quantum,True,,,0.0,0.1834,NO-GO
2026-08-18T14:00:31+00:00,0.01,76.134,HumidiFi,True,,,0.0,0.1833,NO-GO
2026-08-18T15:00:42+00:00,0.01,76.8162,Quantum,True,,,0.0,0.185,NO-GO
2026-08-18T16:00:54+00:00,0.01,77.2394,GoonFi V2,True,,,0.0,0.186,NO-GO
2026-08-18T17:00:06+00:00,0.01,77.0414,Byreal,False,,,0.0,0.1855,NO-GO
2026-08-18T18:00:16+00:00,0.01,76.8838,Meteora DLMM,True,,,0.0,0.1851,NO-GO
2026-08-18T19:00:28+00:00,0.01,77.2095,HumidiFi→Byreal,True,,,0.0,0.1859,NO-GO
2026-08-18T20:00:39+00:00,0.01,77.1166,Byreal→AlphaQ,True,,,0.0,0.1857,NO-GO
2026-08-18T22:00:02+00:00,0.01,76.9525,1DEX,True,,,0.0,0.1853,NO-GO
2026-08-18T23:00:13+00:00,0.01,76.9204,GoonFi V2→SolFi V2,True,,,0.0,0.1852,NO-GO
2026-08-19T00:00:27+00:00,0.01,77.06,HumidiFi,True,,,0.0,0.1856,NO-GO
2026-08-19T01:00:37+00:00,0.01,76.8797,Byreal→AlphaQ,True,,,0.0,0.1851,NO-GO
2026-08-19T02:00:47+00:00,0.01,76.7448,Quantum,False,,,0.0,0.1848,NO-GO
2026-08-19T04:00:43+00:00,0.01,76.9525,Byreal,False,,,0.0,0.1853,NO-GO
2026-08-19T05:00:53+00:00,0.01,76.8155,1DEX,True,,,0.0,0.185,NO-GO
2026-08-19T07:00:18+00:00,0.01,77.0216,Raydium CLMM,True,,,0.0,0.1855,NO-GO
2026-08-19T08:00:27+00:00,0.01,76.9069,TesseraV,True,,,0.0,0.1852,NO-GO
2026-08-19T09:00:39+00:00,0.01,77.3672,Raydium CLMM→AlphaQ,True,,,0.0,0.1863,NO-GO
2026-08-19T10:00:49+00:00,0.01,77.2643,Raydium,True,,,0.0,0.1861,NO-GO
2026-08-19T11:01:01+00:00,0.01,77.3496,Quantum,True,,,0.0,0.1863,NO-GO
2026-08-19T12:00:11+00:00,0.01,77.4987,Quantum,False,,,0.0,0.1866,NO-GO
2026-08-19T13:00:22+00:00,0.01,78.3053,Whirlpool→AlphaQ,True,,,0.0,0.1886,NO-GO
2026-08-19T14:00:29+00:00,0.01,78.3548,BisonFi,True,,,0.0,0.1887,NO-GO
2026-08-19T15:00:41+00:00,0.01,80.9272,Flux,True,,,0.0,0.1949,NO-GO
2026-08-19T16:00:51+00:00,0.01,81.8152,Meteora DLMM,False,,,0.0,0.197,NO-GO
2026-08-19T17:00:02+00:00,0.01,81.5743,Whirlpool,True,,,0.0,0.1964,NO-GO
2026-08-19T18:00:13+00:00,0.01,81.6441,1DEX,True,,,0.0,0.1966,NO-GO
2026-08-19T19:00:25+00:00,0.01,82.1602,PancakeSwap,True,,,0.0,0.1978,NO-GO
2026-08-19T20:00:36+00:00,0.01,82.3807,BisonFi→Manifest,True,,,0.0,0.1984,NO-GO
2026-08-19T22:00:59+00:00,0.01,86.5046,Meteora DLMM,True,,,0.0,0.2083,NO-GO
2026-08-19T23:00:11+00:00,0.01,85.4692,Quantum,True,,,0.0,0.2058,NO-GO
2026-08-20T00:00:23+00:00,0.01,85.416,Quantum,True,,,0.0,0.2057,NO-GO
2026-08-20T01:00:35+00:00,0.01,85.0192,HumidiFi,False,,,0.0,0.2047,NO-GO
2026-08-20T02:00:43+00:00,0.01,85.2838,Byreal→Byreal,True,,,0.0,0.2054,NO-GO
2026-08-20T04:00:25+00:00,0.01,84.4223,Whirlpool→Whirlpool,True,,,0.0,0.2033,NO-GO
2026-08-20T05:00:35+00:00,0.01,84.7854,Meteora DLMM,False,,,0.0,0.2042,NO-GO
2026-08-20T06:00:46+00:00,0.01,84.8726,Raydium CLMM,True,,,0.0,0.2044,NO-GO
2026-08-20T07:00:58+00:00,0.01,85.7685,Quantum,True,,,0.0,0.2065,NO-GO
2026-08-20T08:00:10+00:00,0.01,86.13,Byreal→Byreal,False,,,0.0,0.2074,NO-GO
2026-08-20T09:00:16+00:00,0.01,87.5047,Raydium CLMM→AlphaQ,True,,,0.0,0.2107,NO-GO
2026-08-20T10:00:48+00:00,0.01,87.2097,Quantum,True,,,0.0,0.21,NO-GO
2026-08-20T11:00:59+00:00,0.01,87.2133,HumidiFi,True,,,0.0,0.21,NO-GO
2026-08-20T12:00:09+00:00,0.01,87.2055,Raydium CLMM,True,,,0.0,0.21,NO-GO
2026-08-20T13:00:19+00:00,0.01,87.012,PancakeSwap,True,,,0.0,0.2095,NO-GO
2026-08-20T14:00:29+00:00,0.01,86.4811,Quantum,True,,,0.0,0.2082,NO-GO
2026-08-20T15:00:36+00:00,0.01,86.5693,BisonFi,True,,,0.0,0.2085,NO-GO
2026-08-20T16:00:45+00:00,0.01,87.2286,Quantum,True,,,0.0,0.21,NO-GO
2026-08-20T17:00:56+00:00,0.01,87.5989,Raydium CLMM→AlphaQ,True,,,0.0,0.2109,NO-GO
2026-08-20T18:00:08+00:00,0.01,87.5758,1DEX,True,,,0.0,0.2109,NO-GO
2026-08-20T19:00:19+00:00,0.01,86.8773,Meteora DLMM,True,,,0.0,0.2092,NO-GO
2026-08-20T20:00:31+00:00,0.01,87.2745,1DEX,True,,,0.0,0.2102,NO-GO
2026-08-20T22:00:53+00:00,0.01,87.4812,Aquifer,True,,,0.0,0.2107,NO-GO
2026-08-20T23:00:04+00:00,0.01,87.2212,BisonFi,True,,,0.0,0.21,NO-GO
2026-08-21T00:00:15+00:00,0.01,87.6983,Byreal,True,,,0.0,0.2112,NO-GO
2026-08-21T01:00:28+00:00,0.01,88.174,Deriverse,True,,,0.0,0.2123,NO-GO
2026-08-21T02:00:38+00:00,0.01,88.9075,Meteora→JupLend AMM,True,,,0.0,0.2141,NO-GO
2026-08-21T03:00:47+00:00,0.01,89.1922,Raydium CLMM→Manifest,False,,,0.0,0.2148,NO-GO
2026-08-21T04:00:22+00:00,0.01,89.1845,Deriverse,True,,,0.0,0.2148,NO-GO
2026-08-21T05:00:33+00:00,0.01,89.3797,Quantum,True,,,0.0,0.2152,NO-GO
2026-08-21T06:00:44+00:00,0.01,90.3596,Quantum,False,,,0.0,0.2176,NO-GO
2026-08-21T07:00:55+00:00,0.01,90.1855,PancakeSwap,True,,,0.0,0.2172,NO-GO
2026-08-21T08:00:05+00:00,0.01,90.3694,Invariant,True,,,0.0,0.2176,NO-GO
2026-08-21T09:00:14+00:00,0.01,93.2002,HumidiFi→Manifest→GoonFi V2,True,,,0.0,0.2244,NO-GO
2026-08-21T10:00:22+00:00,0.01,91.6186,Raydium CLMM→SolFi V2,True,,,0.0,0.2206,NO-GO
2026-08-21T11:00:31+00:00,0.01,91.3829,Raydium CLMM→AlphaQ,True,,,0.0,0.2201,NO-GO
2026-08-21T12:00:43+00:00,0.01,90.2305,PancakeSwap,True,,,0.0,0.2173,NO-GO
2026-08-21T13:00:48+00:00,0.01,90.7503,Quantum,True,,,0.0,0.2185,NO-GO
2026-08-21T14:00:58+00:00,0.01,90.9838,Whirlpool→Deriverse,False,,,0.0,0.2191,NO-GO
2026-08-21T15:00:10+00:00,0.01,91.8458,Raydium CLMM→SolFi V2,True,,,0.0,0.2212,NO-GO
2026-08-21T16:00:22+00:00,0.01,91.3672,Flux,False,,,0.0,0.22,NO-GO
2026-08-21T17:00:31+00:00,0.01,91.5768,HumidiFi,True,,,0.0,0.2205,NO-GO
2026-08-21T18:00:43+00:00,0.01,91.7895,BisonFi→Deriverse,True,,,0.0,0.221,NO-GO
2026-08-21T19:00:54+00:00,0.01,91.4766,Raydium CLMM→Manifest→Deriverse,True,,,0.0,0.2203,NO-GO
2026-08-21T20:00:06+00:00,0.01,90.9456,Whirlpool→Manifest,True,,,0.0,0.219,NO-GO
2026-08-21T22:00:28+00:00,0.01,93.6945,Whirlpool→AlphaQ,True,,,0.0,0.2256,NO-GO
2026-08-21T23:00:40+00:00,0.01,94.2289,Deriverse,True,,,0.0,0.2269,NO-GO
2026-08-22T00:00:51+00:00,0.01,93.5739,Whirlpool,True,,,0.0,0.2253,NO-GO
2026-08-22T01:00:03+00:00,0.01,93.8625,Raydium CLMM,True,,,0.0,0.226,NO-GO
2026-08-22T02:00:14+00:00,0.01,93.8149,Flux,True,,,0.0,0.2259,NO-GO
2026-08-22T03:00:24+00:00,0.01,95.5955,Quantum,True,,,0.0,0.2302,NO-GO
2026-08-22T04:00:11+00:00,0.01,96.8768,BisonFi,False,,,0.0,0.2333,NO-GO
2026-08-22T05:00:19+00:00,0.01,99.3281,Flux→SolFi V2,True,,,0.0,0.2392,NO-GO
2026-08-22T06:00:32+00:00,0.01,94.2939,1DEX,True,,,0.0,0.2271,NO-GO
2026-08-22T07:00:43+00:00,0.01,94.2971,PancakeSwap→SolFi V2,True,,,0.0,0.2271,NO-GO
2026-08-22T08:00:55+00:00,0.01,94.4635,1DEX,False,,,0.0,0.2275,NO-GO
2026-08-22T09:00:04+00:00,0.01,94.0739,Raydium CLMM,True,,,0.0,0.2265,NO-GO
2026-08-22T10:00:15+00:00,0.01,93.9124,Invariant,True,,,0.0,0.2261,NO-GO
2026-08-22T11:00:22+00:00,0.01,92.9508,Byreal→Manifest,False,,,0.0,0.2238,NO-GO
2026-08-22T12:00:30+00:00,0.01,93.2049,Byreal,True,,,0.0,0.2244,NO-GO
2026-08-22T13:00:43+00:00,0.01,93.8672,Aquifer,True,,,0.0,0.226,NO-GO
2026-08-22T14:00:56+00:00,0.01,94.2357,Aquifer,False,,,0.0,0.2269,NO-GO
2026-08-22T15:00:02+00:00,0.01,93.2475,Flux,True,,,0.0,0.2245,NO-GO
2026-08-22T16:00:14+00:00,0.01,93.0999,ZeroFi,True,,,0.0,0.2242,NO-GO
2026-08-22T17:00:30+00:00,0.01,94.3636,ZeroFi,True,,,0.0,0.2272,NO-GO
2026-08-22T18:00:39+00:00,0.01,94.2318,BisonFi→Aquifer,True,,,0.0,0.2269,NO-GO
2026-08-22T19:00:51+00:00,0.01,94.4847,Aquifer,True,,,0.0,0.2275,NO-GO
2026-08-22T20:00:03+00:00,0.01,94.5094,Aquifer,True,,,0.0,0.2276,NO-GO
2026-08-22T22:00:27+00:00,0.01,93.0629,Flux→Aquifer→Manifest,True,,,0.0,0.2241,NO-GO
2026-08-22T23:00:39+00:00,0.01,93.5027,Meteora DLMM→Deriverse,True,,,0.0,0.2252,NO-GO
2026-08-23T00:00:52+00:00,0.01,93.949,BisonFi,True,,,0.0,0.2262,NO-GO
2026-08-23T01:00:03+00:00,0.01,96.3616,BisonFi→GoonFi V2,False,,,0.0,0.232,NO-GO
2026-08-23T02:00:15+00:00,0.01,95.9585,PancakeSwap,True,,,0.0,0.2311,NO-GO
2026-08-23T03:00:28+00:00,0.01,94.9386,Raydium CLMM→Aquifer→ZeroFi,True,,,0.0,0.2286,NO-GO
2026-08-23T04:00:01+00:00,0.01,93.6933,Raydium CLMM,True,,,0.0,0.2256,NO-GO
2026-08-23T05:00:13+00:00,0.01,92.7263,Aquifer→Byreal,True,,,0.0,0.2233,NO-GO
2026-08-23T06:00:25+00:00,0.01,92.3035,Byreal→Manifest→Deriverse,True,,,0.0,0.2223,NO-GO
2026-08-23T07:00:36+00:00,0.01,92.1876,Meteora DLMM,True,,,0.0,0.222,NO-GO
2026-08-23T08:00:48+00:00,0.01,92.411,Byreal→Manifest→AlphaQ,True,,,0.0,0.2225,NO-GO
2026-08-23T09:00:58+00:00,0.01,93.1598,Aquifer→GoonFi V2,True,,,0.0,0.2243,NO-GO
2026-08-23T10:00:15+00:00,0.01,93.2955,Meteora→SolFi V2,True,,,0.0,0.2247,NO-GO
2026-08-23T11:00:29+00:00,0.01,93.6508,Byreal→Manifest,True,,,0.0,0.2255,NO-GO
2026-08-23T12:00:41+00:00,0.01,94.5835,PancakeSwap,True,,,0.0,0.2278,NO-GO
2026-08-23T13:00:49+00:00,0.01,94.5897,Byreal,True,,,0.0,0.2278,NO-GO
2026-08-23T14:00:59+00:00,0.01,95.4108,Byreal→Manifest,False,,,0.0,0.2297,NO-GO
2026-08-23T15:00:12+00:00,0.01,95.0872,Raydium CLMM→Manifest,True,,,0.0,0.229,NO-GO
2026-08-23T16:00:21+00:00,0.01,95.4045,Byreal→Manifest→Deriverse,True,,,0.0,0.2297,NO-GO
2026-08-23T17:00:34+00:00,0.01,95.4376,BisonFi,True,,,0.0,0.2298,NO-GO
2026-08-23T18:00:46+00:00,0.01,95.1134,Aquifer,True,,,0.0,0.229,NO-GO
2026-08-23T19:00:59+00:00,0.01,95.3984,Meteora DLMM→Manifest,True,,,0.0,0.2297,NO-GO
2026-08-23T20:00:11+00:00,0.01,95.0378,Meteora→SolFi V2,True,,,0.0,0.2289,NO-GO
2026-08-23T22:00:36+00:00,0.01,95.6259,Deriverse,True,,,0.0,0.2303,NO-GO
2026-08-23T23:00:49+00:00,0.01,95.5952,Meteora DLMM,True,,,0.0,0.2302,NO-GO
2026-08-24T00:00:03+00:00,0.01,95.4405,Whirlpool→Manifest→AlphaQ,True,,,0.0,0.2298,NO-GO
2026-08-24T01:00:16+00:00,0.01,95.4696,BisonFi,True,,,0.0,0.2299,NO-GO
2026-08-24T02:00:26+00:00,0.01,93.9549,Whirlpool→AlphaQ,True,,,0.0,0.2262,NO-GO
2026-08-24T03:00:40+00:00,0.01,94.6079,Quantum,True,,,0.0,0.2278,NO-GO
2026-08-24T04:00:03+00:00,0.01,93.7751,Flux→AlphaQ,True,,,0.0,0.2258,NO-GO
2026-08-24T05:00:12+00:00,0.01,94.2031,Aquifer→SolFi V2,True,,,0.0,0.2268,NO-GO
2026-08-24T07:04:30+00:00,0.01,94.7916,Meteora DLMM,True,,,0.0,0.2283,NO-GO
2026-08-24T11:40:20+00:00,0.01,95.8526,Flux→GoonFi V2,False,,,0.0,0.2308,NO-GO
2026-08-24T12:13:28+00:00,0.01,95.3834,Deriverse,False,,,0.0,0.2297,NO-GO
2026-08-24T14:21:47+00:00,0.01,95.7224,ZeroFi,False,,,0.0,0.2305,NO-GO
2026-08-24T15:26:23+00:00,0.01,97.1385,BisonFi,True,,,0.0,0.2339,NO-GO
2026-08-24T17:02:52+00:00,0.01,95.4251,Raydium CLMM,True,,,0.0,0.2298,NO-GO
2026-08-24T18:07:40+00:00,0.01,95.9191,1DEX,True,,,0.0,0.231,NO-GO
2026-08-24T19:12:47+00:00,0.01,95.9144,Byreal→Manifest→Stableswap,True,,,0.0,0.231,NO-GO
2026-08-24T20:01:03+00:00,0.01,96.4753,Whirlpool→Manifest,True,,,0.0,0.2323,NO-GO
2026-08-24T21:16:34+00:00,0.01,96.7859,Byreal→Manifest→GoonFi V2,False,,,0.0,0.2331,NO-GO
2026-08-25T02:06:18+00:00,0.01,100.2865,Whirlpool→Aquifer,True,,,0.0,0.2415,NO-GO
2026-08-25T03:00:45+00:00,0.01,101.1296,ZeroFi,False,,,0.0,0.2435,NO-GO
2026-08-25T05:07:02+00:00,0.01,101.8678,Raydium CLMM→Manifest,True,,,0.0,0.2453,NO-GO
2026-08-25T07:00:48+00:00,0.01,100.9256,BisonFi→Deriverse,True,,,0.0,0.243,NO-GO
2026-08-25T08:00:59+00:00,0.01,100.2672,Raydium CLMM→Deriverse,True,,,0.0,0.2414,NO-GO
2026-08-25T09:00:13+00:00,0.01,100.3633,Byreal→Manifest→Deriverse,True,,,0.0,0.2417,NO-GO
2026-08-25T10:00:27+00:00,0.01,99.8304,BisonFi→Manifest,True,,,0.0,0.2404,NO-GO
2026-08-25T11:00:39+00:00,0.01,99.6169,Byreal,True,,,0.0,0.2399,NO-GO
2026-08-25T12:00:59+00:00,0.01,98.6395,Whirlpool→AlphaQ,True,,,0.0,0.2375,NO-GO
2026-08-25T13:00:13+00:00,0.01,98.5707,Raydium CLMM→Byreal,True,,,0.0,0.2374,NO-GO
2026-08-25T14:00:27+00:00,0.01,97.129,PancakeSwap→GoonFi V2,True,,,0.0,0.2339,NO-GO
2026-08-25T15:00:40+00:00,0.01,98.0711,Aquifer→Manifest,True,,,0.0,0.2362,NO-GO
2026-08-25T17:08:55+00:00,0.01,97.5111,Flux,True,,,0.0,0.2348,NO-GO
2026-08-25T18:13:40+00:00,0.01,98.4668,Quantum,True,,,0.0,0.2371,NO-GO
2026-08-25T19:02:06+00:00,0.01,98.5562,Byreal,True,,,0.0,0.2373,NO-GO
2026-08-25T20:19:33+00:00,0.01,98.0793,Whirlpool→Manifest,True,,,0.0,0.2362,NO-GO
2026-08-25T21:10:01+00:00,0.01,96.0904,Meteora DLMM→Deriverse,False,,,0.0,0.2314,NO-GO
2026-08-25T22:02:08+00:00,0.01,97.3449,Flux→Deriverse,True,,,0.0,0.2344,NO-GO
2026-08-25T23:07:37+00:00,0.01,97.2185,Raydium CLMM→Deriverse,False,,,0.0,0.2341,NO-GO
2026-08-26T01:17:00+00:00,0.01,97.0454,Quantum,False,,,0.0,0.2337,NO-GO
2026-08-26T04:00:30+00:00,0.01,97.0073,Meteora DLMM,True,,,0.0,0.2336,NO-GO
2026-08-26T05:00:46+00:00,0.01,96.6208,Quantum,True,,,0.0,0.2327,NO-GO
2026-08-26T06:01:00+00:00,0.01,97.1223,Meteora DLMM,True,,,0.0,0.2339,NO-GO
2026-08-26T07:00:12+00:00,0.01,96.783,Flux,True,,,0.0,0.2331,NO-GO
2026-08-26T08:00:25+00:00,0.01,96.9555,Deriverse,True,,,0.0,0.2335,NO-GO
2026-08-26T09:00:39+00:00,0.01,96.8631,Quantum,True,,,0.0,0.2332,NO-GO
2026-08-26T10:00:52+00:00,0.01,96.1438,Byreal,True,,,0.0,0.2315,NO-GO
2026-08-26T11:00:06+00:00,0.01,97.4866,ZeroFi,True,,,0.0,0.2347,NO-GO
2026-08-26T12:00:17+00:00,0.01,97.0802,Meteora DLMM,True,,,0.0,0.2338,NO-GO
2026-08-26T13:00:27+00:00,0.01,97.04,Quantum,True,,,0.0,0.2337,NO-GO
2026-08-26T14:00:41+00:00,0.01,96.4143,Raydium CLMM,True,,,0.0,0.2322,NO-GO
2026-08-26T15:00:50+00:00,0.01,95.5338,Deriverse,True,,,0.0,0.23,NO-GO
2026-08-26T16:23:39+00:00,0.01,95.7538,Deriverse,True,,,0.0,0.2306,NO-GO
2026-08-26T17:28:21+00:00,0.01,96.9211,1DEX,True,,,0.0,0.2334,NO-GO
2026-08-26T18:07:43+00:00,0.01,96.8299,Quantum,True,,,0.0,0.2332,NO-GO
2026-08-26T19:11:50+00:00,0.01,96.5844,Raydium CLMM,True,,,0.0,0.2326,NO-GO
2026-08-26T20:01:24+00:00,0.01,96.6773,Whirlpool→Manifest,True,,,0.0,0.2328,NO-GO
2026-08-26T21:13:30+00:00,0.01,97.4631,1DEX,True,,,0.0,0.2347,NO-GO
2026-08-26T22:24:24+00:00,0.01,100.1993,Raydium CLMM→Deriverse,True,,,0.0,0.2413,NO-GO
2026-08-27T00:12:21+00:00,0.01,101.1449,Deriverse,True,,,0.0,0.2436,NO-GO
2026-08-27T01:08:00+00:00,0.01,100.685,BisonFi,True,,,0.0,0.2424,NO-GO
2026-08-27T02:09:13+00:00,0.01,101.8299,Invariant,True,,,0.0,0.2452,NO-GO
2026-08-27T03:09:47+00:00,0.01,101.138,Raydium CLMM→AlphaQ,True,,,0.0,0.2435,NO-GO
2026-08-27T04:10:53+00:00,0.01,101.271,Quantum,True,,,0.0,0.2439,NO-GO
2026-08-27T05:40:21+00:00,0.01,101.2731,1DEX,True,,,0.0,0.2439,NO-GO
2026-08-27T07:00:45+00:00,0.01,101.2272,Quantum,True,,,0.0,0.2438,NO-GO
2026-08-27T09:31:47+00:00,0.01,105.2942,BisonFi,True,,,0.0,0.2535,NO-GO
2026-08-27T10:01:23+00:00,0.01,104.4549,Kipseli,False,,,0.0,0.2515,NO-GO
2026-08-27T11:01:43+00:00,0.01,104.1187,GoonFi V2,True,,,0.0,0.2507,NO-GO
2026-08-27T12:02:56+00:00,0.01,104.246,Quantum,True,,,0.0,0.251,NO-GO
2026-08-27T13:03:46+00:00,0.01,104.5194,Whirlpool→AlphaQ,True,,,0.0,0.2517,NO-GO
2026-08-27T14:04:11+00:00,0.01,106.6535,Quantum,True,,,0.0,0.2568,NO-GO
2026-08-27T15:01:57+00:00,0.01,107.2259,Byreal,True,,,0.0,0.2582,NO-GO
2026-08-27T17:00:39+00:00,0.01,109.0557,Byreal→Manifest,True,,,0.0,0.2626,NO-GO
2026-08-27T19:14:53+00:00,0.01,109.0033,Aquifer,True,,,0.0,0.2625,NO-GO
2026-08-27T20:10:57+00:00,0.01,109.0223,Byreal→Manifest→Deriverse,True,,,0.0,0.2625,NO-GO
2026-08-27T22:25:49+00:00,0.01,109.4303,Quantum,True,,,0.0,0.2635,NO-GO
2026-08-27T23:00:37+00:00,0.01,109.1679,Aquifer,True,,,0.0,0.2629,NO-GO
2026-08-28T00:18:17+00:00,0.01,109.5033,Whirlpool→Aquifer,True,,,0.0,0.2637,NO-GO
2026-08-28T01:35:22+00:00,0.01,109.2965,BisonFi,True,,,0.0,0.2632,NO-GO
2026-08-28T02:34:48+00:00,0.01,107.0891,BisonFi,True,,,0.0,0.2579,NO-GO
2026-08-28T03:03:05+00:00,0.01,106.2547,Meteora DLMM,True,,,0.0,0.2559,NO-GO
2026-08-28T04:05:46+00:00,0.01,107.026,Byreal→AlphaQ,True,,,0.0,0.2577,NO-GO
2026-08-28T05:00:53+00:00,0.01,106.7402,Byreal,False,,,0.0,0.257,NO-GO
2026-08-28T06:00:57+00:00,0.01,107.3195,Quantum,False,,,0.0,0.2584,NO-GO
2026-08-28T07:00:15+00:00,0.01,107.5411,Raydium CLMM→AlphaQ,True,,,0.0,0.259,NO-GO
2026-08-28T08:00:30+00:00,0.01,106.5067,Quantum,True,,,0.0,0.2565,NO-GO
2026-08-28T09:08:55+00:00,0.01,106.2965,BisonFi,True,,,0.0,0.256,NO-GO
2026-08-28T11:24:58+00:00,0.01,106.3902,BisonFi,True,,,0.0,0.2562,NO-GO
2026-08-28T12:01:00+00:00,0.01,105.7614,1DEX,True,,,0.0,0.2547,NO-GO
2026-08-28T13:00:12+00:00,0.01,104.8604,Byreal→AlphaQ,True,,,0.0,0.2525,NO-GO
2026-08-28T14:00:25+00:00,0.01,105.9281,Meteora DLMM,True,,,0.0,0.2551,NO-GO
2026-08-28T15:11:29+00:00,0.01,105.5635,Quantum,False,,,0.0,0.2542,NO-GO
2026-08-28T17:12:45+00:00,0.01,104.9669,Raydium CLMM,True,,,0.0,0.2528,NO-GO
2026-08-28T18:01:04+00:00,0.01,104.6304,PancakeSwap,True,,,0.0,0.252,NO-GO
2026-08-28T20:37:39+00:00,0.01,103.6484,Invariant,True,,,0.0,0.2496,NO-GO
2026-08-28T21:09:38+00:00,0.01,103.7817,Quantum,True,,,0.0,0.2499,NO-GO
2026-08-28T22:29:38+00:00,0.01,103.9076,BisonFi,True,,,0.0,0.2502,NO-GO
2026-08-29T00:15:43+00:00,0.01,104.3344,Raydium CLMM,False,,,0.0,0.2512,NO-GO
2026-08-29T08:30:08+00:00,0.01,103.4881,Byreal→Aquifer→AlphaQ,True,,,0.0,0.2492,NO-GO
2026-08-29T09:00:06+00:00,0.01,103.4934,Quantum,True,,,0.0,0.2492,NO-GO
2026-08-29T10:00:20+00:00,0.01,103.3325,Whirlpool→Aquifer,True,,,0.0,0.2488,NO-GO
