ts,symbol,ex,basis_bps
2026-08-09T02:19:49+00:00,BTC,okx,-4.30
2026-08-09T02:19:50+00:00,ETH,okx,-4.70
2026-08-09T02:19:52+00:00,SOL,okx,-5.27
2026-08-09T02:19:53+00:00,DOGE,okx,-4.28
2026-08-09T02:19:55+00:00,XRP,okx,-3.86
2026-08-09T02:19:56+00:00,BNB,okx,-4.99
2026-08-09T02:19:58+00:00,ADA,okx,-5.02
2026-08-09T02:19:59+00:00,AVAX,okx,-4.63
2026-08-09T02:20:01+00:00,LINK,okx,-6.02
2026-08-09T02:20:02+00:00,SUI,okx,-4.35
2026-08-09T02:20:07+00:00,BTC,bitget,-4.15
2026-08-09T02:20:08+00:00,ETH,bitget,-5.06
2026-08-09T02:20:10+00:00,SOL,bitget,-4.88
2026-08-09T02:20:11+00:00,DOGE,bitget,-8.57
2026-08-09T02:20:13+00:00,XRP,bitget,-3.86
2026-08-09T02:20:14+00:00,BNB,bitget,-5.65
2026-08-09T02:20:15+00:00,ADA,bitget,-5.02
2026-08-09T02:20:17+00:00,AVAX,bitget,-9.25
2026-08-09T02:20:18+00:00,LINK,bitget,-4.82
2026-08-09T02:20:20+00:00,SUI,bitget,-7.25
2026-08-09T02:20:24+00:00,BTC,kucoin,-4.26
2026-08-09T02:20:26+00:00,ETH,kucoin,-4.70
2026-08-09T02:20:27+00:00,SOL,kucoin,-3.43
2026-08-09T02:20:29+00:00,DOGE,kucoin,-7.14
2026-08-09T02:20:30+00:00,XRP,kucoin,-2.32
2026-08-09T02:20:32+00:00,BNB,kucoin,-6.98
2026-08-09T02:20:33+00:00,ADA,kucoin,-10.03
2026-08-09T02:20:35+00:00,AVAX,kucoin,-7.71
2026-08-09T02:20:36+00:00,LINK,kucoin,-8.67
2026-08-09T02:20:38+00:00,SUI,kucoin,0.00
2026-08-09T02:20:48+00:00,BTC,gate,-4.24
2026-08-09T02:20:49+00:00,ETH,gate,-4.44
2026-08-09T02:20:50+00:00,SOL,gate,-5.27
2026-08-09T02:20:51+00:00,DOGE,gate,-8.57
2026-08-09T02:20:52+00:00,XRP,gate,-5.79
2026-08-09T02:20:53+00:00,BNB,gate,-3.33
2026-08-09T02:20:54+00:00,ADA,gate,-7.52
2026-08-09T02:20:55+00:00,AVAX,gate,-4.62
2026-08-09T02:20:56+00:00,LINK,gate,-4.82
2026-08-09T02:20:57+00:00,SUI,gate,-4.35
2026-08-09T08:00:24+00:00,BTC,okx,-5.95
2026-08-09T08:00:28+00:00,ETH,okx,-5.47
2026-08-09T08:00:30+00:00,SOL,okx,-6.55
2026-08-09T08:00:33+00:00,DOGE,okx,-5.70
2026-08-09T08:00:35+00:00,XRP,okx,-4.82
2026-08-09T08:00:38+00:00,BNB,okx,-3.32
2026-08-09T08:00:40+00:00,ADA,okx,-5.04
2026-08-09T08:00:45+00:00,AVAX,okx,-4.63
2026-08-09T08:00:47+00:00,LINK,okx,-4.80
2026-08-09T08:00:50+00:00,SUI,okx,-2.89
2026-08-09T08:01:15+00:00,BTC,bitget,-4.59
2026-08-09T08:01:18+00:00,ETH,bitget,-4.01
2026-08-09T08:01:20+00:00,SOL,bitget,-3.54
2026-08-09T08:01:23+00:00,DOGE,bitget,-7.13
2026-08-09T08:01:26+00:00,XRP,bitget,-1.93
2026-08-09T08:01:29+00:00,BNB,bitget,-6.63
2026-08-09T08:01:31+00:00,ADA,bitget,-5.04
2026-08-09T08:01:34+00:00,AVAX,bitget,-6.17
2026-08-09T08:01:37+00:00,LINK,bitget,-4.80
2026-08-09T08:01:41+00:00,SUI,bitget,-4.33
2026-08-09T08:01:59+00:00,BTC,kucoin,-4.83
2026-08-09T08:02:01+00:00,ETH,kucoin,-4.27
2026-08-09T08:02:04+00:00,SOL,kucoin,-4.97
2026-08-09T08:02:06+00:00,DOGE,kucoin,-1.42
2026-08-09T08:02:09+00:00,XRP,kucoin,-1.73
2026-08-09T08:02:10+00:00,BNB,kucoin,-6.43
2026-08-09T08:02:13+00:00,ADA,kucoin,-5.54
2026-08-09T08:02:15+00:00,AVAX,kucoin,-4.63
2026-08-09T08:02:17+00:00,LINK,kucoin,-1.68
2026-08-09T08:02:19+00:00,SUI,kucoin,1.44
2026-08-09T08:02:45+00:00,BTC,gate,-5.75
2026-08-09T08:02:47+00:00,ETH,gate,-6.76
2026-08-09T08:02:48+00:00,SOL,gate,-5.23
2026-08-09T08:02:49+00:00,DOGE,gate,-5.70
2026-08-09T08:02:51+00:00,XRP,gate,-5.78
2026-08-09T08:02:53+00:00,BNB,gate,-3.32
2026-08-09T08:02:55+00:00,ADA,gate,-2.01
2026-08-09T08:02:57+00:00,AVAX,gate,-9.25
2026-08-09T08:02:59+00:00,LINK,gate,-2.40
2026-08-09T08:03:00+00:00,SUI,gate,-5.77
2026-08-09T13:56:44+00:00,BTC,okx,-4.55
2026-08-09T13:56:45+00:00,ETH,okx,-5.15
2026-08-09T13:56:46+00:00,SOL,okx,-7.83
2026-08-09T13:56:47+00:00,DOGE,okx,-2.84
2026-08-09T13:56:48+00:00,XRP,okx,-2.89
2026-08-09T13:56:49+00:00,BNB,okx,-3.30
2026-08-09T13:56:50+00:00,ADA,okx,-15.18
2026-08-09T13:56:51+00:00,AVAX,okx,-6.17
2026-08-09T13:56:52+00:00,LINK,okx,-6.02
2026-08-09T13:56:53+00:00,SUI,okx,-1.44
2026-08-09T13:56:57+00:00,BTC,bitget,-4.89
2026-08-09T13:56:58+00:00,ETH,bitget,-4.47
2026-08-09T13:56:59+00:00,SOL,bitget,-5.22
2026-08-09T13:57:00+00:00,DOGE,bitget,-8.53
2026-08-09T13:57:01+00:00,XRP,bitget,-3.85
2026-08-09T13:57:02+00:00,BNB,bitget,-4.45
2026-08-09T13:57:03+00:00,ADA,bitget,-5.06
2026-08-09T13:57:04+00:00,AVAX,bitget,-4.63
2026-08-09T13:57:05+00:00,LINK,bitget,-3.61
2026-08-09T13:57:06+00:00,SUI,bitget,-8.63
2026-08-09T13:57:12+00:00,BTC,kucoin,-4.97
2026-08-09T13:57:14+00:00,ETH,kucoin,-5.41
2026-08-09T13:57:17+00:00,SOL,kucoin,-7.05
2026-08-09T13:57:19+00:00,DOGE,kucoin,-4.27
2026-08-09T13:57:20+00:00,XRP,kucoin,0.48
2026-08-09T13:57:22+00:00,BNB,kucoin,-1.81
2026-08-09T13:57:23+00:00,ADA,kucoin,-2.02
2026-08-09T13:57:24+00:00,AVAX,kucoin,-7.72
2026-08-09T13:57:26+00:00,LINK,kucoin,-6.75
2026-08-09T13:57:28+00:00,SUI,kucoin,-1.44
2026-08-09T13:58:53+00:00,BTC,okx,-5.06
2026-08-09T13:58:57+00:00,ETH,okx,-5.93
2026-08-09T13:58:59+00:00,SOL,okx,-7.83
2026-08-09T13:59:01+00:00,DOGE,okx,-4.27
2026-08-09T13:59:04+00:00,XRP,okx,-3.85
2026-08-09T13:59:06+00:00,BNB,okx,-4.94
2026-08-09T13:59:10+00:00,ADA,okx,-10.12
2026-08-09T13:59:12+00:00,AVAX,okx,-7.72
2026-08-09T13:59:14+00:00,LINK,okx,-7.23
2026-08-09T13:59:20+00:00,SUI,okx,-1.44
2026-08-09T14:00:14+00:00,BTC,okx,-4.78
2026-08-09T14:00:15+00:00,ETH,okx,-5.30
2026-08-09T14:00:16+00:00,SOL,okx,-5.22
2026-08-09T14:00:17+00:00,DOGE,okx,-4.27
2026-08-09T14:00:18+00:00,XRP,okx,-4.81
2026-08-09T14:00:19+00:00,BNB,okx,-4.94
2026-08-09T14:00:20+00:00,ADA,okx,-10.13
2026-08-09T14:00:22+00:00,AVAX,okx,-7.71
2026-08-09T14:00:23+00:00,LINK,okx,-8.43
2026-08-09T14:00:24+00:00,SUI,okx,-4.31
2026-08-09T14:00:27+00:00,BTC,bitget,-4.75
2026-08-09T14:00:28+00:00,ETH,bitget,-4.26
2026-08-09T14:00:30+00:00,SOL,bitget,-4.18
2026-08-09T14:00:31+00:00,DOGE,bitget,-7.11
2026-08-09T14:00:32+00:00,XRP,bitget,-3.85
2026-08-09T14:00:33+00:00,BNB,bitget,-6.92
2026-08-09T14:00:34+00:00,ADA,bitget,-5.07
2026-08-09T14:00:35+00:00,AVAX,bitget,-3.09
2026-08-09T14:00:36+00:00,LINK,bitget,-2.41
2026-08-09T14:00:37+00:00,SUI,bitget,-7.19
2026-08-09T14:00:40+00:00,BTC,kucoin,-4.85
2026-08-09T14:00:41+00:00,ETH,kucoin,-3.74
2026-08-09T14:00:42+00:00,SOL,kucoin,-5.35
2026-08-09T14:00:43+00:00,DOGE,kucoin,-2.84
2026-08-09T14:00:44+00:00,XRP,kucoin,2.70
2026-08-09T14:00:45+00:00,BNB,kucoin,-3.48
2026-08-09T14:00:46+00:00,ADA,kucoin,-11.65
2026-08-09T14:00:47+00:00,AVAX,kucoin,-4.63
2026-08-09T14:00:48+00:00,LINK,kucoin,-8.31
2026-08-09T14:00:49+00:00,SUI,kucoin,0.00
2026-08-09T14:01:53+00:00,BTC,gate,-6.10
2026-08-09T14:01:54+00:00,ETH,gate,-4.99
2026-08-09T14:01:56+00:00,SOL,gate,-6.53
2026-08-09T14:01:58+00:00,DOGE,gate,-2.84
2026-08-09T14:01:59+00:00,XRP,gate,-4.81
2026-08-09T14:02:00+00:00,BNB,gate,-4.12
2026-08-09T14:02:01+00:00,ADA,gate,-6.08
2026-08-09T14:02:04+00:00,AVAX,gate,-4.63
2026-08-09T14:02:05+00:00,LINK,gate,-4.82
2026-08-09T14:02:07+00:00,SUI,gate,-5.75
2026-08-09T16:00:43+00:00,BTC,okx,-4.42
2026-08-09T16:00:45+00:00,ETH,okx,-4.83
2026-08-09T16:00:46+00:00,SOL,okx,-6.46
2026-08-09T16:00:48+00:00,DOGE,okx,-2.83
2026-08-09T16:00:49+00:00,XRP,okx,-3.83
2026-08-09T16:00:51+00:00,BNB,okx,-3.29
2026-08-09T16:00:53+00:00,ADA,okx,-5.06
2026-08-09T16:00:54+00:00,AVAX,okx,-6.10
2026-08-09T16:00:56+00:00,LINK,okx,-7.18
2026-08-09T16:00:57+00:00,SUI,okx,-5.70
2026-08-09T16:01:04+00:00,BTC,bitget,-6.35
2026-08-09T16:01:06+00:00,ETH,bitget,-4.26
2026-08-09T16:01:08+00:00,SOL,bitget,-4.39
2026-08-09T16:01:09+00:00,DOGE,bitget,-7.06
2026-08-09T16:01:11+00:00,XRP,bitget,-5.75
2026-08-09T16:01:12+00:00,BNB,bitget,-4.27
2026-08-09T16:01:14+00:00,ADA,bitget,-10.11
2026-08-09T16:01:15+00:00,AVAX,bitget,-3.05
2026-08-09T16:01:17+00:00,LINK,bitget,-5.98
2026-08-09T16:01:19+00:00,SUI,bitget,-7.12
2026-08-09T16:01:23+00:00,BTC,kucoin,-5.23
2026-08-09T16:01:24+00:00,ETH,kucoin,-5.19
2026-08-09T16:01:26+00:00,SOL,kucoin,5.16
2026-08-09T16:01:28+00:00,DOGE,kucoin,-5.65
2026-08-09T16:01:29+00:00,XRP,kucoin,-0.29
2026-08-09T16:01:31+00:00,BNB,kucoin,-3.37
2026-08-09T16:01:32+00:00,ADA,kucoin,-4.05
2026-08-09T16:01:34+00:00,AVAX,kucoin,-6.10
2026-08-09T16:01:35+00:00,LINK,kucoin,-7.06
2026-08-09T16:01:37+00:00,SUI,kucoin,-4.27
2026-08-09T16:01:47+00:00,BTC,gate,-5.00
2026-08-09T16:01:49+00:00,ETH,gate,-4.98
2026-08-09T16:01:50+00:00,SOL,gate,-5.17
2026-08-09T16:01:51+00:00,DOGE,gate,-4.24
2026-08-09T16:01:53+00:00,XRP,gate,-6.71
2026-08-09T16:01:54+00:00,BNB,gate,-3.29
2026-08-09T16:01:55+00:00,ADA,gate,-11.13
2026-08-09T16:01:56+00:00,AVAX,gate,-7.63
2026-08-09T16:01:57+00:00,LINK,gate,-7.18
2026-08-09T16:01:58+00:00,SUI,gate,-4.28
2026-08-10T00:00:11+00:00,BTC,okx,-3.31
2026-08-10T00:00:12+00:00,ETH,okx,-4.35
2026-08-10T00:00:13+00:00,SOL,okx,-3.94
2026-08-10T00:00:14+00:00,DOGE,okx,-5.78
2026-08-10T00:00:15+00:00,XRP,okx,-6.80
2026-08-10T00:00:16+00:00,BNB,okx,-4.98
2026-08-10T00:00:17+00:00,ADA,okx,-15.46
2026-08-10T00:00:19+00:00,AVAX,okx,-14.06
2026-08-10T00:00:20+00:00,LINK,okx,-7.33
2026-08-10T00:00:21+00:00,SUI,okx,-8.75
2026-08-10T00:00:24+00:00,BTC,bitget,-4.38
2026-08-10T00:00:25+00:00,ETH,bitget,-5.29
2026-08-10T00:00:26+00:00,SOL,bitget,-4.59
2026-08-10T00:00:27+00:00,DOGE,bitget,-5.79
2026-08-10T00:00:29+00:00,XRP,bitget,-4.86
2026-08-10T00:00:30+00:00,BNB,bitget,-7.97
2026-08-10T00:00:31+00:00,ADA,bitget,-5.15
2026-08-10T00:00:32+00:00,AVAX,bitget,-15.62
2026-08-10T00:00:33+00:00,LINK,bitget,-4.89
2026-08-10T00:00:34+00:00,SUI,bitget,-17.50
2026-08-10T00:00:37+00:00,BTC,kucoin,-5.87
2026-08-10T00:00:38+00:00,ETH,kucoin,-4.56
2026-08-10T00:00:39+00:00,SOL,kucoin,-1.57
2026-08-10T00:00:40+00:00,DOGE,kucoin,-5.78
2026-08-10T00:00:41+00:00,XRP,kucoin,-0.49
2026-08-10T00:00:42+00:00,BNB,kucoin,-2.86
2026-08-10T00:00:43+00:00,ADA,kucoin,-6.70
2026-08-10T00:00:44+00:00,AVAX,kucoin,-9.39
2026-08-10T00:00:45+00:00,LINK,kucoin,-10.64
2026-08-10T00:00:46+00:00,SUI,kucoin,-11.67
2026-08-10T00:00:53+00:00,BTC,gate,-2.97
2026-08-10T00:00:54+00:00,ETH,gate,-0.21
2026-08-10T00:00:55+00:00,SOL,gate,2.62
2026-08-10T00:00:56+00:00,DOGE,gate,-5.78
2026-08-10T00:00:57+00:00,XRP,gate,-5.83
2026-08-10T00:00:57+00:00,BNB,gate,-6.63
2026-08-10T00:00:58+00:00,ADA,gate,-12.37
2026-08-10T00:00:59+00:00,AVAX,gate,-4.70
2026-08-10T00:01:00+00:00,LINK,gate,-9.78
2026-08-10T00:01:01+00:00,SUI,gate,-7.29
2026-08-10T08:00:53+00:00,BTC,okx,-4.67
2026-08-10T08:00:54+00:00,ETH,okx,-4.57
2026-08-10T08:00:56+00:00,SOL,okx,-5.19
2026-08-10T08:00:57+00:00,DOGE,okx,-4.28
2026-08-10T08:00:58+00:00,XRP,okx,-6.75
2026-08-10T08:00:59+00:00,BNB,okx,-1.66
2026-08-10T08:01:00+00:00,ADA,okx,-5.05
2026-08-10T08:01:02+00:00,AVAX,okx,-7.65
2026-08-10T08:01:03+00:00,LINK,okx,-6.08
2026-08-10T08:01:04+00:00,SUI,okx,-1.44
2026-08-10T08:01:09+00:00,BTC,bitget,-4.75
2026-08-10T08:01:10+00:00,ETH,bitget,-5.56
2026-08-10T08:01:11+00:00,SOL,bitget,-5.45
2026-08-10T08:01:12+00:00,DOGE,bitget,-7.14
2026-08-10T08:01:14+00:00,XRP,bitget,-8.67
2026-08-10T08:01:15+00:00,BNB,bitget,-8.77
2026-08-10T08:01:16+00:00,ADA,bitget,-10.09
2026-08-10T08:01:17+00:00,AVAX,bitget,-12.23
2026-08-10T08:01:18+00:00,LINK,bitget,-9.72
2026-08-10T08:01:19+00:00,SUI,bitget,-7.19
2026-08-10T08:01:23+00:00,BTC,kucoin,-5.00
2026-08-10T08:01:24+00:00,ETH,kucoin,-3.95
2026-08-10T08:01:26+00:00,SOL,kucoin,-2.47
2026-08-10T08:01:27+00:00,DOGE,kucoin,-8.56
2026-08-10T08:01:28+00:00,XRP,kucoin,-1.35
2026-08-10T08:01:29+00:00,BNB,kucoin,-6.57
2026-08-10T08:01:30+00:00,ADA,kucoin,-6.56
2026-08-10T08:01:31+00:00,AVAX,kucoin,-1.53
2026-08-10T08:01:32+00:00,LINK,kucoin,-11.42
2026-08-10T08:01:33+00:00,SUI,kucoin,-10.06
2026-08-10T08:01:52+00:00,BTC,gate,-5.24
2026-08-10T08:01:54+00:00,ETH,gate,-4.10
2026-08-10T08:01:54+00:00,SOL,gate,-3.90
2026-08-10T08:01:55+00:00,DOGE,gate,-5.71
2026-08-10T08:01:56+00:00,XRP,gate,-2.89
2026-08-10T08:01:57+00:00,BNB,gate,-1.65
2026-08-10T08:01:58+00:00,ADA,gate,-5.05
2026-08-10T08:01:59+00:00,AVAX,gate,-1.53
2026-08-10T08:02:00+00:00,LINK,gate,-3.65
2026-08-10T08:02:00+00:00,SUI,gate,-5.75
2026-08-10T16:00:36+00:00,BTC,okx,-3.67
2026-08-10T16:00:38+00:00,ETH,okx,-4.48
2026-08-10T16:00:40+00:00,SOL,okx,-3.95
2026-08-10T16:00:42+00:00,DOGE,okx,-2.87
2026-08-10T16:00:43+00:00,XRP,okx,-4.89
2026-08-10T16:00:46+00:00,BNB,okx,-3.33
2026-08-10T16:00:48+00:00,ADA,okx,-5.13
2026-08-10T16:00:50+00:00,AVAX,okx,-10.80
2026-08-10T16:00:52+00:00,LINK,okx,-3.62
2026-08-10T16:00:55+00:00,SUI,okx,-4.34
2026-08-10T16:01:20+00:00,BTC,bitget,-3.68
2026-08-10T16:01:22+00:00,ETH,bitget,-2.24
2026-08-10T16:01:24+00:00,SOL,bitget,-2.76
2026-08-10T16:01:26+00:00,DOGE,bitget,-4.31
2026-08-10T16:01:28+00:00,XRP,bitget,-3.91
2026-08-10T16:01:30+00:00,BNB,bitget,-7.65
2026-08-10T16:01:32+00:00,ADA,bitget,-5.13
2026-08-10T16:01:34+00:00,AVAX,bitget,-4.64
2026-08-10T16:01:36+00:00,LINK,bitget,-4.82
2026-08-10T16:01:38+00:00,SUI,bitget,-2.90
2026-08-10T16:17:29+00:00,BTC,gate,-5.23
2026-08-10T16:17:30+00:00,ETH,gate,-4.00
2026-08-10T16:17:31+00:00,SOL,gate,-2.63
2026-08-10T16:17:32+00:00,DOGE,gate,-4.30
2026-08-10T16:17:34+00:00,XRP,gate,-3.91
2026-08-10T16:17:34+00:00,BNB,gate,-5.82
2026-08-10T16:17:35+00:00,ADA,gate,-5.63
2026-08-10T16:17:37+00:00,AVAX,gate,-9.28
2026-08-10T16:17:37+00:00,LINK,gate,-6.03
2026-08-10T16:17:38+00:00,SUI,gate,-5.79
2026-08-11T00:00:16+00:00,BTC,okx,-5.03
2026-08-11T00:00:17+00:00,ETH,okx,-4.75
2026-08-11T00:00:18+00:00,SOL,okx,-6.58
2026-08-11T00:00:20+00:00,DOGE,okx,-1.44
2026-08-11T00:00:21+00:00,XRP,okx,-7.90
2026-08-11T00:00:22+00:00,BNB,okx,-1.67
2026-08-11T00:00:23+00:00,ADA,okx,-15.86
2026-08-11T00:00:24+00:00,AVAX,okx,-7.77
2026-08-11T00:00:25+00:00,LINK,okx,-6.03
2026-08-11T00:00:26+00:00,SUI,okx,-8.77
2026-08-11T00:00:30+00:00,BTC,bitget,-3.89
2026-08-11T00:00:31+00:00,ETH,bitget,-3.10
2026-08-11T00:00:32+00:00,SOL,bitget,-5.92
2026-08-11T00:00:34+00:00,DOGE,bitget,-4.31
2026-08-11T00:00:35+00:00,XRP,bitget,-4.94
2026-08-11T00:00:36+00:00,BNB,bitget,-5.01
2026-08-11T00:00:37+00:00,ADA,bitget,-10.55
2026-08-11T00:00:38+00:00,AVAX,bitget,-4.66
2026-08-11T00:00:39+00:00,LINK,bitget,-6.02
2026-08-11T00:00:40+00:00,SUI,bitget,-2.92
2026-08-11T00:00:43+00:00,BTC,kucoin,-1.64
2026-08-11T00:00:44+00:00,ETH,kucoin,-5.23
2026-08-11T00:00:45+00:00,SOL,kucoin,-6.19
2026-08-11T00:00:46+00:00,DOGE,kucoin,-2.87
2026-08-11T00:00:47+00:00,XRP,kucoin,-7.31
2026-08-11T00:00:48+00:00,BNB,kucoin,-6.88
2026-08-11T00:00:49+00:00,ADA,kucoin,-13.19
2026-08-11T00:00:50+00:00,AVAX,kucoin,-9.32
2026-08-11T00:00:51+00:00,LINK,kucoin,-7.83
2026-08-11T00:00:52+00:00,SUI,kucoin,-2.92
2026-08-11T00:00:59+00:00,BTC,gate,-4.44
2026-08-11T00:00:59+00:00,ETH,gate,-5.23
2026-08-11T00:01:00+00:00,SOL,gate,-3.95
2026-08-11T00:01:01+00:00,DOGE,gate,-1.44
2026-08-11T00:01:03+00:00,XRP,gate,-4.94
2026-08-11T00:01:03+00:00,BNB,gate,-5.01
2026-08-11T00:01:04+00:00,ADA,gate,6.87
2026-08-11T00:01:05+00:00,AVAX,gate,-7.77
2026-08-11T00:01:06+00:00,LINK,gate,-6.03
2026-08-11T00:01:06+00:00,SUI,gate,-7.31
2026-08-11T08:00:14+00:00,BTC,okx,-4.56
2026-08-11T08:00:17+00:00,ETH,okx,-6.02
2026-08-11T08:00:21+00:00,SOL,okx,-5.28
2026-08-11T08:00:23+00:00,DOGE,okx,-4.28
2026-08-11T08:00:26+00:00,XRP,okx,-6.96
2026-08-11T08:00:28+00:00,BNB,okx,-3.32
2026-08-11T08:00:32+00:00,ADA,okx,-10.61
2026-08-11T08:00:36+00:00,AVAX,okx,-7.71
2026-08-11T08:00:39+00:00,LINK,okx,-9.44
2026-08-11T08:00:42+00:00,SUI,okx,-2.91
2026-08-11T08:00:49+00:00,BTC,bitget,-3.68
2026-08-11T08:00:50+00:00,ETH,bitget,-3.67
2026-08-11T08:00:51+00:00,SOL,bitget,-5.55
2026-08-11T08:00:52+00:00,DOGE,bitget,-7.13
2026-08-11T08:00:54+00:00,XRP,bitget,-2.98
2026-08-11T08:00:55+00:00,BNB,bitget,-7.63
2026-08-11T08:00:56+00:00,ADA,bitget,-15.91
2026-08-11T08:00:57+00:00,AVAX,bitget,-7.71
2026-08-11T08:00:58+00:00,LINK,bitget,-5.90
2026-08-11T08:00:59+00:00,SUI,bitget,-2.91
2026-08-11T08:01:07+00:00,BTC,kucoin,-4.71
2026-08-11T08:01:08+00:00,ETH,kucoin,-5.06
2026-08-11T08:01:09+00:00,SOL,kucoin,-3.17
2026-08-11T08:01:10+00:00,DOGE,kucoin,-5.70
2026-08-11T08:01:11+00:00,XRP,kucoin,-5.57
2026-08-11T08:01:12+00:00,BNB,kucoin,-3.10
2026-08-11T08:01:13+00:00,ADA,kucoin,-5.31
2026-08-11T08:01:14+00:00,AVAX,kucoin,-6.16
2026-08-11T08:01:15+00:00,LINK,kucoin,-4.60
2026-08-11T08:01:17+00:00,SUI,kucoin,-4.36
2026-08-11T08:01:27+00:00,BTC,gate,-3.87
2026-08-11T08:01:28+00:00,ETH,gate,-4.05
2026-08-11T08:01:28+00:00,SOL,gate,-7.92
2026-08-11T08:01:29+00:00,DOGE,gate,-4.28
2026-08-11T08:01:30+00:00,XRP,gate,-2.98
2026-08-11T08:01:31+00:00,BNB,gate,-4.98
2026-08-11T08:01:33+00:00,ADA,gate,-0.53
2026-08-11T08:01:34+00:00,AVAX,gate,4.63
2026-08-11T08:01:35+00:00,LINK,gate,-15.30
2026-08-11T08:01:36+00:00,SUI,gate,-7.27
2026-08-11T16:00:27+00:00,BTC,okx,-3.62
2026-08-11T16:00:28+00:00,ETH,okx,-4.51
2026-08-11T16:00:30+00:00,SOL,okx,-6.68
2026-08-11T16:00:32+00:00,DOGE,okx,-1.42
2026-08-11T16:00:34+00:00,XRP,okx,-5.98
2026-08-11T16:00:36+00:00,BNB,okx,-3.29
2026-08-11T16:00:38+00:00,ADA,okx,-5.41
2026-08-11T16:00:40+00:00,AVAX,okx,-12.92
2026-08-11T16:00:42+00:00,LINK,okx,-3.51
2026-08-11T16:00:43+00:00,SUI,okx,-10.36
2026-08-11T16:00:49+00:00,BTC,bitget,-2.72
2026-08-11T16:00:51+00:00,ETH,bitget,-5.10
2026-08-11T16:00:53+00:00,SOL,bitget,-4.95
2026-08-11T16:00:54+00:00,DOGE,bitget,-5.67
2026-08-11T16:00:56+00:00,XRP,bitget,-5.98
2026-08-11T16:00:58+00:00,BNB,bitget,-8.88
2026-08-11T16:01:00+00:00,ADA,bitget,-16.22
2026-08-11T16:01:02+00:00,AVAX,bitget,-9.67
2026-08-11T16:01:04+00:00,LINK,bitget,-7.02
2026-08-11T16:01:05+00:00,SUI,bitget,-7.40
2026-08-11T16:01:10+00:00,BTC,kucoin,-4.32
2026-08-11T16:01:12+00:00,ETH,kucoin,-6.50
2026-08-11T16:01:14+00:00,SOL,kucoin,-8.01
2026-08-11T16:01:16+00:00,DOGE,kucoin,0.00
2026-08-11T16:01:17+00:00,XRP,kucoin,-4.88
2026-08-11T16:01:19+00:00,BNB,kucoin,-8.02
2026-08-11T16:01:21+00:00,ADA,kucoin,2.70
2026-08-11T16:01:22+00:00,AVAX,kucoin,-8.05
2026-08-11T16:01:24+00:00,LINK,kucoin,-2.81
2026-08-11T16:01:26+00:00,SUI,kucoin,1.48
2026-08-11T16:01:37+00:00,BTC,gate,-2.80
2026-08-11T16:01:38+00:00,ETH,gate,-3.22
2026-08-11T16:01:39+00:00,SOL,gate,-5.34
2026-08-11T16:01:40+00:00,DOGE,gate,-7.08
2026-08-11T16:01:41+00:00,XRP,gate,-5.98
2026-08-11T16:01:43+00:00,BNB,gate,-6.57
2026-08-11T16:01:45+00:00,ADA,gate,-14.59
2026-08-11T16:01:46+00:00,AVAX,gate,-9.67
2026-08-11T16:01:47+00:00,LINK,gate,-7.02
2026-08-11T16:01:48+00:00,SUI,gate,-1.48
2026-08-12T00:00:52+00:00,BTC,okx,-3.71
2026-08-12T00:00:53+00:00,ETH,okx,-5.10
2026-08-12T00:00:54+00:00,SOL,okx,-6.56
2026-08-12T00:00:55+00:00,DOGE,okx,-4.17
2026-08-12T00:00:56+00:00,XRP,okx,-6.84
2026-08-12T00:00:57+00:00,BNB,okx,-3.24
2026-08-12T00:00:59+00:00,ADA,okx,5.35
2026-08-12T00:01:00+00:00,AVAX,okx,-12.66
2026-08-12T00:01:01+00:00,LINK,okx,-3.42
2026-08-12T00:01:02+00:00,SUI,okx,-4.33
2026-08-12T00:01:06+00:00,BTC,bitget,-3.35
2026-08-12T00:01:07+00:00,ETH,bitget,-6.01
2026-08-12T00:01:08+00:00,SOL,bitget,-6.69
2026-08-12T00:01:09+00:00,DOGE,bitget,-6.95
2026-08-12T00:01:10+00:00,XRP,bitget,-5.87
2026-08-12T00:01:11+00:00,BNB,bitget,-5.03
2026-08-12T00:01:12+00:00,ADA,bitget,-5.35
2026-08-12T00:01:13+00:00,AVAX,bitget,-7.92
2026-08-12T00:01:14+00:00,LINK,bitget,-4.55
2026-08-12T00:01:15+00:00,SUI,bitget,-7.22
2026-08-12T00:01:18+00:00,BTC,kucoin,-3.02
2026-08-12T00:01:19+00:00,ETH,kucoin,-3.19
2026-08-12T00:01:20+00:00,SOL,kucoin,-6.43
2026-08-12T00:01:21+00:00,DOGE,kucoin,-2.78
2026-08-12T00:01:22+00:00,XRP,kucoin,-3.23
2026-08-12T00:01:23+00:00,BNB,kucoin,-4.59
2026-08-12T00:01:24+00:00,ADA,kucoin,-5.35
2026-08-12T00:01:25+00:00,AVAX,kucoin,-4.75
2026-08-12T00:01:26+00:00,LINK,kucoin,-8.09
2026-08-12T00:01:27+00:00,SUI,kucoin,-10.10
2026-08-12T00:01:33+00:00,BTC,gate,-4.85
2026-08-12T00:01:34+00:00,ETH,gate,-2.55
2026-08-12T00:01:35+00:00,SOL,gate,-6.56
2026-08-12T00:01:36+00:00,DOGE,gate,-4.17
2026-08-12T00:01:37+00:00,XRP,gate,-6.85
2026-08-12T00:01:37+00:00,BNB,gate,-7.29
2026-08-12T00:01:38+00:00,ADA,gate,-2.67
2026-08-12T00:01:39+00:00,AVAX,gate,-14.25
2026-08-12T00:01:40+00:00,LINK,gate,-6.83
2026-08-12T00:01:40+00:00,SUI,gate,-7.22
2026-08-12T08:00:14+00:00,BTC,okx,-4.84
2026-08-12T08:00:15+00:00,ETH,okx,-4.97
2026-08-12T08:00:17+00:00,SOL,okx,-6.56
2026-08-12T08:00:18+00:00,DOGE,okx,-5.58
2026-08-12T08:00:20+00:00,XRP,okx,-6.86
2026-08-12T08:00:21+00:00,BNB,okx,-4.90
2026-08-12T08:00:23+00:00,ADA,okx,-16.20
2026-08-12T08:00:24+00:00,AVAX,okx,-9.63
2026-08-12T08:00:26+00:00,LINK,okx,-2.29
2026-08-12T08:00:27+00:00,SUI,okx,-5.79
2026-08-12T08:00:32+00:00,BTC,bitget,-4.87
2026-08-12T08:00:34+00:00,ETH,bitget,-5.92
2026-08-12T08:00:35+00:00,SOL,bitget,-4.85
2026-08-12T08:00:37+00:00,DOGE,bitget,-6.98
2026-08-12T08:00:38+00:00,XRP,bitget,-5.88
2026-08-12T08:00:40+00:00,BNB,bitget,-6.53
2026-08-12T08:00:41+00:00,ADA,bitget,-10.79
2026-08-12T08:00:43+00:00,AVAX,bitget,-4.82
2026-08-12T08:00:44+00:00,LINK,bitget,-5.71
2026-08-12T08:00:46+00:00,SUI,bitget,-5.79
2026-08-12T08:00:50+00:00,BTC,kucoin,-3.76
2026-08-12T08:00:51+00:00,ETH,kucoin,-4.23
2026-08-12T08:00:53+00:00,SOL,kucoin,-3.02
2026-08-12T08:00:54+00:00,DOGE,kucoin,-6.98
2026-08-12T08:00:56+00:00,XRP,kucoin,-4.51
2026-08-12T08:00:57+00:00,BNB,kucoin,-7.24
2026-08-12T08:00:59+00:00,ADA,kucoin,-9.18
2026-08-12T08:01:00+00:00,AVAX,kucoin,-4.82
2026-08-12T08:01:02+00:00,LINK,kucoin,-7.43
2026-08-12T08:01:03+00:00,SUI,kucoin,-7.23
2026-08-12T08:01:12+00:00,BTC,gate,-6.72
2026-08-12T08:01:15+00:00,ETH,gate,-7.98
2026-08-12T08:01:16+00:00,SOL,gate,-5.25
2026-08-12T08:01:17+00:00,DOGE,gate,-4.19
2026-08-12T08:01:19+00:00,XRP,gate,-3.92
2026-08-12T08:01:20+00:00,BNB,gate,-8.17
2026-08-12T08:01:21+00:00,ADA,gate,-8.64
2026-08-12T08:01:22+00:00,AVAX,gate,-8.03
2026-08-12T08:01:23+00:00,LINK,gate,-8.00
2026-08-12T08:01:24+00:00,SUI,gate,-7.24
2026-08-12T16:00:36+00:00,BTC,okx,-3.14
2026-08-12T16:00:38+00:00,ETH,okx,-3.91
2026-08-12T16:00:40+00:00,SOL,okx,-6.60
2026-08-12T16:00:41+00:00,DOGE,okx,-5.65
2026-08-12T16:00:43+00:00,XRP,okx,-3.95
2026-08-12T16:00:45+00:00,BNB,okx,-6.55
2026-08-12T16:00:46+00:00,ADA,okx,-5.49
2026-08-12T16:00:48+00:00,AVAX,okx,-9.40
2026-08-12T16:00:50+00:00,LINK,okx,-4.56
2026-08-12T16:00:51+00:00,SUI,okx,-7.29
2026-08-12T16:00:57+00:00,BTC,bitget,-3.38
2026-08-12T16:00:58+00:00,ETH,bitget,-4.86
2026-08-12T16:00:59+00:00,SOL,bitget,-5.68
2026-08-12T16:01:01+00:00,DOGE,bitget,-5.64
2026-08-12T16:01:02+00:00,XRP,bitget,-4.94
2026-08-12T16:01:04+00:00,BNB,bitget,-10.31
2026-08-12T16:01:05+00:00,ADA,bitget,-5.49
2026-08-12T16:01:07+00:00,AVAX,bitget,-10.98
2026-08-12T16:01:08+00:00,LINK,bitget,-4.56
2026-08-12T16:01:10+00:00,SUI,bitget,-8.75
2026-08-12T16:01:14+00:00,BTC,kucoin,-3.29
2026-08-12T16:01:15+00:00,ETH,kucoin,-3.33
2026-08-12T16:01:17+00:00,SOL,kucoin,-4.49
2026-08-12T16:01:19+00:00,DOGE,kucoin,-4.23
2026-08-12T16:01:20+00:00,XRP,kucoin,-3.26
2026-08-12T16:01:22+00:00,BNB,kucoin,-6.96
2026-08-12T16:01:23+00:00,ADA,kucoin,-6.04
2026-08-12T16:01:25+00:00,AVAX,kucoin,-6.27
2026-08-12T16:01:26+00:00,LINK,kucoin,-6.38
2026-08-12T16:01:28+00:00,SUI,kucoin,-5.84
2026-08-12T16:01:37+00:00,BTC,gate,-2.95
2026-08-12T16:01:38+00:00,ETH,gate,-3.96
2026-08-12T16:01:39+00:00,SOL,gate,-7.92
2026-08-12T16:01:41+00:00,DOGE,gate,0.00
2026-08-12T16:01:42+00:00,XRP,gate,-3.95
2026-08-12T16:01:43+00:00,BNB,gate,-8.18
2026-08-12T16:01:44+00:00,ADA,gate,-6.59
2026-08-12T16:01:45+00:00,AVAX,gate,-3.14
2026-08-12T16:01:46+00:00,LINK,gate,-2.28
2026-08-12T16:01:48+00:00,SUI,gate,-7.29
2026-08-13T00:01:03+00:00,BTC,okx,-2.50
2026-08-13T00:01:04+00:00,ETH,okx,-4.47
2026-08-13T00:01:05+00:00,SOL,okx,-6.61
2026-08-13T00:01:07+00:00,DOGE,okx,-7.17
2026-08-13T00:01:08+00:00,XRP,okx,-4.97
2026-08-13T00:01:09+00:00,BNB,okx,-9.83
2026-08-13T00:01:10+00:00,ADA,okx,0.00
2026-08-13T00:01:11+00:00,AVAX,okx,-3.17
2026-08-13T00:01:12+00:00,LINK,okx,-5.76
2026-08-13T00:01:14+00:00,SUI,okx,-7.33
2026-08-13T00:01:18+00:00,BTC,bitget,-3.34
2026-08-13T00:01:19+00:00,ETH,bitget,-5.64
2026-08-13T00:01:20+00:00,SOL,bitget,-7.14
2026-08-13T00:01:21+00:00,DOGE,bitget,-5.74
2026-08-13T00:01:22+00:00,XRP,bitget,-4.97
2026-08-13T00:01:23+00:00,BNB,bitget,-6.55
2026-08-13T00:01:24+00:00,ADA,bitget,0.00
2026-08-13T00:01:25+00:00,AVAX,bitget,-9.49
2026-08-13T00:01:27+00:00,LINK,bitget,-6.92
2026-08-13T00:01:28+00:00,SUI,bitget,-5.87
2026-08-13T00:01:31+00:00,BTC,kucoin,-4.27
2026-08-13T00:01:32+00:00,ETH,kucoin,-5.11
2026-08-13T00:01:33+00:00,SOL,kucoin,-5.16
2026-08-13T00:01:34+00:00,DOGE,kucoin,-5.74
2026-08-13T00:01:35+00:00,XRP,kucoin,-2.79
2026-08-13T00:01:36+00:00,BNB,kucoin,-5.45
2026-08-13T00:01:37+00:00,ADA,kucoin,-5.47
2026-08-13T00:01:39+00:00,AVAX,kucoin,0.00
2026-08-13T00:01:40+00:00,LINK,kucoin,-2.08
2026-08-13T00:01:41+00:00,SUI,kucoin,-11.73
2026-08-13T00:01:47+00:00,BTC,gate,-5.76
2026-08-13T00:01:48+00:00,ETH,gate,-5.43
2026-08-13T00:01:49+00:00,SOL,gate,-5.29
2026-08-13T00:01:50+00:00,DOGE,gate,-11.47
2026-08-13T00:01:51+00:00,XRP,gate,1.00
2026-08-13T00:01:51+00:00,BNB,gate,-5.73
2026-08-13T00:01:52+00:00,ADA,gate,-6.02
2026-08-13T00:01:53+00:00,AVAX,gate,7.92
2026-08-13T00:01:54+00:00,LINK,gate,5.77
2026-08-13T00:01:55+00:00,SUI,gate,-1.47
2026-08-13T08:00:34+00:00,BTC,okx,-4.37
2026-08-13T08:00:35+00:00,ETH,okx,-4.43
2026-08-13T08:00:36+00:00,SOL,okx,-6.54
2026-08-13T08:00:37+00:00,DOGE,okx,-4.25
2026-08-13T08:00:38+00:00,XRP,okx,-4.93
2026-08-13T08:00:39+00:00,BNB,okx,-4.89
2026-08-13T08:00:40+00:00,ADA,okx,-10.77
2026-08-13T08:00:41+00:00,AVAX,okx,-6.13
2026-08-13T08:00:43+00:00,LINK,okx,-10.29
2026-08-13T08:00:44+00:00,SUI,okx,-2.90
2026-08-13T08:00:48+00:00,BTC,bitget,-5.34
2026-08-13T08:00:49+00:00,ETH,bitget,-5.96
2026-08-13T08:00:50+00:00,SOL,bitget,-5.89
2026-08-13T08:00:51+00:00,DOGE,bitget,-4.25
2026-08-13T08:00:52+00:00,XRP,bitget,-3.95
2026-08-13T08:00:53+00:00,BNB,bitget,-7.66
2026-08-13T08:00:54+00:00,ADA,bitget,-10.76
2026-08-13T08:00:54+00:00,AVAX,bitget,-7.66
2026-08-13T08:00:55+00:00,LINK,bitget,-6.86
2026-08-13T08:00:56+00:00,SUI,bitget,-7.25
2026-08-13T08:00:59+00:00,BTC,kucoin,-5.53
2026-08-13T08:01:01+00:00,ETH,kucoin,-4.06
2026-08-13T08:01:02+00:00,SOL,kucoin,-3.01
2026-08-13T08:01:03+00:00,DOGE,kucoin,0.00
2026-08-13T08:01:04+00:00,XRP,kucoin,-0.39
2026-08-13T08:01:05+00:00,BNB,kucoin,-4.40
2026-08-13T08:01:06+00:00,ADA,kucoin,-11.30
2026-08-13T08:01:07+00:00,AVAX,kucoin,-9.19
2026-08-13T08:01:08+00:00,LINK,kucoin,-10.39
2026-08-13T08:01:09+00:00,SUI,kucoin,-7.25
2026-08-13T08:01:15+00:00,BTC,gate,-2.18
2026-08-13T08:01:16+00:00,ETH,gate,-3.64
2026-08-13T08:01:17+00:00,SOL,gate,-5.23
2026-08-13T08:01:17+00:00,DOGE,gate,-2.83
2026-08-13T08:01:18+00:00,XRP,gate,-3.95
2026-08-13T08:01:19+00:00,BNB,gate,-7.33
2026-08-13T08:01:20+00:00,ADA,gate,-14.00
2026-08-13T08:01:20+00:00,AVAX,gate,-6.12
2026-08-13T08:01:21+00:00,LINK,gate,-8.00
2026-08-13T08:01:22+00:00,SUI,gate,-5.79
2026-08-13T16:00:24+00:00,BTC,okx,-4.67
2026-08-13T16:00:26+00:00,ETH,okx,-5.22
2026-08-13T16:00:27+00:00,SOL,okx,-7.93
2026-08-13T16:00:28+00:00,DOGE,okx,-8.61
2026-08-13T16:00:29+00:00,XRP,okx,-4.99
2026-08-13T16:00:30+00:00,BNB,okx,-6.59
2026-08-13T16:00:31+00:00,ADA,okx,-10.96
2026-08-13T16:00:32+00:00,AVAX,okx,-7.80
2026-08-13T16:00:34+00:00,LINK,okx,-3.43
2026-08-13T16:00:35+00:00,SUI,okx,-8.75
2026-08-13T16:00:38+00:00,BTC,bitget,-4.13
2026-08-13T16:00:39+00:00,ETH,bitget,-4.63
2026-08-13T16:00:40+00:00,SOL,bitget,-5.28
2026-08-13T16:00:41+00:00,DOGE,bitget,-4.30
2026-08-13T16:00:42+00:00,XRP,bitget,-5.98
2026-08-13T16:00:43+00:00,BNB,bitget,-15.64
2026-08-13T16:00:44+00:00,ADA,bitget,-5.48
2026-08-13T16:00:45+00:00,AVAX,bitget,-3.12
2026-08-13T16:00:46+00:00,LINK,bitget,-8.01
2026-08-13T16:00:47+00:00,SUI,bitget,-7.29
2026-08-13T16:00:50+00:00,BTC,kucoin,-4.45
2026-08-13T16:00:51+00:00,ETH,kucoin,-7.66
2026-08-13T16:00:52+00:00,SOL,kucoin,-5.41
2026-08-13T16:00:53+00:00,DOGE,kucoin,-1.43
2026-08-13T16:00:54+00:00,XRP,kucoin,-3.89
2026-08-13T16:00:55+00:00,BNB,kucoin,-6.39
2026-08-13T16:00:56+00:00,ADA,kucoin,-4.93
2026-08-13T16:00:57+00:00,AVAX,kucoin,-4.68
2026-08-13T16:00:58+00:00,LINK,kucoin,-5.26
2026-08-13T16:00:59+00:00,SUI,kucoin,-7.29
2026-08-13T16:01:06+00:00,BTC,gate,-3.23
2026-08-13T16:01:07+00:00,ETH,gate,-5.95
2026-08-13T16:01:08+00:00,SOL,gate,-9.24
2026-08-13T16:01:09+00:00,DOGE,gate,-8.60
2026-08-13T16:01:10+00:00,XRP,gate,-5.98
2026-08-13T16:01:11+00:00,BNB,gate,-6.58
2026-08-13T16:01:11+00:00,ADA,gate,-12.05
2026-08-13T16:01:12+00:00,AVAX,gate,4.68
2026-08-13T16:01:13+00:00,LINK,gate,-4.57
2026-08-13T16:01:14+00:00,SUI,gate,-8.75
2026-08-14T00:00:56+00:00,BTC,okx,-3.54
2026-08-14T00:00:57+00:00,ETH,okx,-3.71
2026-08-14T00:00:58+00:00,SOL,okx,-5.24
2026-08-14T00:00:59+00:00,DOGE,okx,-5.70
2026-08-14T00:01:00+00:00,XRP,okx,-5.94
2026-08-14T00:01:01+00:00,BNB,okx,-8.18
2026-08-14T00:01:02+00:00,ADA,okx,-5.48
2026-08-14T00:01:04+00:00,AVAX,okx,-10.83
2026-08-14T00:01:05+00:00,LINK,okx,-2.25
2026-08-14T00:01:06+00:00,SUI,okx,-4.35
2026-08-14T00:01:09+00:00,BTC,bitget,-4.16
2026-08-14T00:01:10+00:00,ETH,bitget,-4.61
2026-08-14T00:01:12+00:00,SOL,bitget,-3.67
2026-08-14T00:01:13+00:00,DOGE,bitget,-7.12
2026-08-14T00:01:14+00:00,XRP,bitget,-4.95
2026-08-14T00:01:15+00:00,BNB,bitget,-7.20
2026-08-14T00:01:16+00:00,ADA,bitget,-10.95
2026-08-14T00:01:17+00:00,AVAX,bitget,-7.73
2026-08-14T00:01:18+00:00,LINK,bitget,-4.50
2026-08-14T00:01:19+00:00,SUI,bitget,-1.45
2026-08-14T00:01:21+00:00,BTC,kucoin,-3.51
2026-08-14T00:01:22+00:00,ETH,kucoin,-5.03
2026-08-14T00:01:23+00:00,SOL,kucoin,-3.67
2026-08-14T00:01:24+00:00,DOGE,kucoin,-4.27
2026-08-14T00:01:25+00:00,XRP,kucoin,-3.27
2026-08-14T00:01:26+00:00,BNB,kucoin,-0.56
2026-08-14T00:01:28+00:00,ADA,kucoin,-3.83
2026-08-14T00:01:29+00:00,AVAX,kucoin,-4.64
2026-08-14T00:01:29+00:00,LINK,kucoin,-9.57
2026-08-14T00:01:30+00:00,SUI,kucoin,-4.35
2026-08-14T00:01:37+00:00,BTC,gate,-4.88
2026-08-14T00:01:37+00:00,ETH,gate,-4.98
2026-08-14T00:01:38+00:00,SOL,gate,-3.93
2026-08-14T00:01:39+00:00,DOGE,gate,-4.27
2026-08-14T00:01:40+00:00,XRP,gate,-5.94
2026-08-14T00:01:40+00:00,BNB,gate,-6.55
2026-08-14T00:01:41+00:00,ADA,gate,-7.67
2026-08-14T00:01:42+00:00,AVAX,gate,-1.55
2026-08-14T00:01:43+00:00,LINK,gate,-12.37
2026-08-14T00:01:43+00:00,SUI,gate,-7.25
2026-08-14T08:00:51+00:00,BTC,okx,-4.97
2026-08-14T08:00:52+00:00,ETH,okx,-4.16
2026-08-14T08:00:53+00:00,SOL,okx,-6.61
2026-08-14T08:00:54+00:00,DOGE,okx,-2.87
2026-08-14T08:00:55+00:00,XRP,okx,-5.97
2026-08-14T08:00:56+00:00,BNB,okx,-8.23
2026-08-14T08:00:57+00:00,ADA,okx,-5.50
2026-08-14T08:00:58+00:00,AVAX,okx,-4.70
2026-08-14T08:01:00+00:00,LINK,okx,-6.84
2026-08-14T08:01:01+00:00,SUI,okx,-7.36
2026-08-14T08:01:04+00:00,BTC,bitget,-3.47
2026-08-14T08:01:05+00:00,ETH,bitget,-2.08
2026-08-14T08:01:06+00:00,SOL,bitget,-4.10
2026-08-14T08:01:07+00:00,DOGE,bitget,-5.74
2026-08-14T08:01:08+00:00,XRP,bitget,-2.99
2026-08-14T08:01:10+00:00,BNB,bitget,-10.86
2026-08-14T08:01:10+00:00,ADA,bitget,-5.50
2026-08-14T08:01:12+00:00,AVAX,bitget,-4.70
2026-08-14T08:01:13+00:00,LINK,bitget,-7.98
2026-08-14T08:01:14+00:00,SUI,bitget,-7.36
2026-08-14T08:01:16+00:00,BTC,kucoin,-3.97
2026-08-14T08:01:17+00:00,ETH,kucoin,-5.44
2026-08-14T08:01:18+00:00,SOL,kucoin,-5.56
2026-08-14T08:01:19+00:00,DOGE,kucoin,-7.17
2026-08-14T08:01:21+00:00,XRP,kucoin,-1.49
2026-08-14T08:01:22+00:00,BNB,kucoin,-1.52
2026-08-14T08:01:23+00:00,ADA,kucoin,-5.50
2026-08-14T08:01:24+00:00,AVAX,kucoin,-6.27
2026-08-14T08:01:25+00:00,LINK,kucoin,-6.95
2026-08-14T08:01:26+00:00,SUI,kucoin,-10.30
2026-08-14T08:01:32+00:00,BTC,gate,-4.40
2026-08-14T08:01:33+00:00,ETH,gate,-3.52
2026-08-14T08:01:34+00:00,SOL,gate,-3.97
2026-08-14T08:01:35+00:00,DOGE,gate,-2.87
2026-08-14T08:01:36+00:00,XRP,gate,-4.98
2026-08-14T08:01:36+00:00,BNB,gate,-4.12
2026-08-14T08:01:37+00:00,ADA,gate,-9.35
2026-08-14T08:01:38+00:00,AVAX,gate,-4.70
2026-08-14T08:01:39+00:00,LINK,gate,-7.98
2026-08-14T08:01:40+00:00,SUI,gate,-5.89
2026-08-14T16:00:07+00:00,BTC,okx,-3.18
2026-08-14T16:00:09+00:00,ETH,okx,-3.99
2026-08-14T16:00:11+00:00,SOL,okx,-6.61
2026-08-14T16:00:13+00:00,DOGE,okx,-5.72
2026-08-14T16:00:14+00:00,XRP,okx,-5.96
2026-08-14T16:00:16+00:00,BNB,okx,-8.24
2026-08-14T16:00:18+00:00,ADA,okx,-16.67
2026-08-14T16:00:19+00:00,AVAX,okx,-6.21
2026-08-14T16:00:21+00:00,LINK,okx,-4.51
2026-08-14T16:00:23+00:00,SUI,okx,-7.38
2026-08-14T16:00:28+00:00,BTC,bitget,-2.64
2026-08-14T16:00:30+00:00,ETH,bitget,-6.06
2026-08-14T16:00:31+00:00,SOL,bitget,-5.95
2026-08-14T16:00:33+00:00,DOGE,bitget,-5.72
2026-08-14T16:00:35+00:00,XRP,bitget,-3.97
2026-08-14T16:00:36+00:00,BNB,bitget,-8.41
2026-08-14T16:00:38+00:00,ADA,bitget,-5.56
2026-08-14T16:00:39+00:00,AVAX,bitget,-4.66
2026-08-14T16:00:41+00:00,LINK,bitget,-10.15
2026-08-14T16:00:42+00:00,SUI,bitget,-4.43
2026-08-14T16:00:47+00:00,BTC,kucoin,-4.64
2026-08-14T16:00:49+00:00,ETH,kucoin,-2.60
2026-08-14T16:00:51+00:00,SOL,kucoin,-4.63
2026-08-14T16:00:52+00:00,DOGE,kucoin,-7.15
2026-08-14T16:00:54+00:00,XRP,kucoin,-1.69
2026-08-14T16:00:56+00:00,BNB,kucoin,-3.76
2026-08-14T16:00:58+00:00,ADA,kucoin,0.00
2026-08-14T16:00:59+00:00,AVAX,kucoin,-7.77
2026-08-14T16:01:01+00:00,LINK,kucoin,-6.66
2026-08-14T16:01:03+00:00,SUI,kucoin,-4.43
2026-08-14T16:01:12+00:00,BTC,gate,-5.21
2026-08-14T16:01:13+00:00,ETH,gate,-3.29
2026-08-14T16:01:15+00:00,SOL,gate,-7.93
2026-08-14T16:01:16+00:00,DOGE,gate,-2.86
2026-08-14T16:01:17+00:00,XRP,gate,-2.98
2026-08-14T16:01:18+00:00,BNB,gate,-5.77
2026-08-14T16:01:19+00:00,ADA,gate,-11.12
2026-08-14T16:01:21+00:00,AVAX,gate,-9.32
2026-08-14T16:01:22+00:00,LINK,gate,-10.16
2026-08-14T16:01:23+00:00,SUI,gate,-5.91
2026-08-15T00:00:34+00:00,BTC,okx,-4.20
2026-08-15T00:00:35+00:00,ETH,okx,-4.84
2026-08-15T00:00:37+00:00,SOL,okx,-7.96
2026-08-15T00:00:38+00:00,DOGE,okx,-4.28
2026-08-15T00:00:39+00:00,XRP,okx,-8.01
2026-08-15T00:00:41+00:00,BNB,okx,-4.94
2026-08-15T00:00:42+00:00,ADA,okx,-11.10
2026-08-15T00:00:43+00:00,AVAX,okx,-10.78
2026-08-15T00:00:44+00:00,LINK,okx,-7.80
2026-08-15T00:00:45+00:00,SUI,okx,-4.40
2026-08-15T00:00:49+00:00,BTC,bitget,-3.19
2026-08-15T00:00:50+00:00,ETH,bitget,-4.30
2026-08-15T00:00:51+00:00,SOL,bitget,-4.64
2026-08-15T00:00:52+00:00,DOGE,bitget,-9.99
2026-08-15T00:00:53+00:00,XRP,bitget,-9.01
2026-08-15T00:00:54+00:00,BNB,bitget,-8.23
2026-08-15T00:00:55+00:00,ADA,bitget,0.00
2026-08-15T00:00:56+00:00,AVAX,bitget,-6.16
2026-08-15T00:00:57+00:00,LINK,bitget,-11.14
2026-08-15T00:00:58+00:00,SUI,bitget,-8.79
2026-08-15T00:01:01+00:00,BTC,kucoin,-1.90
2026-08-15T00:01:02+00:00,ETH,kucoin,-6.64
2026-08-15T00:01:04+00:00,SOL,kucoin,-2.52
2026-08-15T00:01:05+00:00,DOGE,kucoin,-4.28
2026-08-15T00:01:06+00:00,XRP,kucoin,-6.91
2026-08-15T00:01:07+00:00,BNB,kucoin,-4.61
2026-08-15T00:01:08+00:00,ADA,kucoin,-6.11
2026-08-15T00:01:09+00:00,AVAX,kucoin,0.00
2026-08-15T00:01:11+00:00,LINK,kucoin,-7.36
2026-08-15T00:01:12+00:00,SUI,kucoin,-2.93
2026-08-15T00:01:19+00:00,BTC,gate,-5.03
2026-08-15T00:01:20+00:00,ETH,gate,-4.36
2026-08-15T00:01:20+00:00,SOL,gate,-6.63
2026-08-15T00:01:21+00:00,DOGE,gate,-4.28
2026-08-15T00:01:22+00:00,XRP,gate,-7.00
2026-08-15T00:01:23+00:00,BNB,gate,-5.76
2026-08-15T00:01:24+00:00,ADA,gate,-7.77
2026-08-15T00:01:24+00:00,AVAX,gate,-1.54
2026-08-15T00:01:25+00:00,LINK,gate,-6.69
2026-08-15T00:01:26+00:00,SUI,gate,-5.86
2026-08-15T08:01:00+00:00,BTC,okx,-3.87
2026-08-15T08:01:04+00:00,ETH,okx,-4.68
2026-08-15T08:01:07+00:00,SOL,okx,-6.65
2026-08-15T08:01:26+00:00,DOGE,okx,-5.71
2026-08-15T08:01:31+00:00,XRP,okx,-4.99
2026-08-15T08:01:38+00:00,BNB,okx,-6.54
2026-08-15T08:01:47+00:00,ADA,okx,-11.17
2026-08-15T08:01:54+00:00,AVAX,okx,-3.02
2026-08-15T08:01:59+00:00,LINK,okx,-1.07
2026-08-15T08:02:08+00:00,SUI,okx,-7.33
2026-08-15T08:02:25+00:00,BTC,bitget,-5.14
2026-08-15T08:02:28+00:00,ETH,bitget,-4.84
2026-08-15T08:02:31+00:00,SOL,bitget,-3.86
2026-08-15T08:02:33+00:00,DOGE,bitget,-2.86
2026-08-15T08:02:35+00:00,XRP,bitget,-4.99
2026-08-15T08:02:37+00:00,BNB,bitget,-7.85
2026-08-15T08:02:39+00:00,ADA,bitget,-11.17
2026-08-15T08:02:41+00:00,AVAX,bitget,-3.02
2026-08-15T08:02:43+00:00,LINK,bitget,-6.44
2026-08-15T08:02:45+00:00,SUI,bitget,-5.86
2026-08-15T08:03:04+00:00,BTC,kucoin,-3.73
2026-08-15T08:03:06+00:00,ETH,kucoin,-4.95
2026-08-15T08:03:12+00:00,SOL,kucoin,-8.78
2026-08-15T08:03:14+00:00,DOGE,kucoin,-5.71
2026-08-15T08:03:16+00:00,XRP,kucoin,-4.49
2026-08-15T08:03:17+00:00,BNB,kucoin,-2.52
2026-08-15T08:03:19+00:00,ADA,kucoin,-9.50
2026-08-15T08:03:22+00:00,AVAX,kucoin,-6.04
2026-08-15T08:03:24+00:00,LINK,kucoin,-2.58
2026-08-15T08:03:26+00:00,SUI,kucoin,-4.40
2026-08-15T08:03:49+00:00,BTC,gate,-4.63
2026-08-15T08:03:50+00:00,ETH,gate,-4.31
2026-08-15T08:03:52+00:00,SOL,gate,-5.32
2026-08-15T08:03:53+00:00,DOGE,gate,-2.86
2026-08-15T08:03:55+00:00,XRP,gate,-5.99
2026-08-15T08:03:56+00:00,BNB,gate,-2.45
2026-08-15T08:03:58+00:00,ADA,gate,-11.17
2026-08-15T08:04:01+00:00,AVAX,gate,-1.51
2026-08-15T08:04:03+00:00,LINK,gate,-2.15
2026-08-15T08:04:04+00:00,SUI,gate,-2.93
2026-08-15T16:00:28+00:00,BTC,okx,-4.56
2026-08-15T16:00:37+00:00,ETH,okx,-5.04
2026-08-15T16:00:42+00:00,SOL,okx,-6.62
2026-08-15T16:00:49+00:00,DOGE,okx,-1.43
2026-08-15T16:00:58+00:00,XRP,okx,-4.99
2026-08-15T16:01:05+00:00,BNB,okx,-8.17
2026-08-15T16:01:13+00:00,ADA,okx,-11.18
2026-08-15T16:01:22+00:00,AVAX,okx,-6.10
2026-08-15T16:01:30+00:00,LINK,okx,-4.21
2026-08-15T16:01:41+00:00,SUI,okx,-4.39
2026-08-15T16:01:55+00:00,BTC,bitget,-3.43
2026-08-15T16:01:59+00:00,ETH,bitget,-4.93
2026-08-15T16:02:03+00:00,SOL,bitget,-6.36
2026-08-15T16:02:07+00:00,DOGE,bitget,-5.71
2026-08-15T16:02:12+00:00,XRP,bitget,-4.99
2026-08-15T16:02:16+00:00,BNB,bitget,-7.85
2026-08-15T16:02:19+00:00,ADA,bitget,-11.17
2026-08-15T16:02:24+00:00,AVAX,bitget,-6.09
2026-08-15T16:02:28+00:00,LINK,bitget,0.00
2026-08-15T16:02:31+00:00,SUI,bitget,-8.77
2026-08-15T16:03:14+00:00,BTC,kucoin,-3.34
2026-08-15T16:03:18+00:00,ETH,kucoin,-3.82
2026-08-15T16:03:22+00:00,SOL,kucoin,-5.30
2026-08-15T16:03:27+00:00,DOGE,kucoin,-4.28
2026-08-15T16:03:31+00:00,XRP,kucoin,-6.79
2026-08-15T16:03:36+00:00,BNB,kucoin,0.54
2026-08-15T16:03:40+00:00,ADA,kucoin,-3.91
2026-08-15T16:03:46+00:00,AVAX,kucoin,-4.57
2026-08-15T16:03:51+00:00,LINK,kucoin,-5.98
2026-08-15T16:03:58+00:00,SUI,kucoin,-5.85
2026-08-15T16:04:59+00:00,BTC,gate,-3.63
2026-08-15T16:05:04+00:00,ETH,gate,-5.73
2026-08-15T16:05:07+00:00,SOL,gate,-7.95
2026-08-15T16:05:10+00:00,DOGE,gate,-7.14
2026-08-15T16:05:19+00:00,XRP,gate,-4.99
2026-08-15T16:05:22+00:00,BNB,gate,-5.72
2026-08-15T16:05:26+00:00,ADA,gate,-6.71
2026-08-15T16:05:29+00:00,AVAX,gate,-3.05
2026-08-15T16:05:35+00:00,LINK,gate,-7.35
2026-08-15T16:05:38+00:00,SUI,gate,-8.77
2026-08-16T00:00:45+00:00,BTC,okx,-4.22
2026-08-16T00:00:46+00:00,ETH,okx,-4.94
2026-08-16T00:00:47+00:00,SOL,okx,-5.31
2026-08-16T00:00:48+00:00,DOGE,okx,-5.75
2026-08-16T00:00:49+00:00,XRP,okx,-5.99
2026-08-16T00:00:50+00:00,BNB,okx,-9.87
2026-08-16T00:00:51+00:00,ADA,okx,-11.35
2026-08-16T00:00:52+00:00,AVAX,okx,-6.40
2026-08-16T00:00:53+00:00,LINK,okx,-6.34
2026-08-16T00:00:54+00:00,SUI,okx,-8.87
2026-08-16T00:00:58+00:00,BTC,bitget,-3.77
2026-08-16T00:00:59+00:00,ETH,bitget,-4.94
2026-08-16T00:01:00+00:00,SOL,bitget,-4.65
2026-08-16T00:01:01+00:00,DOGE,bitget,-7.19
2026-08-16T00:01:02+00:00,XRP,bitget,-4.99
2026-08-16T00:01:03+00:00,BNB,bitget,-5.92
2026-08-16T00:01:04+00:00,ADA,bitget,-5.67
2026-08-16T00:01:05+00:00,AVAX,bitget,-8.01
2026-08-16T00:01:06+00:00,LINK,bitget,-7.40
2026-08-16T00:01:06+00:00,SUI,bitget,-7.38
2026-08-16T00:01:10+00:00,BTC,kucoin,-4.26
2026-08-16T00:01:11+00:00,ETH,kucoin,-5.95
2026-08-16T00:01:12+00:00,SOL,kucoin,-6.90
2026-08-16T00:01:13+00:00,DOGE,kucoin,-11.50
2026-08-16T00:01:14+00:00,XRP,kucoin,-6.98
2026-08-16T00:01:15+00:00,BNB,kucoin,-4.20
2026-08-16T00:01:16+00:00,ADA,kucoin,-3.97
2026-08-16T00:01:16+00:00,AVAX,kucoin,-14.43
2026-08-16T00:01:17+00:00,LINK,kucoin,-9.09
2026-08-16T00:01:18+00:00,SUI,kucoin,-4.43
2026-08-16T00:01:25+00:00,BTC,gate,-5.25
2026-08-16T00:01:25+00:00,ETH,gate,-4.04
2026-08-16T00:01:26+00:00,SOL,gate,-6.64
2026-08-16T00:01:26+00:00,DOGE,gate,-4.31
2026-08-16T00:01:27+00:00,XRP,gate,-4.99
2026-08-16T00:01:28+00:00,BNB,gate,-6.58
2026-08-16T00:01:28+00:00,ADA,gate,-9.64
2026-08-16T00:01:29+00:00,AVAX,gate,-3.21
2026-08-16T00:01:30+00:00,LINK,gate,-6.34
2026-08-16T00:01:30+00:00,SUI,gate,-2.96
2026-08-16T08:01:02+00:00,BTC,okx,-4.54
2026-08-16T08:01:03+00:00,ETH,okx,-3.77
2026-08-16T08:01:05+00:00,SOL,okx,-6.63
2026-08-16T08:01:07+00:00,DOGE,okx,-5.72
2026-08-16T08:01:08+00:00,XRP,okx,-4.99
2026-08-16T08:01:09+00:00,BNB,okx,-6.61
2026-08-16T08:01:11+00:00,ADA,okx,-5.62
2026-08-16T08:01:12+00:00,AVAX,okx,-7.90
2026-08-16T08:01:13+00:00,LINK,okx,-5.33
2026-08-16T08:01:14+00:00,SUI,okx,-5.90
2026-08-16T08:01:19+00:00,BTC,bitget,-4.06
2026-08-16T08:01:20+00:00,ETH,bitget,-4.04
2026-08-16T08:01:21+00:00,SOL,bitget,-3.71
2026-08-16T08:01:23+00:00,DOGE,bitget,-5.72
2026-08-16T08:01:24+00:00,XRP,bitget,-4.99
2026-08-16T08:01:25+00:00,BNB,bitget,-7.10
2026-08-16T08:01:26+00:00,ADA,bitget,-5.62
2026-08-16T08:01:28+00:00,AVAX,bitget,-3.16
2026-08-16T08:01:29+00:00,LINK,bitget,-3.20
2026-08-16T08:01:30+00:00,SUI,bitget,-2.95
2026-08-16T08:01:34+00:00,BTC,kucoin,-4.74
2026-08-16T08:01:35+00:00,ETH,kucoin,-3.99
2026-08-16T08:01:36+00:00,SOL,kucoin,-3.98
2026-08-16T08:01:37+00:00,DOGE,kucoin,-4.29
2026-08-16T08:01:39+00:00,XRP,kucoin,-4.79
2026-08-16T08:01:40+00:00,BNB,kucoin,-8.11
2026-08-16T08:01:41+00:00,ADA,kucoin,-6.73
2026-08-16T08:01:42+00:00,AVAX,kucoin,-3.16
2026-08-16T08:01:43+00:00,LINK,kucoin,-4.05
2026-08-16T08:01:45+00:00,SUI,kucoin,-5.90
2026-08-16T08:01:53+00:00,BTC,gate,-3.76
2026-08-16T08:01:54+00:00,ETH,gate,-5.21
2026-08-16T08:01:55+00:00,SOL,gate,-5.30
2026-08-16T08:01:56+00:00,DOGE,gate,-5.72
2026-08-16T08:01:57+00:00,XRP,gate,-3.99
2026-08-16T08:01:57+00:00,BNB,gate,-7.43
2026-08-16T08:01:58+00:00,ADA,gate,-5.61
2026-08-16T08:01:59+00:00,AVAX,gate,-11.05
2026-08-16T08:02:00+00:00,LINK,gate,-7.46
2026-08-16T08:02:01+00:00,SUI,gate,-4.43
2026-08-16T16:00:14+00:00,BTC,okx,-6.16
2026-08-16T16:00:15+00:00,ETH,okx,-4.99
2026-08-16T16:00:16+00:00,SOL,okx,-6.61
2026-08-16T16:00:17+00:00,DOGE,okx,-5.71
2026-08-16T16:00:19+00:00,XRP,okx,-5.99
2026-08-16T16:00:20+00:00,BNB,okx,-9.87
2026-08-16T16:00:21+00:00,ADA,okx,-11.31
2026-08-16T16:00:22+00:00,AVAX,okx,-9.33
2026-08-16T16:00:45+00:00,BTC,kucoin,-4.29
2026-08-16T16:00:46+00:00,ETH,kucoin,-3.08
2026-08-16T16:00:47+00:00,SOL,kucoin,-4.63
2026-08-16T16:00:48+00:00,DOGE,kucoin,1.43
2026-08-16T16:00:49+00:00,XRP,kucoin,-7.68
2026-08-16T16:00:50+00:00,BNB,kucoin,-7.38
2026-08-16T16:00:51+00:00,ADA,kucoin,-8.47
2026-08-16T16:00:52+00:00,AVAX,kucoin,-4.66
2026-08-16T16:00:54+00:00,LINK,kucoin,-7.35
2026-08-16T16:00:55+00:00,SUI,kucoin,-1.47
2026-08-16T16:01:02+00:00,BTC,gate,-5.73
2026-08-16T16:01:03+00:00,ETH,gate,-5.52
2026-08-16T16:01:03+00:00,SOL,gate,-5.29
2026-08-16T16:01:04+00:00,DOGE,gate,-5.71
2026-08-16T16:01:05+00:00,XRP,gate,-4.99
2026-08-16T16:01:06+00:00,BNB,gate,-6.59
2026-08-16T16:01:07+00:00,ADA,gate,-9.61
2026-08-16T16:01:07+00:00,AVAX,gate,-9.33
2026-08-16T16:01:08+00:00,LINK,gate,-6.39
2026-08-16T16:01:09+00:00,SUI,gate,-5.88
2026-08-17T00:00:45+00:00,BTC,okx,-4.01
2026-08-17T00:00:46+00:00,ETH,okx,-4.69
2026-08-17T00:00:47+00:00,SOL,okx,-8.04
2026-08-17T00:00:49+00:00,DOGE,okx,-4.31
2026-08-17T00:00:50+00:00,XRP,okx,-7.05
2026-08-17T00:00:51+00:00,BNB,okx,-4.98
2026-08-17T00:00:52+00:00,ADA,okx,-11.43
2026-08-17T00:00:53+00:00,AVAX,okx,-7.90
2026-08-17T00:00:54+00:00,LINK,okx,-6.39
2026-08-17T00:00:55+00:00,SUI,okx,-5.96
2026-08-17T00:00:59+00:00,BTC,bitget,-4.13
2026-08-17T00:01:01+00:00,ETH,bitget,-4.10
2026-08-17T00:01:02+00:00,SOL,bitget,-4.82
2026-08-17T00:01:03+00:00,DOGE,bitget,-7.18
2026-08-17T00:01:04+00:00,XRP,bitget,-7.05
2026-08-17T00:01:05+00:00,BNB,bitget,-5.81
2026-08-17T00:01:07+00:00,ADA,bitget,-11.42
2026-08-17T00:01:08+00:00,AVAX,bitget,-6.32
2026-08-17T00:01:09+00:00,LINK,bitget,-4.26
2026-08-17T00:01:11+00:00,SUI,bitget,-2.98
2026-08-17T00:01:13+00:00,BTC,kucoin,-3.75
2026-08-17T00:01:14+00:00,ETH,kucoin,-2.82
2026-08-17T00:01:15+00:00,SOL,kucoin,-5.90
2026-08-17T00:01:17+00:00,DOGE,kucoin,-4.31
2026-08-17T00:01:18+00:00,XRP,kucoin,-5.14
2026-08-17T00:01:19+00:00,BNB,kucoin,-3.90
2026-08-17T00:01:20+00:00,ADA,kucoin,-13.70
2026-08-17T00:01:21+00:00,AVAX,kucoin,-9.47
2026-08-17T00:01:22+00:00,LINK,kucoin,-8.41
2026-08-17T00:01:23+00:00,SUI,kucoin,-5.96
2026-08-17T00:01:30+00:00,BTC,gate,-4.02
2026-08-17T00:01:31+00:00,ETH,gate,-4.00
2026-08-17T00:01:32+00:00,SOL,gate,-6.70
2026-08-17T00:01:33+00:00,DOGE,gate,-7.18
2026-08-17T00:01:34+00:00,XRP,gate,-7.05
2026-08-17T00:01:35+00:00,BNB,gate,-4.15
2026-08-17T00:01:36+00:00,ADA,gate,-10.85
2026-08-17T00:01:37+00:00,AVAX,gate,-6.32
2026-08-17T00:01:38+00:00,LINK,gate,-5.32
2026-08-17T00:01:39+00:00,SUI,gate,-7.45
2026-08-17T08:01:13+00:00,BTC,okx,-4.58
2026-08-17T08:01:17+00:00,ETH,okx,-4.26
2026-08-17T08:01:20+00:00,SOL,okx,-7.92
2026-08-17T08:01:25+00:00,DOGE,okx,-5.69
2026-08-17T08:01:30+00:00,XRP,okx,-5.98
2026-08-17T08:01:33+00:00,BNB,okx,-4.96
2026-08-17T08:01:40+00:00,ADA,okx,-11.36
2026-08-17T08:01:43+00:00,AVAX,okx,-6.29
2026-08-17T08:01:47+00:00,LINK,okx,-7.45
2026-08-17T08:01:50+00:00,SUI,okx,-5.90
2026-08-17T08:02:34+00:00,BTC,bitget,-5.52
2026-08-17T08:02:37+00:00,ETH,bitget,-4.21
2026-08-17T08:02:39+00:00,SOL,bitget,-4.36
2026-08-17T08:02:42+00:00,DOGE,bitget,-5.69
2026-08-17T08:02:45+00:00,XRP,bitget,-4.99
2026-08-17T08:02:48+00:00,BNB,bitget,-6.61
2026-08-17T08:02:51+00:00,ADA,bitget,0.00
2026-08-17T08:02:53+00:00,AVAX,bitget,-3.14
2026-08-17T08:02:55+00:00,LINK,bitget,-5.32
2026-08-17T08:02:58+00:00,SUI,bitget,-2.95
2026-08-17T08:03:17+00:00,BTC,kucoin,-4.63
2026-08-17T08:03:19+00:00,ETH,kucoin,-4.00
2026-08-17T08:03:21+00:00,SOL,kucoin,-5.68
2026-08-17T08:03:24+00:00,DOGE,kucoin,-7.11
2026-08-17T08:03:27+00:00,XRP,kucoin,-3.89
2026-08-17T08:03:29+00:00,BNB,kucoin,-7.09
2026-08-17T08:03:31+00:00,ADA,kucoin,-9.09
2026-08-17T08:03:33+00:00,AVAX,kucoin,-4.72
2026-08-17T08:03:36+00:00,LINK,kucoin,-7.66
2026-08-17T08:03:39+00:00,SUI,kucoin,-4.43
2026-08-17T08:05:00+00:00,BTC,gate,-3.95
2026-08-17T08:05:03+00:00,ETH,gate,-4.32
2026-08-17T08:05:07+00:00,SOL,gate,-6.61
2026-08-17T08:05:09+00:00,DOGE,gate,-4.27
2026-08-17T08:05:11+00:00,XRP,gate,-7.98
2026-08-17T08:05:12+00:00,BNB,gate,-6.61
2026-08-17T08:05:16+00:00,ADA,gate,-9.10
2026-08-17T08:05:17+00:00,AVAX,gate,-9.44
2026-08-17T08:05:20+00:00,LINK,gate,-5.32
2026-08-17T08:05:24+00:00,SUI,gate,-11.81
2026-08-17T16:00:35+00:00,BTC,okx,-4.25
2026-08-17T16:00:36+00:00,ETH,okx,-3.92
2026-08-17T16:00:38+00:00,SOL,okx,-6.57
2026-08-17T16:00:39+00:00,DOGE,okx,-4.26
2026-08-17T16:00:40+00:00,XRP,okx,-6.96
2026-08-17T16:00:41+00:00,BNB,okx,-9.88
2026-08-17T16:00:43+00:00,ADA,okx,-17.10
2026-08-17T16:00:44+00:00,AVAX,okx,-11.07
2026-08-17T16:00:45+00:00,LINK,okx,-5.25
2026-08-17T16:00:46+00:00,SUI,okx,-5.90
2026-08-17T16:00:51+00:00,BTC,bitget,-6.06
2026-08-17T16:00:52+00:00,ETH,bitget,-5.44
2026-08-17T16:00:53+00:00,SOL,bitget,-6.31
2026-08-17T16:00:54+00:00,DOGE,bitget,-5.68
2026-08-17T16:00:56+00:00,XRP,bitget,-4.97
2026-08-17T16:00:57+00:00,BNB,bitget,-6.42
2026-08-17T16:00:58+00:00,ADA,bitget,-11.42
2026-08-17T16:00:59+00:00,AVAX,bitget,-15.80
2026-08-17T16:01:01+00:00,LINK,bitget,-12.60
2026-08-17T16:01:02+00:00,SUI,bitget,-2.95
2026-08-17T16:01:08+00:00,BTC,kucoin,-5.00
2026-08-17T16:01:09+00:00,ETH,kucoin,-5.18
2026-08-17T16:01:10+00:00,SOL,kucoin,-4.60
2026-08-17T16:01:12+00:00,DOGE,kucoin,-5.67
2026-08-17T16:01:13+00:00,XRP,kucoin,-4.28
2026-08-17T16:01:15+00:00,BNB,kucoin,-6.55
2026-08-17T16:01:16+00:00,ADA,kucoin,-10.27
2026-08-17T16:01:17+00:00,AVAX,kucoin,-9.49
2026-08-17T16:01:19+00:00,LINK,kucoin,-10.19
2026-08-17T16:01:20+00:00,SUI,kucoin,-13.26
2026-08-17T16:03:24+00:00,BTC,gate,-6.62
2026-08-17T16:03:28+00:00,ETH,gate,-5.65
2026-08-17T16:03:29+00:00,SOL,gate,-6.57
2026-08-17T16:03:33+00:00,DOGE,gate,-2.84
2026-08-17T16:03:36+00:00,XRP,gate,-4.98
2026-08-17T16:03:37+00:00,BNB,gate,-7.41
2026-08-17T16:03:41+00:00,ADA,gate,-12.01
2026-08-17T16:03:43+00:00,AVAX,gate,-6.34
2026-08-17T16:03:45+00:00,LINK,gate,-8.41
2026-08-17T16:03:47+00:00,SUI,gate,-5.90
2026-08-18T00:00:06+00:00,BTC,okx,-5.56
2026-08-18T00:00:07+00:00,ETH,okx,-5.02
2026-08-18T00:00:08+00:00,SOL,okx,-6.58
2026-08-18T00:00:09+00:00,DOGE,okx,-5.68
2026-08-18T00:00:11+00:00,XRP,okx,-6.97
2026-08-18T00:00:12+00:00,BNB,okx,-8.25
2026-08-18T00:00:13+00:00,ADA,okx,-11.47
2026-08-18T00:00:14+00:00,AVAX,okx,-6.30
2026-08-18T00:00:15+00:00,LINK,okx,-6.29
2026-08-18T00:00:16+00:00,SUI,okx,-4.44
2026-08-18T00:00:21+00:00,BTC,bitget,-3.76
2026-08-18T00:00:22+00:00,ETH,bitget,-4.60
2026-08-18T00:00:23+00:00,SOL,bitget,-3.81
2026-08-18T00:00:24+00:00,DOGE,bitget,-5.68
2026-08-18T00:00:25+00:00,XRP,bitget,-4.98
2026-08-18T00:00:27+00:00,BNB,bitget,-5.78
2026-08-18T00:00:29+00:00,ADA,bitget,-11.47
2026-08-18T00:00:31+00:00,AVAX,bitget,-3.15
2026-08-18T00:00:32+00:00,LINK,bitget,-8.38
2026-08-18T00:00:33+00:00,SUI,bitget,-2.96
2026-08-18T00:00:49+00:00,ETH,kucoin,-5.07
2026-08-18T00:00:50+00:00,SOL,kucoin,-3.16
2026-08-18T00:00:51+00:00,DOGE,kucoin,-2.84
2026-08-18T00:01:02+00:00,BNB,kucoin,-4.21
2026-08-18T00:01:03+00:00,ADA,kucoin,-5.16
2026-08-18T00:01:04+00:00,AVAX,kucoin,0.00
2026-08-18T00:01:05+00:00,LINK,kucoin,0.21
2026-08-18T00:01:25+00:00,BTC,gate,-5.19
2026-08-18T00:01:26+00:00,ETH,gate,-4.75
2026-08-18T00:01:26+00:00,SOL,gate,-7.89
2026-08-18T00:01:29+00:00,DOGE,gate,-7.10
2026-08-18T00:01:30+00:00,XRP,gate,-3.99
2026-08-18T00:01:31+00:00,BNB,gate,-4.13
2026-08-18T00:01:33+00:00,ADA,gate,-9.18
2026-08-18T00:01:33+00:00,AVAX,gate,-7.86
2026-08-18T00:01:34+00:00,LINK,gate,-9.43
2026-08-18T00:01:35+00:00,SUI,gate,-7.41
2026-08-18T08:00:28+00:00,BTC,okx,-3.97
2026-08-18T08:00:29+00:00,ETH,okx,-5.22
2026-08-18T08:00:31+00:00,SOL,okx,-6.58
2026-08-18T08:00:32+00:00,DOGE,okx,-7.16
2026-08-18T08:00:33+00:00,XRP,okx,-6.02
2026-08-18T08:00:34+00:00,BNB,okx,-6.63
2026-08-18T08:00:35+00:00,ADA,okx,-11.53
2026-08-18T08:00:36+00:00,AVAX,okx,-4.75
2026-08-18T08:00:37+00:00,LINK,okx,-5.30
2026-08-18T08:00:39+00:00,SUI,okx,-9.28
2026-08-18T08:00:42+00:00,BTC,bitget,-5.16
2026-08-18T08:00:43+00:00,ETH,bitget,-4.95
2026-08-18T08:00:45+00:00,SOL,bitget,-5.52
2026-08-18T08:00:46+00:00,DOGE,bitget,-2.86
2026-08-18T08:00:47+00:00,XRP,bitget,-5.02
2026-08-18T08:00:48+00:00,BNB,bitget,-6.80
2026-08-18T08:00:49+00:00,ADA,bitget,-11.53
2026-08-18T08:00:50+00:00,AVAX,bitget,-7.93
2026-08-18T08:00:51+00:00,LINK,bitget,-9.55
2026-08-18T08:00:52+00:00,SUI,bitget,-3.09
2026-08-18T08:00:56+00:00,BTC,kucoin,-4.61
2026-08-18T08:00:57+00:00,ETH,kucoin,-5.01
2026-08-18T08:00:58+00:00,SOL,kucoin,-5.26
2026-08-18T08:00:59+00:00,DOGE,kucoin,-1.43
2026-08-18T08:01:00+00:00,XRP,kucoin,-7.73
2026-08-18T08:01:01+00:00,BNB,kucoin,-4.06
2026-08-18T08:01:02+00:00,ADA,kucoin,-2.89
2026-08-18T08:01:03+00:00,AVAX,kucoin,-4.75
2026-08-18T08:01:05+00:00,LINK,kucoin,-13.58
2026-08-18T08:01:06+00:00,SUI,kucoin,-6.19
2026-08-18T08:01:12+00:00,BTC,gate,-6.26
2026-08-18T08:01:13+00:00,ETH,gate,-5.11
2026-08-18T08:01:14+00:00,SOL,gate,-5.26
2026-08-18T08:01:14+00:00,DOGE,gate,-5.73
2026-08-18T08:01:15+00:00,XRP,gate,-5.02
2026-08-18T08:01:16+00:00,BNB,gate,-5.80
2026-08-18T08:01:17+00:00,ADA,gate,-4.04
2026-08-18T08:01:18+00:00,AVAX,gate,-4.76
2026-08-18T08:01:18+00:00,LINK,gate,-8.49
2026-08-18T08:01:19+00:00,SUI,gate,-3.09
2026-08-18T16:00:56+00:00,BTC,okx,-4.96
2026-08-18T16:00:57+00:00,ETH,okx,-5.84
2026-08-18T16:00:58+00:00,SOL,okx,-5.18
2026-08-18T16:01:00+00:00,DOGE,okx,-7.11
2026-08-18T16:01:01+00:00,XRP,okx,-4.98
2026-08-18T16:01:02+00:00,BNB,okx,-4.97
2026-08-18T16:01:03+00:00,ADA,okx,-5.70
2026-08-18T16:01:04+00:00,AVAX,okx,-6.27
2026-08-18T16:01:05+00:00,LINK,okx,-5.27
2026-08-18T16:01:06+00:00,SUI,okx,-6.10
2026-08-18T16:01:10+00:00,BTC,bitget,-5.50
2026-08-18T16:01:11+00:00,ETH,bitget,-5.21
2026-08-18T16:01:13+00:00,SOL,bitget,-7.12
2026-08-18T16:01:14+00:00,DOGE,bitget,-5.69
2026-08-18T16:01:15+00:00,XRP,bitget,-4.98
2026-08-18T16:01:16+00:00,BNB,bitget,-7.46
2026-08-18T16:01:17+00:00,ADA,bitget,-11.40
2026-08-18T16:01:18+00:00,AVAX,bitget,-7.84
2026-08-18T16:01:19+00:00,LINK,bitget,-7.38
2026-08-18T16:01:20+00:00,SUI,bitget,-10.67
2026-08-18T16:01:23+00:00,BTC,kucoin,-3.87
2026-08-18T16:01:24+00:00,ETH,kucoin,-6.73
2026-08-18T16:01:25+00:00,SOL,kucoin,0.26
2026-08-18T16:01:26+00:00,DOGE,kucoin,-1.42
2026-08-18T16:01:27+00:00,XRP,kucoin,-9.66
2026-08-18T16:01:28+00:00,BNB,kucoin,-4.57
2026-08-18T16:01:30+00:00,ADA,kucoin,-16.51
2026-08-18T16:01:31+00:00,AVAX,kucoin,-6.28
2026-08-18T16:01:32+00:00,LINK,kucoin,-8.75
2026-08-18T16:01:33+00:00,SUI,kucoin,-10.67
2026-08-18T16:01:41+00:00,BTC,gate,-5.30
2026-08-18T16:01:41+00:00,ETH,gate,-6.31
2026-08-18T16:01:42+00:00,SOL,gate,-6.47
2026-08-18T16:01:43+00:00,DOGE,gate,-8.53
2026-08-18T16:01:44+00:00,XRP,gate,-5.97
2026-08-18T16:01:45+00:00,BNB,gate,-5.80
2026-08-18T16:01:46+00:00,ADA,gate,-5.70
2026-08-18T16:01:46+00:00,AVAX,gate,-7.85
2026-08-18T16:01:47+00:00,LINK,gate,-8.43
2026-08-18T16:01:48+00:00,SUI,gate,-6.10
2026-08-19T00:00:29+00:00,BTC,okx,-4.68
2026-08-19T00:00:30+00:00,ETH,okx,-5.68
2026-08-19T00:00:31+00:00,SOL,okx,-6.49
2026-08-19T00:00:33+00:00,DOGE,okx,-7.11
2026-08-19T00:00:34+00:00,XRP,okx,-5.99
2026-08-19T00:00:35+00:00,BNB,okx,-1.66
2026-08-19T00:00:36+00:00,ADA,okx,-17.17
2026-08-19T00:00:37+00:00,AVAX,okx,-9.47
2026-08-19T00:00:38+00:00,LINK,okx,-10.48
2026-08-19T00:00:39+00:00,SUI,okx,-7.67
2026-08-19T00:01:03+00:00,BTC,kucoin,-4.17
2026-08-19T00:01:04+00:00,ETH,kucoin,-3.28
2026-08-19T00:01:05+00:00,SOL,kucoin,-5.97
2026-08-19T00:01:06+00:00,DOGE,kucoin,-8.54
2026-08-19T00:01:07+00:00,XRP,kucoin,-4.69
2026-08-19T00:01:08+00:00,BNB,kucoin,-3.63
2026-08-19T00:01:10+00:00,ADA,kucoin,-6.87
2026-08-19T00:01:11+00:00,AVAX,kucoin,-3.16
2026-08-19T00:01:12+00:00,LINK,kucoin,-8.60
2026-08-19T00:01:13+00:00,SUI,kucoin,-9.20
2026-08-19T00:01:23+00:00,BTC,gate,-5.73
2026-08-19T00:01:23+00:00,ETH,gate,-7.56
2026-08-19T00:01:24+00:00,SOL,gate,-6.49
2026-08-19T00:01:25+00:00,DOGE,gate,-5.69
2026-08-19T00:01:26+00:00,XRP,gate,-5.99
2026-08-19T00:01:27+00:00,BNB,gate,-4.97
2026-08-19T00:01:28+00:00,ADA,gate,-5.15
2026-08-19T00:01:28+00:00,AVAX,gate,-6.31
2026-08-19T00:01:29+00:00,LINK,gate,-8.39
2026-08-19T00:01:30+00:00,SUI,gate,-7.67
2026-08-19T08:00:31+00:00,BTC,okx,-4.32
2026-08-19T08:00:33+00:00,ETH,okx,-4.23
2026-08-19T08:00:34+00:00,SOL,okx,-3.90
2026-08-19T08:00:36+00:00,DOGE,okx,-7.15
2026-08-19T08:00:37+00:00,XRP,okx,-4.98
2026-08-19T08:00:38+00:00,BNB,okx,-8.31
2026-08-19T08:00:40+00:00,ADA,okx,-17.10
2026-08-19T08:00:41+00:00,AVAX,okx,-4.72
2026-08-19T08:00:43+00:00,LINK,okx,-7.22
2026-08-19T08:00:44+00:00,SUI,okx,-4.57
2026-08-19T08:00:49+00:00,BTC,bitget,-4.32
2026-08-19T08:00:51+00:00,ETH,bitget,-4.23
2026-08-19T08:00:52+00:00,SOL,bitget,-3.12
2026-08-19T08:00:54+00:00,DOGE,bitget,-5.72
2026-08-19T08:00:55+00:00,XRP,bitget,-3.99
2026-08-19T08:00:57+00:00,BNB,bitget,-8.80
2026-08-19T08:00:58+00:00,ADA,bitget,-5.70
2026-08-19T08:01:00+00:00,AVAX,bitget,-3.15
2026-08-19T08:01:01+00:00,LINK,bitget,-10.31
2026-08-19T08:01:03+00:00,SUI,bitget,-4.57
2026-08-19T08:01:06+00:00,BTC,kucoin,-4.03
2026-08-19T08:01:08+00:00,ETH,kucoin,-4.49
2026-08-19T08:01:09+00:00,SOL,kucoin,-3.12
2026-08-19T08:01:11+00:00,DOGE,kucoin,-1.43
2026-08-19T08:01:13+00:00,XRP,kucoin,-2.39
2026-08-19T08:01:14+00:00,BNB,kucoin,-4.70
2026-08-19T08:01:16+00:00,ADA,kucoin,-11.40
2026-08-19T08:01:17+00:00,AVAX,kucoin,-11.02
2026-08-19T08:01:19+00:00,LINK,kucoin,-8.56
2026-08-19T08:01:20+00:00,SUI,kucoin,-7.61
2026-08-19T08:01:29+00:00,BTC,gate,-6.17
2026-08-19T08:01:31+00:00,ETH,gate,-6.42
2026-08-19T08:01:32+00:00,SOL,gate,-5.20
2026-08-19T08:01:33+00:00,DOGE,gate,-4.29
2026-08-19T08:01:34+00:00,XRP,gate,-3.99
2026-08-19T08:01:35+00:00,BNB,gate,-5.81
2026-08-19T08:01:37+00:00,ADA,gate,-2.28
2026-08-19T08:01:38+00:00,AVAX,gate,-11.02
2026-08-19T08:01:39+00:00,LINK,gate,-10.31
2026-08-19T08:01:40+00:00,SUI,gate,-6.09
2026-08-19T16:00:55+00:00,BTC,okx,-2.84
2026-08-19T16:00:57+00:00,ETH,okx,-3.21
2026-08-19T16:00:58+00:00,SOL,okx,-3.67
2026-08-19T16:01:00+00:00,DOGE,okx,-1.38
2026-08-19T16:01:02+00:00,XRP,okx,-5.62
2026-08-19T16:01:03+00:00,BNB,okx,-6.48
2026-08-19T16:01:05+00:00,ADA,okx,-11.15
2026-08-19T16:01:06+00:00,AVAX,okx,-3.05
2026-08-19T16:01:08+00:00,LINK,okx,-14.11
2026-08-19T16:01:09+00:00,SUI,okx,-2.94
2026-08-19T16:01:15+00:00,BTC,bitget,-4.27
2026-08-19T16:01:16+00:00,ETH,bitget,-3.12
2026-08-19T16:01:18+00:00,SOL,bitget,-4.90
2026-08-19T16:01:19+00:00,DOGE,bitget,-11.04
2026-08-19T16:01:21+00:00,XRP,bitget,0.00
2026-08-19T16:01:22+00:00,BNB,bitget,-4.22
2026-08-19T16:01:24+00:00,ADA,bitget,-11.17
2026-08-19T16:01:25+00:00,AVAX,bitget,-4.57
2026-08-19T16:01:27+00:00,LINK,bitget,-1.01
2026-08-19T16:01:28+00:00,SUI,bitget,-2.94
2026-08-19T16:01:33+00:00,BTC,kucoin,-5.31
2026-08-19T16:01:34+00:00,ETH,kucoin,-0.96
2026-08-19T16:01:36+00:00,SOL,kucoin,-6.48
2026-08-19T16:01:37+00:00,DOGE,kucoin,0.00
2026-08-19T16:01:39+00:00,XRP,kucoin,-3.19
2026-08-19T16:01:40+00:00,BNB,kucoin,-4.76
2026-08-19T16:01:42+00:00,ADA,kucoin,-6.69
2026-08-19T16:01:43+00:00,AVAX,kucoin,-3.05
2026-08-19T16:01:45+00:00,LINK,kucoin,-14.61
2026-08-19T16:01:47+00:00,SUI,kucoin,-1.47
2026-08-19T16:01:56+00:00,BTC,gate,-3.09
2026-08-19T16:01:57+00:00,ETH,gate,-6.40
2026-08-19T16:01:58+00:00,SOL,gate,-4.89
2026-08-19T16:02:00+00:00,DOGE,gate,-6.88
2026-08-19T16:02:01+00:00,XRP,gate,-7.50
2026-08-19T16:02:04+00:00,BNB,gate,-7.28
2026-08-19T16:02:05+00:00,ADA,gate,-14.52
2026-08-19T16:02:06+00:00,AVAX,gate,-13.69
2026-08-19T16:02:08+00:00,LINK,gate,-16.11
2026-08-19T16:02:09+00:00,SUI,gate,-2.93
2026-08-20T00:00:26+00:00,BTC,okx,-4.96
2026-08-20T00:00:27+00:00,ETH,okx,-2.71
2026-08-20T00:00:28+00:00,SOL,okx,-2.34
2026-08-20T00:00:30+00:00,DOGE,okx,-5.33
2026-08-20T00:00:31+00:00,XRP,okx,-2.71
2026-08-20T00:00:33+00:00,BNB,okx,-4.78
2026-08-20T00:00:34+00:00,ADA,okx,0.00
2026-08-20T00:00:35+00:00,AVAX,okx,1.47
2026-08-20T00:00:36+00:00,LINK,okx,-5.68
2026-08-20T00:00:37+00:00,SUI,okx,-1.41
2026-08-20T00:00:42+00:00,BTC,bitget,-4.42
2026-08-20T00:00:43+00:00,ETH,bitget,-2.39
2026-08-20T00:00:44+00:00,SOL,bitget,-1.75
2026-08-20T00:00:46+00:00,DOGE,bitget,-6.66
2026-08-20T00:00:47+00:00,XRP,bitget,-2.71
2026-08-20T00:00:48+00:00,BNB,bitget,-4.94
2026-08-20T00:00:49+00:00,ADA,bitget,-15.98
2026-08-20T00:00:50+00:00,AVAX,bitget,-7.37
2026-08-20T00:00:51+00:00,LINK,bitget,-17.99
2026-08-20T00:00:52+00:00,SUI,bitget,-7.07
2026-08-20T00:00:55+00:00,BTC,kucoin,-5.32
2026-08-20T00:00:56+00:00,ETH,kucoin,-2.88
2026-08-20T00:00:57+00:00,SOL,kucoin,1.76
2026-08-20T00:00:59+00:00,DOGE,kucoin,-4.00
2026-08-20T00:01:00+00:00,XRP,kucoin,-1.18
2026-08-20T00:01:01+00:00,BNB,kucoin,4.33
2026-08-20T00:01:02+00:00,ADA,kucoin,-0.53
2026-08-20T00:01:03+00:00,AVAX,kucoin,2.95
2026-08-20T00:01:04+00:00,LINK,kucoin,-7.00
2026-08-20T00:01:05+00:00,SUI,kucoin,0.00
2026-08-20T00:01:12+00:00,BTC,gate,-3.73
2026-08-20T00:01:13+00:00,ETH,gate,-5.72
2026-08-20T00:01:14+00:00,SOL,gate,1.17
2026-08-20T00:01:15+00:00,DOGE,gate,1.33
2026-08-20T00:01:16+00:00,XRP,gate,-1.81
2026-08-20T00:01:16+00:00,BNB,gate,-1.59
2026-08-20T00:01:17+00:00,ADA,gate,-5.33
2026-08-20T00:01:18+00:00,AVAX,gate,-1.47
2026-08-20T00:01:19+00:00,LINK,gate,0.95
2026-08-20T00:01:19+00:00,SUI,gate,2.83
2026-08-20T08:00:14+00:00,BTC,okx,0.37
2026-08-20T08:00:15+00:00,ETH,okx,0.58
2026-08-20T08:00:16+00:00,SOL,okx,-3.48
2026-08-20T08:00:18+00:00,DOGE,okx,-2.66
2026-08-20T08:00:19+00:00,XRP,okx,-1.80
2026-08-20T08:00:20+00:00,BNB,okx,-6.34
2026-08-20T08:00:21+00:00,ADA,okx,-5.43
2026-08-20T08:00:22+00:00,AVAX,okx,-1.47
2026-08-20T08:00:23+00:00,LINK,okx,-5.69
2026-08-20T08:00:24+00:00,SUI,okx,2.85
2026-08-20T08:00:47+00:00,BTC,kucoin,-4.23
2026-08-20T08:00:48+00:00,ETH,kucoin,-0.80
2026-08-20T08:00:49+00:00,SOL,kucoin,-0.93
2026-08-20T08:00:50+00:00,DOGE,kucoin,1.33
2026-08-20T08:00:52+00:00,XRP,kucoin,-1.35
2026-08-20T08:00:53+00:00,BNB,kucoin,-4.55
2026-08-20T08:00:54+00:00,ADA,kucoin,-8.15
2026-08-20T08:00:55+00:00,AVAX,kucoin,-2.94
2026-08-20T08:00:56+00:00,LINK,kucoin,-2.09
2026-08-20T08:00:57+00:00,SUI,kucoin,2.85
2026-08-20T08:01:05+00:00,BTC,gate,-3.62
2026-08-20T08:01:06+00:00,ETH,gate,-2.98
2026-08-20T08:01:07+00:00,SOL,gate,-3.49
2026-08-20T08:01:08+00:00,DOGE,gate,-6.64
2026-08-20T08:01:09+00:00,XRP,gate,-4.50
2026-08-20T08:01:09+00:00,BNB,gate,-3.17
2026-08-20T08:01:10+00:00,ADA,gate,-5.98
2026-08-20T08:01:11+00:00,AVAX,gate,-5.88
2026-08-20T08:01:12+00:00,LINK,gate,-5.69
2026-08-20T08:01:13+00:00,SUI,gate,0.00
2026-08-20T16:00:48+00:00,BTC,okx,-4.45
2026-08-20T16:00:49+00:00,ETH,okx,-3.58
2026-08-20T16:00:51+00:00,SOL,okx,-4.59
2026-08-20T16:00:52+00:00,DOGE,okx,0.00
2026-08-20T16:00:53+00:00,XRP,okx,-5.56
2026-08-20T16:00:55+00:00,BNB,okx,-3.07
2026-08-20T16:00:56+00:00,ADA,okx,0.00
2026-08-20T16:00:57+00:00,AVAX,okx,2.83
2026-08-20T16:00:59+00:00,LINK,okx,-9.35
2026-08-20T16:01:00+00:00,SUI,okx,-6.74
2026-08-20T16:01:04+00:00,BTC,bitget,-3.81
2026-08-20T16:01:05+00:00,ETH,bitget,-5.17
2026-08-20T16:01:07+00:00,SOL,bitget,-4.01
2026-08-20T16:01:08+00:00,DOGE,bitget,-6.26
2026-08-20T16:01:09+00:00,XRP,bitget,-3.18
2026-08-20T16:01:10+00:00,BNB,bitget,-6.30
2026-08-20T16:01:11+00:00,ADA,bitget,-5.08
2026-08-20T16:01:13+00:00,AVAX,bitget,-2.83
2026-08-20T16:01:14+00:00,LINK,bitget,-10.28
2026-08-20T16:01:15+00:00,SUI,bitget,0.00
2026-08-20T16:01:18+00:00,BTC,kucoin,-6.23
2026-08-20T16:01:20+00:00,ETH,kucoin,-2.76
2026-08-20T16:01:21+00:00,SOL,kucoin,-4.01
2026-08-20T16:01:22+00:00,DOGE,kucoin,0.00
2026-08-20T16:01:23+00:00,XRP,kucoin,-5.48
2026-08-20T16:01:25+00:00,BNB,kucoin,-7.67
2026-08-20T16:01:26+00:00,ADA,kucoin,1.52
2026-08-20T16:01:27+00:00,AVAX,kucoin,11.32
2026-08-20T16:01:29+00:00,LINK,kucoin,-6.92
2026-08-20T16:01:30+00:00,SUI,kucoin,-1.35
2026-08-20T16:01:38+00:00,BTC,gate,-5.69
2026-08-20T16:01:39+00:00,ETH,gate,-2.46
2026-08-20T16:01:40+00:00,SOL,gate,-3.44
2026-08-20T16:01:41+00:00,DOGE,gate,-5.01
2026-08-20T16:01:42+00:00,XRP,gate,-8.72
2026-08-20T16:01:43+00:00,BNB,gate,-3.84
2026-08-20T16:01:44+00:00,ADA,gate,-3.04
2026-08-20T16:01:45+00:00,AVAX,gate,1.41
2026-08-20T16:01:46+00:00,LINK,gate,-8.42
2026-08-20T16:01:47+00:00,SUI,gate,-6.74
2026-08-21T00:00:18+00:00,BTC,okx,-4.86
2026-08-21T00:00:19+00:00,ETH,okx,-2.23
2026-08-21T00:00:21+00:00,SOL,okx,-3.42
2026-08-21T00:00:22+00:00,DOGE,okx,-4.97
2026-08-21T00:00:23+00:00,XRP,okx,-3.15
2026-08-21T00:00:24+00:00,BNB,okx,-6.11
2026-08-21T00:00:25+00:00,ADA,okx,-5.02
2026-08-21T00:00:26+00:00,AVAX,okx,4.11
2026-08-21T00:00:27+00:00,LINK,okx,-6.54
2026-08-21T00:00:28+00:00,SUI,okx,-1.36
2026-08-21T00:00:34+00:00,BTC,bitget,-5.81
2026-08-21T00:00:36+00:00,ETH,bitget,-3.18
2026-08-21T00:00:37+00:00,SOL,bitget,-1.48
2026-08-21T00:00:39+00:00,DOGE,bitget,-6.20
2026-08-21T00:00:40+00:00,XRP,bitget,-1.58
2026-08-21T00:00:42+00:00,BNB,bitget,-3.82
2026-08-21T00:00:43+00:00,ADA,bitget,10.05
2026-08-21T00:00:44+00:00,AVAX,bitget,2.74
2026-08-21T00:00:46+00:00,LINK,bitget,-9.34
2026-08-21T00:00:48+00:00,SUI,bitget,-1.36
2026-08-21T00:00:51+00:00,BTC,kucoin,-5.91
2026-08-21T00:00:52+00:00,ETH,kucoin,-4.47
2026-08-21T00:00:53+00:00,SOL,kucoin,-4.33
2026-08-21T00:00:54+00:00,DOGE,kucoin,-3.72
2026-08-21T00:00:55+00:00,XRP,kucoin,-5.44
2026-08-21T00:00:56+00:00,BNB,kucoin,-6.64
2026-08-21T00:00:57+00:00,ADA,kucoin,0.00
2026-08-21T00:00:58+00:00,AVAX,kucoin,4.11
2026-08-21T00:00:59+00:00,LINK,kucoin,-2.43
2026-08-21T00:01:00+00:00,SUI,kucoin,-4.09
2026-08-21T00:01:06+00:00,BTC,gate,-5.10
2026-08-21T00:01:07+00:00,ETH,gate,-3.65
2026-08-21T00:01:08+00:00,SOL,gate,1.14
2026-08-21T00:01:09+00:00,DOGE,gate,-1.24
2026-08-21T00:01:10+00:00,XRP,gate,-3.15
2026-08-21T00:01:11+00:00,BNB,gate,-3.82
2026-08-21T00:01:12+00:00,ADA,gate,-4.51
2026-08-21T00:01:12+00:00,AVAX,gate,-2.74
2026-08-21T00:01:13+00:00,LINK,gate,-6.55
2026-08-21T00:01:14+00:00,SUI,gate,-2.72
2026-08-21T08:00:08+00:00,BTC,okx,-0.67
2026-08-21T08:00:09+00:00,ETH,okx,1.14
2026-08-21T08:00:10+00:00,SOL,okx,-3.32
2026-08-21T08:00:11+00:00,DOGE,okx,-1.20
2026-08-21T08:00:12+00:00,XRP,okx,-5.33
2026-08-21T08:00:13+00:00,BNB,okx,-2.99
2026-08-21T08:00:14+00:00,ADA,okx,-4.77
2026-08-21T08:00:15+00:00,AVAX,okx,-4.01
2026-08-21T08:00:16+00:00,LINK,okx,-0.87
2026-08-21T08:00:18+00:00,SUI,okx,0.00
2026-08-21T08:00:22+00:00,BTC,bitget,0.63
2026-08-21T08:00:23+00:00,ETH,bitget,-1.85
2026-08-21T08:00:24+00:00,SOL,bitget,1.22
2026-08-21T08:00:25+00:00,DOGE,bitget,-3.59
2026-08-21T08:00:26+00:00,XRP,bitget,-4.57
2026-08-21T08:00:27+00:00,BNB,bitget,0.90
2026-08-21T08:00:28+00:00,ADA,bitget,-9.55
2026-08-21T08:00:29+00:00,AVAX,bitget,-1.33
2026-08-21T08:00:30+00:00,LINK,bitget,1.73
2026-08-21T08:00:31+00:00,SUI,bitget,0.00
2026-08-21T08:00:34+00:00,BTC,kucoin,-2.80
2026-08-21T08:00:35+00:00,ETH,kucoin,-0.21
2026-08-21T08:00:37+00:00,SOL,kucoin,1.55
2026-08-21T08:00:38+00:00,DOGE,kucoin,-3.59
2026-08-21T08:00:39+00:00,XRP,kucoin,-4.18
2026-08-21T08:00:40+00:00,BNB,kucoin,0.19
2026-08-21T08:00:41+00:00,ADA,kucoin,-6.68
2026-08-21T08:00:42+00:00,AVAX,kucoin,-2.67
2026-08-21T08:00:43+00:00,LINK,kucoin,-4.68
2026-08-21T08:00:44+00:00,SUI,kucoin,2.57
2026-08-21T08:00:51+00:00,BTC,gate,-2.10
2026-08-21T08:00:52+00:00,ETH,gate,0.38
2026-08-21T08:00:53+00:00,SOL,gate,-3.32
2026-08-21T08:00:53+00:00,DOGE,gate,-3.59
2026-08-21T08:00:54+00:00,XRP,gate,-0.76
2026-08-21T08:00:55+00:00,BNB,gate,-3.73
2026-08-21T08:00:56+00:00,ADA,gate,-8.58
2026-08-21T08:00:57+00:00,AVAX,gate,-1.33
2026-08-21T08:00:57+00:00,LINK,gate,-3.47
2026-08-21T08:00:58+00:00,SUI,gate,-3.86
2026-08-21T16:00:32+00:00,BTC,okx,0.12
2026-08-21T16:00:35+00:00,ETH,okx,-2.55
2026-08-21T16:00:37+00:00,SOL,okx,-3.28
2026-08-21T16:00:42+00:00,DOGE,okx,0.00
2026-08-21T16:00:45+00:00,XRP,okx,-4.99
2026-08-21T16:00:47+00:00,BNB,okx,-1.47
2026-08-21T16:00:50+00:00,ADA,okx,4.53
2026-08-21T16:00:55+00:00,AVAX,okx,-1.31
2026-08-21T16:01:00+00:00,LINK,okx,-6.06
2026-08-21T16:01:02+00:00,SUI,okx,7.33
2026-08-21T16:03:55+00:00,BTC,gate,-1.53
2026-08-21T16:03:57+00:00,ETH,gate,-4.52
2026-08-21T16:03:59+00:00,SOL,gate,-3.29
2026-08-21T16:04:01+00:00,DOGE,gate,-4.77
2026-08-21T16:04:05+00:00,XRP,gate,-4.28
2026-08-21T16:04:06+00:00,BNB,gate,-0.74
2026-08-21T16:04:12+00:00,ADA,gate,-22.32
2026-08-21T16:04:15+00:00,AVAX,gate,-11.86
2026-08-21T16:04:18+00:00,LINK,gate,-6.93
2026-08-21T16:04:20+00:00,SUI,gate,-2.46
2026-08-22T00:00:54+00:00,BTC,okx,-2.44
2026-08-22T00:00:55+00:00,ETH,okx,1.19
2026-08-22T00:00:56+00:00,SOL,okx,0.00
2026-08-22T00:00:57+00:00,DOGE,okx,1.09
2026-08-22T00:00:58+00:00,XRP,okx,0.00
2026-08-22T00:00:59+00:00,BNB,okx,0.00
2026-08-22T00:01:00+00:00,ADA,okx,4.37
2026-08-22T00:01:02+00:00,AVAX,okx,3.83
2026-08-22T00:01:03+00:00,LINK,okx,0.83
2026-08-22T00:01:04+00:00,SUI,okx,1.19
2026-08-22T00:01:10+00:00,BTC,bitget,-4.13
2026-08-22T00:01:12+00:00,ETH,bitget,-1.67
2026-08-22T00:01:14+00:00,SOL,bitget,-1.49
2026-08-22T00:01:16+00:00,DOGE,bitget,6.56
2026-08-22T00:01:18+00:00,XRP,bitget,-2.06
2026-08-22T00:01:20+00:00,BNB,bitget,2.77
2026-08-22T00:01:22+00:00,ADA,bitget,4.37
2026-08-22T00:01:24+00:00,AVAX,bitget,6.38
2026-08-22T00:01:26+00:00,LINK,bitget,2.50
2026-08-22T00:01:27+00:00,SUI,bitget,3.55
2026-08-22T00:01:31+00:00,BTC,kucoin,-2.70
2026-08-22T00:01:32+00:00,ETH,kucoin,-1.19
2026-08-22T00:01:33+00:00,SOL,kucoin,0.11
2026-08-22T00:01:34+00:00,DOGE,kucoin,-1.09
2026-08-22T00:01:35+00:00,XRP,kucoin,-1.92
2026-08-22T00:01:36+00:00,BNB,kucoin,0.90
2026-08-22T00:01:37+00:00,ADA,kucoin,17.91
2026-08-22T00:01:38+00:00,AVAX,kucoin,0.00
2026-08-22T00:01:39+00:00,LINK,kucoin,2.58
2026-08-22T00:01:40+00:00,SUI,kucoin,5.92
2026-08-22T00:01:47+00:00,BTC,gate,-2.13
2026-08-22T00:01:48+00:00,ETH,gate,-2.02
2026-08-22T00:01:49+00:00,SOL,gate,-3.20
2026-08-22T00:01:50+00:00,DOGE,gate,0.00
2026-08-22T00:01:50+00:00,XRP,gate,2.74
2026-08-22T00:01:51+00:00,BNB,gate,-4.36
2026-08-22T00:01:52+00:00,ADA,gate,-2.62
2026-08-22T00:01:53+00:00,AVAX,gate,-2.55
2026-08-22T00:01:54+00:00,LINK,gate,-0.83
2026-08-22T00:01:54+00:00,SUI,gate,0.00
2026-08-22T08:00:57+00:00,BTC,okx,-0.67
2026-08-22T08:00:58+00:00,ETH,okx,-0.49
2026-08-22T08:00:59+00:00,SOL,okx,-4.24
2026-08-22T08:01:00+00:00,DOGE,okx,-1.08
2026-08-22T08:01:01+00:00,XRP,okx,-1.28
2026-08-22T08:01:02+00:00,BNB,okx,0.00
2026-08-22T08:01:03+00:00,ADA,okx,4.31
2026-08-22T08:01:04+00:00,AVAX,okx,-2.63
2026-08-22T08:01:06+00:00,LINK,okx,0.00
2026-08-22T08:01:07+00:00,SUI,okx,-1.16
2026-08-22T08:01:11+00:00,BTC,bitget,-1.10
2026-08-22T08:01:12+00:00,ETH,bitget,-3.61
2026-08-22T08:01:13+00:00,SOL,bitget,-1.06
2026-08-22T08:01:14+00:00,DOGE,bitget,-4.30
2026-08-22T08:01:15+00:00,XRP,bitget,5.11
2026-08-22T08:01:16+00:00,BNB,bitget,0.14
2026-08-22T08:01:17+00:00,ADA,bitget,12.94
2026-08-22T08:01:18+00:00,AVAX,bitget,0.00
2026-08-22T08:01:19+00:00,LINK,bitget,2.54
2026-08-22T08:01:20+00:00,SUI,bitget,1.16
2026-08-22T08:01:23+00:00,BTC,kucoin,-1.43
2026-08-22T08:01:24+00:00,ETH,kucoin,-1.40
2026-08-22T08:01:25+00:00,SOL,kucoin,-0.95
2026-08-22T08:01:26+00:00,DOGE,kucoin,-3.22
2026-08-22T08:01:27+00:00,XRP,kucoin,-6.52
2026-08-22T08:01:28+00:00,BNB,kucoin,-2.29
2026-08-22T08:01:29+00:00,ADA,kucoin,2.15
2026-08-22T08:01:30+00:00,AVAX,kucoin,1.31
2026-08-22T08:01:31+00:00,LINK,kucoin,4.58
2026-08-22T08:01:32+00:00,SUI,kucoin,0.00
2026-08-22T08:01:38+00:00,BTC,gate,-2.66
2026-08-22T08:01:39+00:00,ETH,gate,-7.35
2026-08-22T08:01:40+00:00,SOL,gate,-6.35
2026-08-22T08:01:40+00:00,DOGE,gate,-5.38
2026-08-22T08:01:41+00:00,XRP,gate,-8.33
2026-08-22T08:01:42+00:00,BNB,gate,-2.83
2026-08-22T08:01:42+00:00,ADA,gate,0.00
2026-08-22T08:01:43+00:00,AVAX,gate,1.31
2026-08-22T08:01:44+00:00,LINK,gate,5.93
2026-08-22T08:01:44+00:00,SUI,gate,9.27
2026-08-22T16:00:17+00:00,BTC,okx,0.32
2026-08-22T16:00:19+00:00,ETH,okx,-0.62
2026-08-22T16:00:20+00:00,SOL,okx,2.15
2026-08-22T16:00:22+00:00,DOGE,okx,0.00
2026-08-22T16:00:24+00:00,XRP,okx,0.69
2026-08-22T16:00:25+00:00,BNB,okx,0.00
2026-08-22T16:00:27+00:00,ADA,okx,8.97
2026-08-22T16:00:28+00:00,AVAX,okx,2.68
2026-08-22T16:00:30+00:00,LINK,okx,4.31
2026-08-22T16:00:31+00:00,SUI,okx,6.13
2026-08-22T16:00:36+00:00,BTC,bitget,-0.06
2026-08-22T16:00:38+00:00,ETH,bitget,-3.11
2026-08-22T16:00:40+00:00,SOL,bitget,-4.29
2026-08-22T16:00:41+00:00,DOGE,bitget,-6.64
2026-08-22T16:00:43+00:00,XRP,bitget,-0.69
2026-08-22T16:00:45+00:00,BNB,bitget,-1.31
2026-08-22T16:00:47+00:00,ADA,bitget,8.97
2026-08-22T16:00:48+00:00,AVAX,bitget,5.37
2026-08-22T16:00:50+00:00,LINK,bitget,-0.86
2026-08-22T16:00:52+00:00,SUI,bitget,2.45
2026-08-22T16:00:56+00:00,BTC,kucoin,3.22
2026-08-22T16:00:58+00:00,ETH,kucoin,-1.16
2026-08-22T16:00:59+00:00,SOL,kucoin,-0.32
2026-08-22T16:01:01+00:00,DOGE,kucoin,-6.63
2026-08-22T16:01:02+00:00,XRP,kucoin,2.77
2026-08-22T16:01:04+00:00,BNB,kucoin,1.63
2026-08-22T16:01:05+00:00,ADA,kucoin,6.73
2026-08-22T16:01:07+00:00,AVAX,kucoin,-4.02
2026-08-22T16:01:08+00:00,LINK,kucoin,4.65
2026-08-22T16:01:10+00:00,SUI,kucoin,1.23
2026-08-22T16:01:19+00:00,BTC,gate,-1.25
2026-08-22T16:01:21+00:00,ETH,gate,-3.57
2026-08-22T16:01:22+00:00,SOL,gate,-2.15
2026-08-22T16:01:23+00:00,DOGE,gate,-5.53
2026-08-22T16:01:24+00:00,XRP,gate,-7.63
2026-08-22T16:01:25+00:00,BNB,gate,-2.90
2026-08-22T16:01:27+00:00,ADA,gate,-2.25
2026-08-22T16:01:28+00:00,AVAX,gate,-2.68
2026-08-22T16:01:29+00:00,LINK,gate,-6.89
2026-08-22T16:01:30+00:00,SUI,gate,-1.23
2026-08-23T00:00:54+00:00,BTC,okx,1.94
2026-08-23T00:00:55+00:00,ETH,okx,-3.55
2026-08-23T00:00:56+00:00,SOL,okx,0.00
2026-08-23T00:00:57+00:00,DOGE,okx,-3.26
2026-08-23T00:00:58+00:00,XRP,okx,-2.05
2026-08-23T00:00:59+00:00,BNB,okx,2.87
2026-08-23T00:01:01+00:00,ADA,okx,4.42
2026-08-23T00:01:02+00:00,AVAX,okx,0.00
2026-08-23T00:01:03+00:00,LINK,okx,-0.86
2026-08-23T00:01:04+00:00,SUI,okx,3.68
2026-08-23T00:01:08+00:00,BTC,bitget,-0.25
2026-08-23T00:01:09+00:00,ETH,bitget,-2.68
2026-08-23T00:01:10+00:00,SOL,bitget,-2.13
2026-08-23T00:01:11+00:00,DOGE,bitget,-3.26
2026-08-23T00:01:12+00:00,XRP,bitget,-3.41
2026-08-23T00:01:13+00:00,BNB,bitget,-2.16
2026-08-23T00:01:14+00:00,ADA,bitget,8.84
2026-08-23T00:01:15+00:00,AVAX,bitget,0.00
2026-08-23T00:01:17+00:00,LINK,bitget,4.29
2026-08-23T00:01:18+00:00,SUI,bitget,2.45
2026-08-23T00:01:20+00:00,BTC,kucoin,2.41
2026-08-23T00:01:22+00:00,ETH,kucoin,-4.25
2026-08-23T00:01:23+00:00,SOL,kucoin,0.00
2026-08-23T00:01:24+00:00,DOGE,kucoin,-7.60
2026-08-23T00:01:25+00:00,XRP,kucoin,-4.43
2026-08-23T00:01:26+00:00,BNB,kucoin,-1.08
2026-08-23T00:01:27+00:00,ADA,kucoin,7.08
2026-08-23T00:01:28+00:00,AVAX,kucoin,4.01
2026-08-23T00:01:29+00:00,LINK,kucoin,4.80
2026-08-23T00:01:30+00:00,SUI,kucoin,7.37
2026-08-23T00:01:38+00:00,BTC,gate,-1.69
2026-08-23T00:01:39+00:00,ETH,gate,-4.33
2026-08-23T00:01:40+00:00,SOL,gate,-3.19
2026-08-23T00:01:40+00:00,DOGE,gate,-6.52
2026-08-23T00:01:41+00:00,XRP,gate,-6.83
2026-08-23T00:01:42+00:00,BNB,gate,-2.16
2026-08-23T00:01:43+00:00,ADA,gate,-7.09
2026-08-23T00:01:44+00:00,AVAX,gate,-1.34
2026-08-23T00:01:45+00:00,LINK,gate,-8.57
2026-08-23T00:01:46+00:00,SUI,gate,1.23
2026-08-23T08:00:51+00:00,BTC,okx,4.42
2026-08-23T08:00:52+00:00,ETH,okx,-0.71
2026-08-23T08:00:53+00:00,SOL,okx,0.00
2026-08-23T08:00:54+00:00,DOGE,okx,0.00
2026-08-23T08:00:56+00:00,XRP,okx,1.37
2026-08-23T08:00:57+00:00,BNB,okx,0.00
2026-08-23T08:00:58+00:00,ADA,okx,4.60
2026-08-23T08:00:59+00:00,AVAX,okx,-1.36
2026-08-23T08:01:00+00:00,LINK,okx,8.85
2026-08-23T08:01:01+00:00,SUI,okx,3.79
2026-08-23T08:01:05+00:00,BTC,bitget,-0.03
2026-08-23T08:01:06+00:00,ETH,bitget,-3.06
2026-08-23T08:01:07+00:00,SOL,bitget,-0.43
2026-08-23T08:01:08+00:00,DOGE,bitget,-3.32
2026-08-23T08:01:09+00:00,XRP,bitget,-6.17
2026-08-23T08:01:10+00:00,BNB,bitget,-4.97
2026-08-23T08:01:11+00:00,ADA,bitget,9.20
2026-08-23T08:01:12+00:00,AVAX,bitget,-2.71
2026-08-23T08:01:13+00:00,LINK,bitget,1.77
2026-08-23T08:01:14+00:00,SUI,bitget,5.06
2026-08-23T08:01:17+00:00,BTC,kucoin,1.22
2026-08-23T08:01:18+00:00,ETH,kucoin,-3.22
2026-08-23T08:01:19+00:00,SOL,kucoin,0.43
2026-08-23T08:01:20+00:00,DOGE,kucoin,0.00
2026-08-23T08:01:21+00:00,XRP,kucoin,-1.44
2026-08-23T08:01:22+00:00,BNB,kucoin,-4.87
2026-08-23T08:01:23+00:00,ADA,kucoin,-2.76
2026-08-23T08:01:24+00:00,AVAX,kucoin,-1.36
2026-08-23T08:01:25+00:00,LINK,kucoin,1.24
2026-08-23T08:01:26+00:00,SUI,kucoin,1.26
2026-08-23T08:01:33+00:00,BTC,gate,-0.29
2026-08-23T08:01:34+00:00,ETH,gate,-4.52
2026-08-23T08:01:34+00:00,SOL,gate,-5.41
2026-08-23T08:01:35+00:00,DOGE,gate,-3.33
2026-08-23T08:01:36+00:00,XRP,gate,-3.43
2026-08-23T08:01:37+00:00,BNB,gate,-2.93
2026-08-23T08:01:37+00:00,ADA,gate,-3.22
2026-08-23T08:01:38+00:00,AVAX,gate,1.36
2026-08-23T08:01:39+00:00,LINK,gate,-0.89
2026-08-23T08:01:40+00:00,SUI,gate,0.00
2026-08-23T08:53:52+00:00,BTC,okx,2.22
2026-08-23T08:53:53+00:00,ETH,okx,1.08
2026-08-23T08:53:54+00:00,SOL,okx,2.14
2026-08-23T08:53:55+00:00,DOGE,okx,-1.10
2026-08-23T08:53:56+00:00,XRP,okx,0.68
2026-08-23T08:54:00+00:00,BTC,bitget,0.72
2026-08-23T08:54:01+00:00,ETH,bitget,2.40
2026-08-23T08:54:02+00:00,SOL,bitget,-0.96
2026-08-23T08:54:03+00:00,DOGE,bitget,1.10
2026-08-23T08:54:04+00:00,XRP,bitget,2.71
2026-08-23T08:54:07+00:00,BTC,kucoin,1.45
2026-08-23T08:54:08+00:00,ETH,kucoin,-2.57
2026-08-23T08:54:10+00:00,SOL,kucoin,-0.86
2026-08-23T08:54:11+00:00,DOGE,kucoin,-5.49
2026-08-23T08:54:12+00:00,XRP,kucoin,-2.85
2026-08-23T08:54:19+00:00,BTC,gate,-0.13
2026-08-23T08:54:20+00:00,ETH,gate,-3.77
2026-08-23T08:54:21+00:00,SOL,gate,-5.36
2026-08-23T08:54:22+00:00,DOGE,gate,-5.49
2026-08-23T08:54:23+00:00,XRP,gate,-2.04
2026-08-23T16:00:23+00:00,BTC,okx,-2.27
2026-08-23T16:00:24+00:00,ETH,okx,-2.58
2026-08-23T16:00:25+00:00,SOL,okx,-2.10
2026-08-23T16:00:30+00:00,DOGE,okx,-4.32
2026-08-23T16:00:33+00:00,XRP,okx,-3.33
2026-08-23T16:00:34+00:00,BNB,okx,-1.44
2026-08-23T16:00:35+00:00,ADA,okx,0.00
2026-08-23T16:00:36+00:00,AVAX,okx,-2.65
2026-08-23T16:00:37+00:00,LINK,okx,-1.74
2026-08-23T16:00:38+00:00,SUI,okx,1.21
2026-08-23T16:00:41+00:00,BTC,bitget,-5.08
2026-08-23T16:00:42+00:00,ETH,bitget,-4.02
2026-08-23T16:00:43+00:00,SOL,bitget,-1.36
2026-08-23T16:00:44+00:00,DOGE,bitget,1.08
2026-08-23T16:00:45+00:00,XRP,bitget,0.00
2026-08-23T16:00:46+00:00,BNB,bitget,-7.76
2026-08-23T16:00:46+00:00,ADA,bitget,4.44
2026-08-23T16:00:47+00:00,AVAX,bitget,3.97
2026-08-23T16:00:48+00:00,LINK,bitget,-0.87
2026-08-23T16:00:49+00:00,SUI,bitget,1.21
2026-08-23T16:00:52+00:00,BTC,kucoin,-2.88
2026-08-23T16:00:53+00:00,ETH,kucoin,-4.55
2026-08-23T16:00:54+00:00,SOL,kucoin,-1.57
2026-08-23T16:00:55+00:00,DOGE,kucoin,2.16
2026-08-23T16:00:56+00:00,XRP,kucoin,-5.40
2026-08-23T16:00:56+00:00,BNB,kucoin,-1.94
2026-08-23T16:00:57+00:00,ADA,kucoin,0.44
2026-08-23T16:00:58+00:00,AVAX,kucoin,2.65
2026-08-23T16:00:59+00:00,LINK,kucoin,-3.40
2026-08-23T16:01:00+00:00,SUI,kucoin,3.64
2026-08-23T16:01:07+00:00,BTC,gate,-4.55
2026-08-23T16:01:07+00:00,ETH,gate,-5.82
2026-08-23T16:01:08+00:00,SOL,gate,-7.34
2026-08-23T16:01:09+00:00,DOGE,gate,-7.56
2026-08-23T16:01:09+00:00,XRP,gate,-2.67
2026-08-23T16:01:10+00:00,BNB,gate,-2.88
2026-08-23T16:01:11+00:00,ADA,gate,-11.10
2026-08-23T16:01:11+00:00,AVAX,gate,-2.65
2026-08-23T16:01:12+00:00,LINK,gate,-6.10
2026-08-23T16:01:13+00:00,SUI,gate,-12.12
2026-08-24T00:00:05+00:00,BTC,okx,-0.94
2026-08-24T00:00:06+00:00,ETH,okx,-3.45
2026-08-24T00:00:07+00:00,SOL,okx,-2.10
2026-08-24T00:00:08+00:00,DOGE,okx,-3.21
2026-08-24T00:00:09+00:00,XRP,okx,-7.24
2026-08-24T00:00:11+00:00,BNB,okx,0.00
2026-08-24T00:00:12+00:00,ADA,okx,0.00
2026-08-24T00:00:13+00:00,AVAX,okx,-1.31
2026-08-24T00:00:14+00:00,LINK,okx,-6.06
2026-08-24T00:00:15+00:00,SUI,okx,-2.35
2026-08-24T00:00:18+00:00,BTC,bitget,-3.66
2026-08-24T00:00:19+00:00,ETH,bitget,-3.86
2026-08-24T00:00:20+00:00,SOL,bitget,-1.99
2026-08-24T00:00:21+00:00,DOGE,bitget,0.00
2026-08-24T00:00:22+00:00,XRP,bitget,-1.97
2026-08-24T00:00:23+00:00,BNB,bitget,-5.69
2026-08-24T00:00:24+00:00,ADA,bitget,8.82
2026-08-24T00:00:24+00:00,AVAX,bitget,0.00
2026-08-24T00:00:25+00:00,LINK,bitget,-4.33
2026-08-24T00:00:26+00:00,SUI,bitget,1.18
2026-08-24T00:00:28+00:00,BTC,kucoin,-1.66
2026-08-24T00:00:29+00:00,ETH,kucoin,-5.76
2026-08-24T00:00:30+00:00,SOL,kucoin,-2.20
2026-08-24T00:00:31+00:00,DOGE,kucoin,0.00
2026-08-24T00:00:32+00:00,XRP,kucoin,-2.96
2026-08-24T00:00:33+00:00,BNB,kucoin,2.82
2026-08-24T00:00:34+00:00,ADA,kucoin,-4.85
2026-08-24T00:00:35+00:00,AVAX,kucoin,0.00
2026-08-24T00:00:36+00:00,LINK,kucoin,-1.56
2026-08-24T00:00:37+00:00,SUI,kucoin,-3.53
2026-08-24T00:00:43+00:00,BTC,gate,-4.70
2026-08-24T00:00:43+00:00,ETH,gate,-3.09
2026-08-24T00:00:44+00:00,SOL,gate,-3.14
2026-08-24T00:00:44+00:00,DOGE,gate,-4.28
2026-08-24T00:00:45+00:00,XRP,gate,-3.94
2026-08-24T00:00:46+00:00,BNB,gate,-1.42
2026-08-24T00:00:46+00:00,ADA,gate,-6.61
2026-08-24T00:00:47+00:00,AVAX,gate,-1.31
2026-08-24T00:00:48+00:00,LINK,gate,-12.99
2026-08-24T00:00:49+00:00,SUI,gate,-2.35
2026-08-24T16:17:20+00:00,BTC,bitget,-5.49
2026-08-24T16:17:21+00:00,ETH,bitget,-5.00
2026-08-24T16:17:24+00:00,SOL,bitget,-2.26
2026-08-24T16:17:26+00:00,DOGE,bitget,-3.27
2026-08-24T16:17:28+00:00,XRP,bitget,-3.30
2026-08-24T16:17:29+00:00,BNB,bitget,-5.35
2026-08-24T16:17:31+00:00,ADA,bitget,-8.92
2026-08-24T16:17:33+00:00,AVAX,bitget,-1.32
2026-08-24T16:17:35+00:00,LINK,bitget,-1.71
2026-08-24T16:17:37+00:00,SUI,bitget,-6.02
2026-08-24T16:30:20+00:00,ETH,kucoin,-5.20
2026-08-24T16:30:22+00:00,SOL,kucoin,-6.27
2026-08-24T16:30:24+00:00,DOGE,kucoin,3.25
2026-08-24T16:30:26+00:00,XRP,kucoin,-4.55
2026-08-24T16:30:28+00:00,BNB,kucoin,1.06
2026-08-24T16:46:35+00:00,LINK,kucoin,-2.15
2026-08-24T16:46:38+00:00,SUI,kucoin,-2.41
2026-08-24T17:02:37+00:00,BTC,gate,-7.08
2026-08-24T17:02:39+00:00,ETH,gate,-10.09
2026-08-24T17:02:40+00:00,SOL,gate,-8.39
2026-08-24T17:02:42+00:00,DOGE,gate,-7.75
2026-08-24T17:02:43+00:00,XRP,gate,-2.69
2026-08-24T17:02:45+00:00,BNB,gate,-13.53
2026-08-24T17:02:46+00:00,ADA,gate,-8.64
2026-08-24T17:02:47+00:00,AVAX,gate,-3.99
2026-08-24T17:02:49+00:00,LINK,gate,-2.62
2026-08-24T17:02:51+00:00,SUI,gate,4.92
2026-08-25T00:07:35+00:00,BTC,okx,-3.80
2026-08-25T00:07:36+00:00,ETH,okx,-4.07
2026-08-25T00:07:37+00:00,SOL,okx,-5.04
2026-08-25T00:07:38+00:00,DOGE,okx,-3.32
2026-08-25T00:07:39+00:00,XRP,okx,-2.69
2026-08-25T00:07:40+00:00,BNB,okx,-4.25
2026-08-25T00:07:42+00:00,ADA,okx,4.51
2026-08-25T00:23:24+00:00,LINK,okx,-1.71
2026-08-25T00:23:26+00:00,SUI,okx,-5.01
2026-08-25T00:23:35+00:00,BTC,bitget,-6.31
2026-08-25T00:23:36+00:00,ETH,bitget,-4.20
2026-08-25T00:23:37+00:00,SOL,bitget,-3.40
2026-08-25T00:23:38+00:00,DOGE,bitget,-3.33
2026-08-25T00:23:40+00:00,XRP,bitget,-1.35
2026-08-25T00:23:41+00:00,BNB,bitget,-5.51
2026-08-25T00:23:42+00:00,ADA,bitget,-9.01
2026-08-25T00:23:43+00:00,AVAX,bitget,-2.65
2026-08-25T00:23:44+00:00,LINK,bitget,-0.86
2026-08-25T00:23:45+00:00,SUI,bitget,-3.76
2026-08-25T00:23:50+00:00,BTC,kucoin,-5.90
2026-08-25T00:23:51+00:00,ETH,kucoin,-6.81
2026-08-25T00:23:53+00:00,SOL,kucoin,-3.60
2026-08-25T00:23:54+00:00,DOGE,kucoin,4.44
2026-08-25T00:23:55+00:00,XRP,kucoin,-2.36
2026-08-25T00:30:50+00:00,ADA,kucoin,0.90
2026-08-25T00:30:52+00:00,AVAX,kucoin,-2.65
2026-08-25T00:30:53+00:00,LINK,kucoin,3.18
2026-08-25T00:30:54+00:00,SUI,kucoin,0.00
2026-08-25T08:01:02+00:00,BTC,okx,-3.04
2026-08-25T08:01:03+00:00,ETH,okx,-4.56
2026-08-25T08:01:04+00:00,SOL,okx,-2.00
2026-08-25T08:01:05+00:00,DOGE,okx,-5.50
2026-08-25T08:01:06+00:00,XRP,okx,-4.71
2026-08-25T08:01:07+00:00,BNB,okx,-2.83
2026-08-25T08:01:09+00:00,ADA,okx,0.00
2026-08-25T08:01:10+00:00,AVAX,okx,-3.98
2026-08-25T08:01:11+00:00,LINK,okx,-9.48
2026-08-25T08:01:12+00:00,SUI,okx,-4.98
2026-08-25T08:01:16+00:00,BTC,bitget,-3.85
2026-08-25T08:01:17+00:00,ETH,bitget,-2.78
2026-08-25T08:01:18+00:00,SOL,bitget,-5.40
2026-08-25T08:01:19+00:00,DOGE,bitget,-5.52
2026-08-25T08:01:21+00:00,XRP,bitget,-2.69
2026-08-25T08:01:22+00:00,BNB,bitget,-8.92
2026-08-25T08:01:23+00:00,ADA,bitget,-22.61
2026-08-25T08:01:24+00:00,AVAX,bitget,-5.31
2026-08-25T08:01:25+00:00,LINK,bitget,-4.32
2026-08-25T08:01:26+00:00,SUI,bitget,-9.97
2026-08-25T08:01:30+00:00,BTC,kucoin,-2.27
2026-08-25T08:01:31+00:00,ETH,kucoin,-4.00
2026-08-25T08:01:33+00:00,SOL,kucoin,-6.92
2026-08-25T08:01:34+00:00,DOGE,kucoin,-8.84
2026-08-25T08:01:35+00:00,XRP,kucoin,-5.12
2026-08-25T08:01:36+00:00,BNB,kucoin,-0.78
2026-08-25T08:01:37+00:00,ADA,kucoin,-4.54
2026-08-25T08:01:39+00:00,AVAX,kucoin,-10.63
2026-08-25T08:01:40+00:00,LINK,kucoin,-8.29
2026-08-25T08:01:41+00:00,SUI,kucoin,-4.99
2026-08-25T08:01:49+00:00,BTC,gate,-1.29
2026-08-25T08:01:49+00:00,ETH,gate,0.61
2026-08-25T08:01:50+00:00,SOL,gate,-2.00
2026-08-25T08:01:51+00:00,DOGE,gate,2.21
2026-08-25T08:01:52+00:00,XRP,gate,-4.03
2026-08-25T08:01:53+00:00,BNB,gate,-2.83
2026-08-25T08:01:54+00:00,ADA,gate,-0.90
2026-08-25T08:01:55+00:00,AVAX,gate,-6.63
2026-08-25T08:01:55+00:00,LINK,gate,-1.73
2026-08-25T08:01:56+00:00,SUI,gate,-9.95
2026-08-25T16:19:59+00:00,BTC,gate,-6.64
2026-08-25T16:19:59+00:00,ETH,gate,-3.96
2026-08-25T16:20:03+00:00,SOL,gate,-9.16
2026-08-25T16:20:03+00:00,DOGE,gate,-3.37
2026-08-25T16:20:04+00:00,XRP,gate,-3.39
2026-08-25T16:20:05+00:00,BNB,gate,-5.01
2026-08-25T16:20:06+00:00,ADA,gate,-11.59
2026-08-25T16:20:07+00:00,AVAX,gate,-10.66
2026-08-25T16:20:08+00:00,LINK,gate,-7.80
2026-08-25T16:20:08+00:00,SUI,gate,-11.40
2026-08-26T00:08:20+00:00,BTC,bitget,-4.85
2026-08-26T00:08:23+00:00,ETH,bitget,-4.55
2026-08-26T00:08:24+00:00,SOL,bitget,-5.59
2026-08-26T00:08:25+00:00,DOGE,bitget,-5.84
2026-08-26T00:08:26+00:00,XRP,bitget,-6.29
2026-08-26T00:08:27+00:00,BNB,bitget,-8.22
2026-08-26T00:08:28+00:00,ADA,bitget,-9.59
2026-08-26T00:08:30+00:00,AVAX,bitget,-9.56
2026-08-26T00:08:31+00:00,LINK,bitget,-5.33
2026-08-26T00:08:33+00:00,SUI,bitget,-3.97
2026-08-26T00:08:41+00:00,BTC,kucoin,-6.36
2026-08-26T00:08:42+00:00,ETH,kucoin,-6.20
2026-08-26T00:08:43+00:00,SOL,kucoin,-6.21
2026-08-26T00:08:44+00:00,DOGE,kucoin,-3.50
2026-08-26T00:08:45+00:00,XRP,kucoin,-6.57
2026-08-26T00:08:46+00:00,BNB,kucoin,-6.95
2026-08-26T00:08:47+00:00,ADA,kucoin,-10.56
2026-08-26T00:08:48+00:00,AVAX,kucoin,-6.83
2026-08-26T00:08:49+00:00,LINK,kucoin,-4.53
2026-08-26T00:08:51+00:00,SUI,kucoin,-6.63
2026-08-26T08:00:38+00:00,BTC,okx,-5.69
2026-08-26T08:00:41+00:00,ETH,okx,-4.23
2026-08-26T08:00:46+00:00,SOL,okx,-5.16
2026-08-26T08:00:51+00:00,DOGE,okx,-5.77
2026-08-26T08:00:54+00:00,XRP,okx,-6.28
2026-08-26T08:00:59+00:00,BNB,okx,-4.29
2026-08-26T08:01:02+00:00,ADA,okx,-9.51
2026-08-26T08:01:06+00:00,AVAX,okx,-6.77
2026-08-26T08:01:10+00:00,LINK,okx,-7.06
2026-08-26T08:01:13+00:00,SUI,okx,-6.57
2026-08-26T08:01:25+00:00,BTC,bitget,-5.83
2026-08-26T08:01:26+00:00,ETH,bitget,-5.68
2026-08-26T08:01:28+00:00,SOL,bitget,-6.70
2026-08-26T08:01:31+00:00,DOGE,bitget,-6.92
2026-08-26T08:01:33+00:00,XRP,bitget,-5.58
2026-08-26T08:01:34+00:00,BNB,bitget,-7.30
2026-08-26T08:01:36+00:00,ADA,bitget,-19.01
2026-08-26T08:01:38+00:00,AVAX,bitget,-4.06
2026-08-26T08:01:41+00:00,LINK,bitget,-10.58
2026-08-26T08:01:43+00:00,SUI,bitget,-7.89
2026-08-26T08:02:00+00:00,BTC,kucoin,-5.74
2026-08-26T08:02:03+00:00,ETH,kucoin,-3.70
2026-08-26T08:02:05+00:00,SOL,kucoin,-5.98
2026-08-26T08:02:08+00:00,DOGE,kucoin,-8.08
2026-08-26T08:02:12+00:00,XRP,kucoin,-6.08
2026-08-26T08:02:15+00:00,BNB,kucoin,-1.02
2026-08-26T08:02:18+00:00,ADA,kucoin,-10.00
2026-08-26T08:02:21+00:00,AVAX,kucoin,-9.48
2026-08-26T08:02:24+00:00,LINK,kucoin,-5.82
2026-08-26T08:02:27+00:00,SUI,kucoin,-7.90
2026-08-26T08:02:46+00:00,BTC,gate,-7.99
2026-08-26T08:02:47+00:00,ETH,gate,-8.41
2026-08-26T08:02:48+00:00,SOL,gate,-5.16
2026-08-26T08:02:50+00:00,DOGE,gate,-8.09
2026-08-26T08:02:52+00:00,XRP,gate,-8.39
2026-08-26T08:02:54+00:00,BNB,gate,-2.15
2026-08-26T08:02:56+00:00,ADA,gate,-12.39
2026-08-26T08:02:57+00:00,AVAX,gate,-5.42
2026-08-26T08:02:58+00:00,LINK,gate,-6.18
2026-08-26T08:03:01+00:00,SUI,gate,-3.95
2026-08-26T16:23:48+00:00,BTC,okx,-4.11
2026-08-26T16:23:50+00:00,ETH,okx,-4.70
2026-08-26T16:23:55+00:00,SOL,okx,-7.31
2026-08-26T16:23:57+00:00,DOGE,okx,-8.31
2026-08-26T16:23:59+00:00,XRP,okx,-3.64
2026-08-26T16:24:01+00:00,BNB,okx,-5.74
2026-08-26T16:24:05+00:00,ADA,okx,-4.90
2026-08-26T16:24:07+00:00,AVAX,okx,-6.92
2026-08-26T16:39:55+00:00,SUI,okx,-5.47
2026-08-26T16:40:06+00:00,BTC,bitget,-4.75
2026-08-26T16:40:08+00:00,ETH,bitget,-4.67
2026-08-26T16:40:11+00:00,SOL,bitget,-6.80
2026-08-26T16:40:14+00:00,DOGE,bitget,-7.14
2026-08-26T16:40:16+00:00,XRP,bitget,-1.46
2026-08-26T16:40:19+00:00,BNB,bitget,-9.06
2026-08-26T16:56:06+00:00,AVAX,bitget,-5.55
2026-08-26T16:56:10+00:00,LINK,bitget,-8.03
2026-08-26T16:56:14+00:00,SUI,bitget,-9.55
2026-08-26T16:56:25+00:00,BTC,kucoin,-5.56
2026-08-26T16:56:29+00:00,ETH,kucoin,-1.02
2026-08-26T16:56:32+00:00,SOL,kucoin,-6.68
2026-08-26T17:12:33+00:00,BNB,kucoin,-2.61
2026-08-26T17:12:36+00:00,ADA,kucoin,-9.79
2026-08-26T17:12:38+00:00,AVAX,kucoin,-8.29
2026-08-26T17:12:42+00:00,LINK,kucoin,-12.81
2026-08-26T17:12:44+00:00,SUI,kucoin,-1.36
2026-08-27T00:12:27+00:00,BTC,okx,-4.26
2026-08-27T00:12:30+00:00,ETH,okx,-4.27
2026-08-27T00:12:32+00:00,SOL,okx,-2.97
2026-08-27T00:12:35+00:00,DOGE,okx,-3.44
2026-08-27T00:12:38+00:00,XRP,okx,-6.36
2026-08-27T00:28:26+00:00,ADA,okx,0.00
2026-08-27T00:28:31+00:00,AVAX,okx,-12.17
2026-08-27T00:28:34+00:00,LINK,okx,-6.92
2026-08-27T00:28:37+00:00,SUI,okx,-6.58
2026-08-27T00:28:47+00:00,BTC,bitget,-5.39
2026-08-27T00:28:50+00:00,ETH,bitget,-5.76
2026-08-27T00:35:15+00:00,DOGE,bitget,-8.05
2026-08-27T00:35:16+00:00,XRP,bitget,-4.97
2026-08-27T00:35:17+00:00,BNB,bitget,-6.53
2026-08-27T00:35:18+00:00,ADA,bitget,-9.47
2026-08-27T00:35:19+00:00,AVAX,bitget,-8.11
2026-08-27T00:35:20+00:00,LINK,bitget,-8.66
2026-08-27T00:35:21+00:00,SUI,bitget,-6.59
2026-08-27T00:35:34+00:00,BTC,kucoin,-3.97
2026-08-27T00:35:36+00:00,ETH,kucoin,-4.72
2026-08-27T00:35:38+00:00,SOL,kucoin,-0.79
2026-08-27T00:35:41+00:00,DOGE,kucoin,-8.05
2026-08-27T00:35:43+00:00,XRP,kucoin,-6.54
2026-08-27T00:35:46+00:00,BNB,kucoin,-4.60
2026-08-27T00:51:44+00:00,ADA,kucoin,-14.21
2026-08-27T00:51:47+00:00,AVAX,kucoin,-9.48
2026-08-27T00:51:49+00:00,LINK,kucoin,0.87
2026-08-27T00:51:51+00:00,SUI,kucoin,-6.60
2026-08-27T00:51:57+00:00,BTC,gate,-6.22
2026-08-27T00:51:58+00:00,ETH,gate,-3.37
2026-08-27T01:07:44+00:00,DOGE,gate,-4.62
2026-08-27T01:07:45+00:00,XRP,gate,1.42
2026-08-27T01:07:46+00:00,BNB,gate,-3.55
2026-08-27T01:07:48+00:00,ADA,gate,-9.97
2026-08-27T01:07:49+00:00,AVAX,gate,-4.08
2026-08-27T01:07:50+00:00,LINK,gate,-6.96
2026-08-27T01:07:55+00:00,SUI,gate,-2.65
2026-08-27T08:31:26+00:00,BTC,bitget,-3.72
2026-08-27T08:31:29+00:00,ETH,bitget,-2.12
2026-08-27T08:31:31+00:00,SOL,bitget,-1.62
2026-08-27T08:31:34+00:00,DOGE,bitget,1.12
2026-08-27T08:31:37+00:00,XRP,bitget,-6.26
2026-08-27T08:31:41+00:00,BNB,bitget,-6.03
2026-08-27T08:31:45+00:00,ADA,bitget,-4.64
2026-08-27T08:31:49+00:00,AVAX,bitget,-6.71
2026-08-27T08:31:51+00:00,LINK,bitget,-7.59
2026-08-27T08:31:54+00:00,SUI,bitget,-5.18
2026-08-27T08:32:07+00:00,BTC,kucoin,-3.47
2026-08-27T08:32:11+00:00,ETH,kucoin,-3.35
2026-08-27T08:43:44+00:00,DOGE,kucoin,-9.00
2026-08-27T08:43:48+00:00,XRP,kucoin,-4.73
2026-08-27T08:59:53+00:00,ADA,kucoin,-7.45
2026-08-27T08:59:57+00:00,AVAX,kucoin,-8.03
2026-08-27T09:00:01+00:00,LINK,kucoin,-6.24
2026-08-27T09:16:11+00:00,BTC,gate,-1.73
2026-08-27T09:16:13+00:00,ETH,gate,-4.78
2026-08-27T09:31:58+00:00,SOL,gate,-5.70
2026-08-27T09:32:02+00:00,DOGE,gate,-7.81
2026-08-27T09:32:04+00:00,XRP,gate,-12.42
2026-08-27T09:32:06+00:00,BNB,gate,-2.80
2026-08-27T09:32:07+00:00,ADA,gate,-14.80
2026-08-27T09:32:09+00:00,AVAX,gate,-6.67
2026-08-27T09:32:11+00:00,LINK,gate,-8.41
2026-08-27T09:32:12+00:00,SUI,gate,-8.97
2026-08-27T16:23:09+00:00,BTC,bitget,-4.29
2026-08-27T16:38:57+00:00,ETH,bitget,-4.76
2026-08-27T16:38:59+00:00,SOL,bitget,-3.05
2026-08-27T16:39:01+00:00,DOGE,bitget,-3.36
2026-08-27T16:39:04+00:00,XRP,bitget,-6.81
2026-08-27T16:39:07+00:00,BNB,bitget,-7.31
2026-08-27T16:39:11+00:00,ADA,bitget,-13.88
2026-08-27T16:39:14+00:00,AVAX,bitget,-7.96
2026-08-27T16:39:16+00:00,LINK,bitget,-3.37
2026-08-27T16:39:18+00:00,SUI,bitget,-1.27
2026-08-27T16:44:26+00:00,BTC,gate,-4.03
2026-08-27T16:44:28+00:00,ETH,gate,-4.07
2026-08-27T16:44:30+00:00,SOL,gate,-5.51
2026-08-27T16:44:31+00:00,DOGE,gate,-5.57
2026-08-27T17:00:19+00:00,BNB,gate,-4.92
2026-08-27T17:00:20+00:00,ADA,gate,-5.57
2026-08-27T17:00:22+00:00,AVAX,gate,-1.33
2026-08-27T17:00:23+00:00,LINK,gate,-10.11
2026-08-27T17:00:25+00:00,SUI,gate,-8.91
2026-08-28T00:18:19+00:00,BTC,okx,-4.34
2026-08-28T00:18:22+00:00,ETH,okx,-3.78
2026-08-28T00:18:24+00:00,SOL,okx,-6.40
2026-08-28T00:18:27+00:00,DOGE,okx,-6.76
2026-08-28T00:18:39+00:00,XRP,okx,-3.46
2026-08-28T00:18:42+00:00,BNB,okx,-2.81
2026-08-28T00:18:44+00:00,ADA,okx,-14.03
2026-08-28T00:18:47+00:00,AVAX,okx,-5.31
2026-08-28T00:18:50+00:00,LINK,okx,-1.68
2026-08-28T00:18:53+00:00,SUI,okx,-3.84
2026-08-28T00:19:03+00:00,BTC,bitget,-4.46
2026-08-28T00:19:06+00:00,ETH,bitget,-4.42
2026-08-28T00:19:08+00:00,SOL,bitget,-8.02
2026-08-28T00:19:11+00:00,DOGE,bitget,-7.87
2026-08-28T00:19:14+00:00,XRP,bitget,-5.53
2026-08-28T00:19:16+00:00,BNB,bitget,-10.80
2026-08-28T00:19:19+00:00,ADA,bitget,-9.34
2026-08-28T00:19:21+00:00,AVAX,bitget,-9.29
2026-08-28T00:44:26+00:00,SUI,bitget,-2.56
2026-08-28T00:44:40+00:00,BTC,kucoin,-5.66
2026-08-28T00:44:43+00:00,ETH,kucoin,-5.29
2026-08-28T00:44:45+00:00,SOL,kucoin,-4.11
2026-08-28T00:44:48+00:00,DOGE,kucoin,-3.37
2026-08-28T00:44:50+00:00,XRP,kucoin,-3.52
2026-08-28T01:35:29+00:00,AVAX,kucoin,-7.92
2026-08-28T01:35:31+00:00,LINK,kucoin,-10.56
2026-08-28T01:35:34+00:00,SUI,kucoin,-8.79
2026-08-28T01:35:46+00:00,BTC,gate,-5.93
2026-08-28T01:35:47+00:00,ETH,gate,-6.65
2026-08-28T01:35:48+00:00,SOL,gate,-5.49
2026-08-28T01:35:49+00:00,DOGE,gate,-5.55
2026-08-28T01:35:50+00:00,XRP,gate,-4.09
2026-08-28T01:35:52+00:00,BNB,gate,-2.79
2026-08-28T01:35:53+00:00,ADA,gate,1.84
2026-08-28T01:35:54+00:00,AVAX,gate,-7.91
2026-08-28T01:35:55+00:00,LINK,gate,-2.49
2026-08-28T01:35:56+00:00,SUI,gate,-3.77
2026-08-28T08:00:32+00:00,BTC,okx,-2.75
2026-08-28T08:00:33+00:00,ETH,okx,-2.28
2026-08-28T08:00:34+00:00,SOL,okx,-3.76
2026-08-28T08:00:35+00:00,DOGE,okx,-5.71
2026-08-28T08:00:36+00:00,XRP,okx,-4.93
2026-08-28T08:00:37+00:00,BNB,okx,-4.24
2026-08-28T08:00:38+00:00,ADA,okx,-14.31
2026-08-28T08:00:39+00:00,AVAX,okx,-5.40
2026-08-28T08:00:40+00:00,LINK,okx,-6.84
2026-08-28T08:00:41+00:00,SUI,okx,-7.89
2026-08-28T08:00:44+00:00,BTC,bitget,-3.98
2026-08-28T08:00:45+00:00,ETH,bitget,-2.08
2026-08-28T08:00:46+00:00,SOL,bitget,-8.64
2026-08-28T08:00:47+00:00,DOGE,bitget,-5.71
2026-08-28T08:00:48+00:00,XRP,bitget,-5.63
2026-08-28T08:00:49+00:00,BNB,bitget,-6.08
2026-08-28T08:00:50+00:00,ADA,bitget,-4.77
2026-08-28T08:00:51+00:00,AVAX,bitget,-2.70
2026-08-28T08:00:52+00:00,LINK,bitget,-8.54
2026-08-28T08:00:53+00:00,SUI,bitget,-6.58
2026-08-28T08:00:55+00:00,BTC,kucoin,-2.74
2026-08-28T08:00:56+00:00,ETH,kucoin,-4.20
2026-08-28T08:00:56+00:00,SOL,kucoin,-3.10
2026-08-28T08:00:57+00:00,DOGE,kucoin,-5.71
2026-08-28T08:00:58+00:00,XRP,kucoin,-5.07
2026-08-28T08:00:59+00:00,BNB,kucoin,-5.57
2026-08-28T08:01:00+00:00,ADA,kucoin,3.34
2026-08-28T08:01:01+00:00,AVAX,kucoin,-8.09
2026-08-28T08:01:02+00:00,LINK,kucoin,-7.09
2026-08-28T08:01:03+00:00,SUI,kucoin,-9.20
2026-08-28T08:01:09+00:00,BTC,gate,-4.64
2026-08-28T08:01:10+00:00,ETH,gate,-3.80
2026-08-28T08:01:11+00:00,SOL,gate,-3.76
2026-08-28T08:01:11+00:00,DOGE,gate,-3.43
2026-08-28T08:01:12+00:00,XRP,gate,-7.74
2026-08-28T08:01:13+00:00,BNB,gate,-7.06
2026-08-28T08:01:13+00:00,ADA,gate,-13.35
2026-08-28T08:01:14+00:00,AVAX,gate,-4.05
2026-08-28T08:01:15+00:00,LINK,gate,-3.42
2026-08-28T08:01:15+00:00,SUI,gate,-9.20
2026-08-28T16:56:20+00:00,BTC,okx,-3.43
2026-08-28T16:56:22+00:00,ETH,okx,-4.26
2026-08-28T16:56:23+00:00,SOL,okx,-5.70
2026-08-28T16:56:24+00:00,DOGE,okx,-5.85
2026-08-28T16:56:25+00:00,XRP,okx,-5.74
2026-08-28T16:56:26+00:00,BNB,okx,-5.77
2026-08-28T16:56:28+00:00,ADA,okx,-9.82
2026-08-28T16:56:29+00:00,AVAX,okx,-9.58
2026-08-28T16:56:30+00:00,LINK,okx,-7.85
2026-08-28T16:56:31+00:00,SUI,okx,-7.97
2026-08-28T16:56:34+00:00,BTC,bitget,-1.82
2026-08-28T16:56:35+00:00,ETH,bitget,-2.05
2026-08-28T16:56:36+00:00,SOL,bitget,-5.22
2026-08-28T16:56:37+00:00,DOGE,bitget,-11.70
2026-08-28T16:56:38+00:00,XRP,bitget,-2.87
2026-08-28T16:56:40+00:00,BNB,bitget,-4.61
2026-08-28T16:56:40+00:00,ADA,bitget,0.00
2026-08-28T16:56:41+00:00,AVAX,bitget,-15.05
2026-08-28T16:56:42+00:00,LINK,bitget,-13.95
2026-08-28T16:56:43+00:00,SUI,bitget,-7.97
2026-08-28T17:12:34+00:00,BTC,gate,-4.11
2026-08-28T17:12:35+00:00,ETH,gate,-4.71
2026-08-28T17:12:36+00:00,SOL,gate,-4.76
2026-08-28T17:12:37+00:00,DOGE,gate,-5.85
2026-08-28T17:12:38+00:00,XRP,gate,-10.05
2026-08-28T17:12:38+00:00,BNB,gate,-7.92
2026-08-28T17:12:39+00:00,ADA,gate,-5.41
2026-08-28T17:12:40+00:00,AVAX,gate,-5.47
2026-08-28T17:12:40+00:00,LINK,gate,-6.97
2026-08-28T17:12:41+00:00,SUI,gate,-10.64
2026-08-29T00:15:45+00:00,BTC,okx,-4.87
2026-08-29T00:15:46+00:00,ETH,okx,-4.54
2026-08-29T00:15:47+00:00,SOL,okx,-5.75
2026-08-29T00:15:48+00:00,DOGE,okx,-5.86
2026-08-29T00:15:49+00:00,XRP,okx,-4.32
2026-08-29T00:15:50+00:00,BNB,okx,-4.34
2026-08-29T00:15:51+00:00,ADA,okx,-9.84
2026-08-29T00:15:52+00:00,AVAX,okx,-8.21
2026-08-29T00:15:54+00:00,LINK,okx,-7.86
2026-08-29T00:15:56+00:00,SUI,okx,-8.06
2026-08-29T00:16:00+00:00,BTC,bitget,-3.17
2026-08-29T00:16:01+00:00,ETH,bitget,-1.68
2026-08-29T00:16:02+00:00,SOL,bitget,-4.12
2026-08-29T00:16:03+00:00,DOGE,bitget,-5.86
2026-08-29T00:16:05+00:00,XRP,bitget,-4.32
2026-08-29T00:16:06+00:00,BNB,bitget,-5.64
2026-08-29T00:16:07+00:00,ADA,bitget,-9.84
2026-08-29T00:16:08+00:00,AVAX,bitget,-4.11
2026-08-29T00:16:09+00:00,LINK,bitget,-6.99
2026-08-29T00:16:10+00:00,SUI,bitget,-6.71
2026-08-29T00:16:12+00:00,BTC,kucoin,-5.06
2026-08-29T00:16:13+00:00,ETH,kucoin,-5.16
2026-08-29T00:16:14+00:00,SOL,kucoin,-4.22
2026-08-29T00:16:15+00:00,DOGE,kucoin,-5.87
2026-08-29T00:16:16+00:00,XRP,kucoin,-8.79
2026-08-29T00:16:17+00:00,BNB,kucoin,-4.67
2026-08-29T00:16:18+00:00,ADA,kucoin,-8.85
2026-08-29T00:16:19+00:00,AVAX,kucoin,-6.85
2026-08-29T00:16:20+00:00,LINK,kucoin,-11.88
2026-08-29T00:16:21+00:00,SUI,kucoin,-8.06
2026-08-29T08:30:10+00:00,BTC,bitget,-4.90
2026-08-29T08:30:11+00:00,ETH,bitget,-0.90
2026-08-29T08:30:13+00:00,SOL,bitget,-3.96
2026-08-29T08:30:14+00:00,DOGE,bitget,-7.10
2026-08-29T08:30:15+00:00,XRP,bitget,-7.95
2026-08-29T08:30:16+00:00,BNB,bitget,-9.88
2026-08-29T08:30:17+00:00,ADA,bitget,0.00
2026-08-29T08:30:18+00:00,AVAX,bitget,-11.02
2026-08-29T08:30:20+00:00,LINK,bitget,-5.30
2026-08-29T08:30:21+00:00,SUI,bitget,-6.80
2026-08-29T08:30:25+00:00,BTC,kucoin,-4.21
2026-08-29T08:30:26+00:00,ETH,kucoin,-3.94
2026-08-29T08:30:27+00:00,SOL,kucoin,-3.96
2026-08-29T08:30:29+00:00,DOGE,kucoin,-9.47
2026-08-29T08:30:30+00:00,XRP,kucoin,-5.71
2026-08-29T08:30:31+00:00,BNB,kucoin,-7.45
2026-08-29T08:30:32+00:00,ADA,kucoin,-14.01
2026-08-29T08:30:33+00:00,AVAX,kucoin,-9.65
2026-08-29T08:30:34+00:00,LINK,kucoin,-11.66
2026-08-29T08:30:35+00:00,SUI,kucoin,-9.52
2026-08-29T08:30:43+00:00,BTC,gate,-4.96
2026-08-29T08:30:44+00:00,ETH,gate,-5.54
2026-08-29T08:30:45+00:00,SOL,gate,-4.83
2026-08-29T08:30:46+00:00,DOGE,gate,-2.37
2026-08-29T08:30:47+00:00,XRP,gate,-5.78
2026-08-29T08:30:47+00:00,BNB,gate,-7.99
2026-08-29T08:30:48+00:00,ADA,gate,-5.51
2026-08-29T08:30:49+00:00,AVAX,gate,-6.89
2026-08-29T08:30:50+00:00,LINK,gate,-7.95
2026-08-29T08:30:51+00:00,SUI,gate,-5.44
