2026-08-29 08:30:07 UTC,BTC,6.93e-06,6.07,77556.0,2862952889.0
2026-08-29 08:30:07 UTC,ETH,1.195e-05,10.47,2434.7,1842615822.0
2026-08-29 08:30:07 UTC,ATOM,1.25e-05,10.95,1.4878,2354141.0
2026-08-29 08:30:07 UTC,MATIC,0.0,0.0,0.37621,0.0
2026-08-29 08:30:07 UTC,DYDX,1.25e-05,10.95,0.10994,1520277.0
2026-08-29 08:30:07 UTC,SOL,8.94e-06,7.83,103.435,598401324.0
2026-08-29 08:30:07 UTC,AVAX,1.3e-06,1.14,7.2526,14244936.0
2026-08-29 08:30:07 UTC,BNB,5.12e-06,4.49,688.23,47498122.0
2026-08-29 08:30:07 UTC,APE,1.25e-05,10.95,0.13941,987898.0
2026-08-29 08:30:07 UTC,OP,7.15e-06,6.26,0.08898,2857756.0
2026-08-29 08:30:07 UTC,LTC,1.25e-05,10.95,49.188,15972112.0
2026-08-29 08:30:07 UTC,ARB,1.25e-05,10.95,0.0872,3895166.0
2026-08-29 08:30:07 UTC,DOGE,1.25e-05,10.95,0.084465,52949826.0
2026-08-29 08:30:07 UTC,INJ,1.25e-05,10.95,5.034,2578604.0
2026-08-29 08:30:07 UTC,SUI,1.25e-05,10.95,0.73551,30384811.0
2026-08-29 08:30:07 UTC,kPEPE,-1.396e-05,-12.23,0.003619,23138832.0
2026-08-29 08:30:07 UTC,CRV,1.25e-05,10.95,0.30473,14234459.0
2026-08-29 08:30:07 UTC,LDO,1.25e-05,10.95,0.35373,9468958.0
2026-08-29 08:30:07 UTC,LINK,-4.56e-06,-4.0,11.317,71507336.0
2026-08-29 08:30:07 UTC,STX,-2.89e-06,-2.54,0.24935,1129665.0
2026-08-29 08:30:07 UTC,RNDR,0.0,0.0,6.8952,0.0
2026-08-29 08:30:07 UTC,CFX,1.25e-05,10.95,0.045374,2485193.0
2026-08-29 08:30:07 UTC,FTM,0.0,0.0,0.71688,0.0
2026-08-29 08:30:07 UTC,GMX,1.25e-05,10.95,7.6257,691382.0
2026-08-29 08:30:07 UTC,SNX,1.25e-05,10.95,0.21025,401869.0
2026-08-29 08:30:07 UTC,XRP,1.25e-05,10.95,1.383,203211525.0
2026-08-29 08:30:07 UTC,BCH,1.25e-05,10.95,244.4,5674337.0
2026-08-29 08:30:07 UTC,APT,-1.568e-05,-13.73,0.5366,3764336.0
2026-08-29 08:30:07 UTC,AAVE,1.25e-05,10.95,121.59,70823670.0
2026-08-29 08:30:07 UTC,COMP,1.25e-05,10.95,18.244,897649.0
2026-08-29 08:30:07 UTC,MKR,0.0,0.0,1831.5,0.0
2026-08-29 08:30:07 UTC,WLD,-1.373e-05,-12.03,0.37467,30092088.0
2026-08-29 08:30:07 UTC,FXS,0.0,0.0,0.65538,0.0
2026-08-29 08:30:07 UTC,HPOS,0.0,0.0,0.041873,0.0
2026-08-29 08:30:07 UTC,RLB,0.0,0.0,0.071,0.0
2026-08-29 08:30:07 UTC,UNIBOT,0.0,0.0,7.636,0.0
2026-08-29 08:30:07 UTC,YGG,1.25e-05,10.95,0.022302,157745.0
2026-08-29 08:30:07 UTC,TRX,-3.56e-06,-3.12,0.33827,14798894.0
2026-08-29 08:30:07 UTC,kSHIB,1.25e-05,10.95,0.005098,2917061.0
2026-08-29 08:30:07 UTC,UNI,1.25e-05,10.95,4.3727,29567669.0
2026-08-29 08:30:07 UTC,SEI,1.25e-05,10.95,0.045613,1674724.0
2026-08-29 08:30:07 UTC,RUNE,1.25e-05,10.95,0.46739,882597.0
2026-08-29 08:30:07 UTC,OX,0.0,0.0,0.007459,0.0
2026-08-29 08:30:07 UTC,FRIEND,0.0,0.0,4.72,0.0
2026-08-29 08:30:07 UTC,SHIA,0.0,0.0,0.000621,0.0
2026-08-29 08:30:07 UTC,CYBER,0.0,0.0,1.0415,0.0
2026-08-29 08:30:07 UTC,ZRO,1.25e-05,10.95,1.0631,36264167.0
2026-08-29 08:30:07 UTC,BLZ,0.0,0.0,0.070043,0.0
2026-08-29 08:30:07 UTC,DOT,3.35e-06,2.93,0.83917,4536537.0
2026-08-29 08:30:07 UTC,BANANA,1.25e-05,10.95,3.84009,183999.0
2026-08-29 08:30:07 UTC,TRB,1.25e-05,10.95,17.215,446847.0
2026-08-29 08:30:07 UTC,FTT,0.0,0.0,0.32243,0.0
2026-08-29 08:30:07 UTC,LOOM,0.0,0.0,0.071161,0.0
2026-08-29 08:30:07 UTC,OGN,0.0,0.0,0.055683,0.0
2026-08-29 08:30:07 UTC,RDNT,0.0,0.0,0.018328,0.0
2026-08-29 08:30:07 UTC,ARK,0.0,0.0,0.10667,0.0
2026-08-29 08:30:07 UTC,BNT,0.0,0.0,0.38287,0.0
2026-08-29 08:30:07 UTC,CANTO,0.0,0.0,0.066,0.0
2026-08-29 08:30:07 UTC,REQ,0.0,0.0,0.15473,0.0
2026-08-29 08:30:07 UTC,BIGTIME,1.25e-05,10.95,0.006425,148191.0
2026-08-29 08:30:07 UTC,KAS,1.25e-05,10.95,0.027871,1204863.0
2026-08-29 08:30:07 UTC,ORBS,0.0,0.0,0.01939,0.0
2026-08-29 08:30:07 UTC,BLUR,1.25e-05,10.95,0.015994,1183699.0
2026-08-29 08:30:07 UTC,TIA,-2.619e-05,-22.94,0.33959,1643861.0
2026-08-29 08:30:07 UTC,BSV,1.25e-05,10.95,16.614,490856.0
2026-08-29 08:30:07 UTC,ADA,2.44e-06,2.14,0.19972,29871133.0
2026-08-29 08:30:07 UTC,TON,0.0,0.0,1.8014,0.0
2026-08-29 08:30:07 UTC,MINA,1.25e-05,10.95,0.063665,1354901.0
2026-08-29 08:30:07 UTC,POLYX,1.25e-05,10.95,0.034809,77844.0
2026-08-29 08:30:07 UTC,GAS,-4.828e-05,-42.29,1.2995,72384.0
2026-08-29 08:30:07 UTC,PENDLE,1.25e-05,10.95,1.6908,7612462.0
2026-08-29 08:30:07 UTC,STG,0.0,0.0,0.15387,0.0
2026-08-29 08:30:07 UTC,FET,1.25e-05,10.95,0.14701,5594360.0
2026-08-29 08:30:07 UTC,STRAX,0.0,0.0,1.5829,0.0
2026-08-29 08:30:07 UTC,NEAR,1.25e-05,10.95,1.7896,81989693.0
2026-08-29 08:30:07 UTC,MEME,1.25e-05,10.95,0.000531,418244.0
2026-08-29 08:30:07 UTC,ORDI,1.25e-05,10.95,3.9932,396260.0
2026-08-29 08:30:07 UTC,BADGER,0.0,0.0,0.88823,0.0
2026-08-29 08:30:07 UTC,NEO,1.25e-05,10.95,2.116,217887.0
2026-08-29 08:30:07 UTC,ZEN,1.25e-05,10.95,4.9104,755159.0
2026-08-29 08:30:07 UTC,FIL,-8.111e-05,-71.05,0.67889,2557900.0
2026-08-29 08:30:07 UTC,PYTH,1.25e-05,10.95,0.046744,1544517.0
2026-08-29 08:30:07 UTC,SUSHI,1.25e-05,10.95,0.18813,297353.0
2026-08-29 08:30:07 UTC,ILV,0.0,0.0,12.118,0.0
2026-08-29 08:30:07 UTC,IMX,1.25e-05,10.95,0.1271,2754391.0
2026-08-29 08:30:07 UTC,kBONK,1.25e-05,10.95,0.002977,6637929.0
2026-08-29 08:30:07 UTC,GMT,1.25e-05,10.95,0.006868,133791.0
2026-08-29 08:30:07 UTC,SUPER,1.25e-05,10.95,0.111649,214388.0
2026-08-29 08:30:07 UTC,USTC,0.0,0.0,0.007534,0.0
2026-08-29 08:30:07 UTC,NFTI,0.0,0.0,6.5609,0.0
2026-08-29 08:30:07 UTC,JUP,1.25e-05,10.95,0.21808,9749911.0
2026-08-29 08:30:07 UTC,kLUNC,1.25e-05,10.95,0.052256,277717.0
2026-08-29 08:30:07 UTC,RSR,1.25e-05,10.95,0.001406,150478.0
2026-08-29 08:30:07 UTC,GALA,1.25e-05,10.95,0.001739,299574.0
2026-08-29 08:30:07 UTC,JTO,1.25e-05,10.95,0.48742,10209539.0
2026-08-29 08:30:07 UTC,NTRN,0.0,0.0,0.1238,0.0
2026-08-29 08:30:07 UTC,ACE,6.9e-06,6.04,0.1966,620082.0
2026-08-29 08:30:07 UTC,MAV,0.0,0.0,0.015456,0.0
2026-08-29 08:30:07 UTC,WIF,1.25e-05,10.95,0.19995,4979404.0
2026-08-29 08:30:07 UTC,CAKE,1.25e-05,10.95,1.7101,1337408.0
2026-08-29 08:30:07 UTC,PEOPLE,1.25e-05,10.95,0.008295,1695898.0
2026-08-29 08:30:07 UTC,ENS,1.25e-05,10.95,5.5075,2313217.0
2026-08-29 08:30:07 UTC,ETC,-4.258e-05,-37.3,7.4721,1687403.0
2026-08-29 08:30:07 UTC,XAI,1.25e-05,10.95,0.00748,307933.0
2026-08-29 08:30:07 UTC,MANTA,1.25e-05,10.95,0.05917,187043.0
2026-08-29 08:30:07 UTC,UMA,1.25e-05,10.95,0.36409,316584.0
2026-08-29 08:30:07 UTC,ONDO,1.25e-05,10.95,0.348763,23991603.0
2026-08-29 08:30:07 UTC,ALT,1.25e-05,10.95,0.006253,762895.0
2026-08-29 08:30:07 UTC,ZETA,1.25e-05,10.95,0.03427,1139265.0
2026-08-29 08:30:07 UTC,DYM,1.25e-05,10.95,0.01503,293173.0
2026-08-29 08:30:07 UTC,MAVIA,0.0,0.0,0.03725,0.0
2026-08-29 08:30:07 UTC,W,1.25e-05,10.95,0.00911,1272122.0
2026-08-29 08:30:07 UTC,PANDORA,0.0,0.0,3026.3,0.0
2026-08-29 08:30:07 UTC,STRK,1.25e-05,10.95,0.02441,2800484.0
2026-08-29 08:30:07 UTC,PIXEL,0.0,0.0,0.024027,0.0
2026-08-29 08:30:07 UTC,AI,0.0,0.0,0.12555,0.0
2026-08-29 08:30:07 UTC,TAO,1.25e-05,10.95,232.32,47197712.0
2026-08-29 08:30:07 UTC,AR,1.25e-05,10.95,2.0632,1312277.0
2026-08-29 08:30:07 UTC,MYRO,0.0,0.0,0.015813,0.0
2026-08-29 08:30:07 UTC,kFLOKI,1.25e-05,10.95,0.025305,378900.0
2026-08-29 08:30:07 UTC,BOME,1.25e-05,10.95,0.001,3758531.0
2026-08-29 08:30:07 UTC,ETHFI,1.25e-05,10.95,0.53305,12541576.0
2026-08-29 08:30:07 UTC,ENA,1.25e-05,10.95,0.15738,64786110.0
2026-08-29 08:30:07 UTC,MNT,1.25e-05,10.95,0.50892,4803658.0
2026-08-29 08:30:07 UTC,TNSR,1.25e-05,10.95,0.03361,36410.0
2026-08-29 08:30:07 UTC,SAGA,1.25e-05,10.95,0.01504,1256241.0
2026-08-29 08:30:07 UTC,MERL,1.25e-05,10.95,0.02142,398735.0
2026-08-29 08:30:07 UTC,HBAR,1.25e-05,10.95,0.07489,5323507.0
2026-08-29 08:30:07 UTC,POPCAT,1.25e-05,10.95,0.054697,2221044.0
2026-08-29 08:30:07 UTC,OMNI,0.0,0.0,4.1915,0.0
2026-08-29 08:30:07 UTC,EIGEN,1.25e-05,10.95,0.1929,2982122.0
2026-08-29 08:30:07 UTC,REZ,1.25e-05,10.95,0.002882,535768.0
2026-08-29 08:30:07 UTC,NOT,1.25e-05,10.95,0.000404,186442.0
2026-08-29 08:30:07 UTC,TURBO,1.25e-05,10.95,0.001011,493823.0
2026-08-29 08:30:07 UTC,BRETT,1.25e-05,10.95,0.00496,208203.0
2026-08-29 08:30:07 UTC,IO,1.25e-05,10.95,0.12937,544931.0
2026-08-29 08:30:07 UTC,ZK,1.25e-05,10.95,0.008029,383144.0
2026-08-29 08:30:07 UTC,BLAST,0.0,0.0,0.000456,0.0
2026-08-29 08:30:07 UTC,LISTA,0.0,0.0,0.12466,0.0
2026-08-29 08:30:07 UTC,MEW,0.0,0.0,0.00064,0.0
2026-08-29 08:30:07 UTC,RENDER,1.25e-05,10.95,1.41096,1534363.0
2026-08-29 08:30:07 UTC,kDOGS,0.0,0.0,0.13659,0.0
2026-08-29 08:30:07 UTC,POL,1.25e-05,10.95,0.10529,3869020.0
2026-08-29 08:30:07 UTC,CATI,0.0,0.0,0.082821,0.0
2026-08-29 08:30:07 UTC,CELO,1.25e-05,10.95,0.073738,161764.0
2026-08-29 08:30:07 UTC,HMSTR,1.25e-05,10.95,0.000177,805032.0
2026-08-29 08:30:07 UTC,SCR,0.0,0.0,0.04737,0.0
2026-08-29 08:30:07 UTC,NEIROETH,0.0,0.0,0.01808,0.0
2026-08-29 08:30:07 UTC,kNEIRO,1.25e-05,10.95,0.08715,183599.0
2026-08-29 08:30:07 UTC,GOAT,1.25e-05,10.95,0.015396,172674.0
2026-08-29 08:30:07 UTC,MOODENG,1.25e-05,10.95,0.041593,267653.0
2026-08-29 08:30:07 UTC,GRASS,1.25e-05,10.95,0.34726,9110652.0
2026-08-29 08:30:07 UTC,PURR,1.25e-05,10.95,0.11791,11652520.0
2026-08-29 08:30:07 UTC,PNUT,1.25e-05,10.95,0.05119,1243949.0
2026-08-29 08:30:07 UTC,XLM,1.25e-05,10.95,0.17712,12522222.0
2026-08-29 08:30:07 UTC,CHILLGUY,0.0,0.0,0.012699,0.0
2026-08-29 08:30:07 UTC,SAND,1.25e-05,10.95,0.039204,479561.0
2026-08-29 08:30:07 UTC,IOTA,1.25e-05,10.95,0.038388,483696.0
2026-08-29 08:30:07 UTC,ALGO,1.25e-05,10.95,0.085823,2258878.0
2026-08-29 08:30:07 UTC,HYPE,-1.354e-05,-11.86,81.161,1956479768.0
2026-08-29 08:30:07 UTC,ME,1.25e-05,10.95,0.06071,163201.0
2026-08-29 08:30:07 UTC,MOVE,1.25e-05,10.95,0.009146,219343.0
2026-08-29 08:30:07 UTC,VIRTUAL,1.25e-05,10.95,0.68205,10714760.0
2026-08-29 08:30:07 UTC,PENGU,1.25e-05,10.95,0.008986,15399970.0
2026-08-29 08:30:07 UTC,USUAL,1.25e-05,10.95,0.01115,245895.0
2026-08-29 08:30:07 UTC,FARTCOIN,1.874e-05,16.41,0.19255,38061915.0
2026-08-29 08:30:07 UTC,AI16Z,0.0,0.0,0.06157,0.0
2026-08-29 08:30:07 UTC,AIXBT,1.25e-05,10.95,0.020008,508721.0
2026-08-29 08:30:07 UTC,ZEREBRO,0.0,0.0,0.032083,0.0
2026-08-29 08:30:07 UTC,BIO,1.25e-05,10.95,0.027576,650390.0
2026-08-29 08:30:07 UTC,GRIFFAIN,1.25e-05,10.95,0.011429,776301.0
2026-08-29 08:30:07 UTC,SPX,1.386e-05,12.14,0.52734,6032987.0
2026-08-29 08:30:07 UTC,S,1.25e-05,10.95,0.030593,687068.0
2026-08-29 08:30:07 UTC,MORPHO,1.25e-05,10.95,2.4129,5739467.0
2026-08-29 08:30:07 UTC,TRUMP,-6.33e-06,-5.54,2.7503,22364481.0
2026-08-29 08:30:07 UTC,MELANIA,1.25e-05,10.95,0.11369,2066586.0
2026-08-29 08:30:07 UTC,ANIME,1.25e-05,10.95,0.002643,212438.0
2026-08-29 08:30:07 UTC,VINE,0.0,0.0,0.007518,0.0
2026-08-29 08:30:07 UTC,VVV,1.25e-05,10.95,16.008,24916586.0
2026-08-29 08:30:07 UTC,JELLY,0.0,0.0,0.037555,0.0
2026-08-29 08:30:07 UTC,BERA,1.25e-05,10.95,0.16685,1332125.0
2026-08-29 08:30:07 UTC,TST,0.0,0.0,0.017491,0.0
2026-08-29 08:30:07 UTC,LAYER,1.25e-05,10.95,0.068693,583931.0
2026-08-29 08:30:07 UTC,IP,0.0,0.0,0.31703,0.0
2026-08-29 08:30:07 UTC,OM,0.0,0.0,0.06527,0.0
2026-08-29 08:30:07 UTC,KAITO,-1.7e-06,-1.49,0.31623,3713158.0
2026-08-29 08:30:07 UTC,NIL,1.25e-05,10.95,0.051183,1074917.0
2026-08-29 08:30:07 UTC,PAXG,1.25e-05,10.95,4456.2,25276039.0
2026-08-29 08:30:07 UTC,PROMPT,0.0,0.0,0.03661,0.0
2026-08-29 08:30:07 UTC,BABY,1.25e-05,10.95,0.012434,140843.0
2026-08-29 08:30:07 UTC,WCT,1.25e-05,10.95,0.03705,115058.0
2026-08-29 08:30:07 UTC,HYPER,1.25e-05,10.95,0.062924,166820.0
2026-08-29 08:30:07 UTC,ZORA,1.25e-05,10.95,0.006068,1625704.0
2026-08-29 08:30:07 UTC,INIT,1.25e-05,10.95,0.053439,334666.0
2026-08-29 08:30:07 UTC,DOOD,0.0,0.0,0.001412,0.0
2026-08-29 08:30:07 UTC,LAUNCHCOIN,0.0,0.0,0.060367,0.0
2026-08-29 08:30:07 UTC,NXPC,1.25e-05,10.95,0.20846,233802.0
2026-08-29 08:30:07 UTC,SOPH,1.25e-05,10.95,0.003927,82703.0
2026-08-29 08:30:07 UTC,RESOLV,1.25e-05,10.95,0.017642,725395.0
2026-08-29 08:30:07 UTC,SYRUP,1.25e-05,10.95,0.17513,2575712.0
2026-08-29 08:30:07 UTC,PUMP,1.25e-05,10.95,0.004614,206698510.0
2026-08-29 08:30:07 UTC,PROVE,1.25e-05,10.95,0.16753,108756.0
2026-08-29 08:30:07 UTC,YZY,0.0,0.0,0.31107,0.0
2026-08-29 08:30:07 UTC,XPL,1.25e-05,10.95,0.082965,32552752.0
2026-08-29 08:30:07 UTC,WLFI,1.25e-05,10.95,0.057654,11806217.0
2026-08-29 08:30:07 UTC,LINEA,1.25e-05,10.95,0.002456,2216855.0
2026-08-29 08:30:07 UTC,SKY,1.25e-05,10.95,0.067559,2950125.0
2026-08-29 08:30:07 UTC,ASTER,1.25e-05,10.95,0.70279,26427504.0
2026-08-29 08:30:07 UTC,AVNT,1.25e-05,10.95,0.101665,506721.0
2026-08-29 08:30:07 UTC,STBL,1.25e-05,10.95,0.026953,2295072.0
2026-08-29 08:30:07 UTC,0G,1.25e-05,10.95,0.1635,123912.0
2026-08-29 08:30:07 UTC,HEMI,1.25e-05,10.95,0.011803,1645318.0
2026-08-29 08:30:07 UTC,APEX,1.25e-05,10.95,0.26113,3054384.0
2026-08-29 08:30:07 UTC,2Z,1.25e-05,10.95,0.05552,481299.0
2026-08-29 08:30:07 UTC,ZEC,1.25e-05,10.95,792.27,437462497.0
2026-08-29 08:30:07 UTC,MON,1.25e-05,10.95,0.027401,38752754.0
2026-08-29 08:30:07 UTC,MET,1.25e-05,10.95,0.20766,2526557.0
2026-08-29 08:30:07 UTC,MEGA,1.25e-05,10.95,0.037609,3638629.0
2026-08-29 08:30:07 UTC,CC,1.25e-05,10.95,0.11284,4151890.0
2026-08-29 08:30:07 UTC,ICP,1.25e-05,10.95,2.4459,3275221.0
2026-08-29 08:30:07 UTC,AERO,1.25e-05,10.95,0.482754,11849001.0
2026-08-29 08:30:07 UTC,STABLE,1.25e-05,10.95,0.026159,1030993.0
2026-08-29 08:30:07 UTC,FOGO,1.25e-05,10.95,0.007614,429902.0
2026-08-29 08:30:07 UTC,LIT,1.25e-05,10.95,3.4308,143784444.0
2026-08-29 08:30:07 UTC,XMR,5.629e-05,49.31,469.93,71935332.0
2026-08-29 08:30:07 UTC,AXS,-3.182e-05,-27.87,0.8916,240730.0
2026-08-29 08:30:07 UTC,DASH,1.25e-05,10.95,38.4623,1101027.0
2026-08-29 08:30:07 UTC,SKR,-0.00038419,-336.55,0.009875,310432.0
2026-08-29 08:30:07 UTC,AZTEC,1.25e-05,10.95,0.013536,441772.0
2026-08-29 08:30:07 UTC,CHIP,1.25e-05,10.95,0.040549,8306321.0
2026-08-29 08:30:07 UTC,GRAM,1.25e-05,10.95,1.354155,24940978.0
2026-08-29 08:30:07 UTC,CASHCAT,1.25e-05,10.95,0.182025,27302112.0
