ts,n_bundles,n_with_tip,n_txs,p50_tip,p99_tip,max_tip,mean_tip,std_tip
2026-08-09T10:00:37+00:00,100,100,120,9961,2020000,2020000,74100.1,285768.8
2026-08-12T09:00:21+00:00,100,100,135,2054,1000000,1000000,16744.2,100468.1
2026-08-12T10:00:28+00:00,100,100,135,2762,800000,800000,28497.7,102738.8
2026-08-12T11:00:41+00:00,100,100,119,3393,756208,756208,16502.1,82702.0
2026-08-12T12:00:50+00:00,100,100,123,5621,10000000,10000000,261713.8,1411012.7
2026-08-12T13:01:03+00:00,100,100,111,4073,5000000,5000000,62226.5,500106.8
2026-08-12T14:00:10+00:00,100,100,121,2317,29133855,29133855,311075.8,2913159.6
2026-08-12T15:00:21+00:00,100,100,118,1000,101405,101405,4709.6,13169.2
2026-08-12T16:00:32+00:00,100,100,117,5212,4000000,4000000,68118.1,424885.6
2026-08-12T17:00:45+00:00,100,100,119,5896,10000000,10000000,246278.3,1275694.9
2026-08-12T18:00:58+00:00,100,100,117,26788,4717502,4717502,147454.4,579662.0
2026-08-12T19:00:05+00:00,100,100,130,6767,3500047,3500047,107678.0,414675.5
2026-08-12T20:00:17+00:00,100,100,123,2719,231000,231000,7539.2,25416.6
2026-08-12T22:00:39+00:00,100,100,115,3847,1007642,1007642,33323.8,129327.7
2026-08-12T23:00:50+00:00,100,100,126,4000,5000000,5000000,83406.7,516610.3
2026-08-13T00:01:05+00:00,100,100,115,7253,1000000,1000000,65173.7,218718.4
2026-08-13T01:00:12+00:00,100,100,137,2372,1753009,1753009,100195.8,365343.4
2026-08-13T02:00:24+00:00,100,100,116,3072,105566,105566,6890.4,14916.7
2026-08-13T03:00:34+00:00,100,100,111,10000,4000000,4000000,59352.1,398883.6
2026-08-13T04:01:25+00:00,100,100,113,3260,1750023,1750023,36882.4,200969.5
2026-08-13T05:00:58+00:00,100,100,119,1713,30000000,30000000,453731.2,3256369.0
2026-08-13T06:00:11+00:00,100,100,118,1057,1100000,1100000,49873.7,194589.6
2026-08-13T07:00:21+00:00,100,100,126,2736,1010000,1010000,25408.4,112999.5
2026-08-13T08:00:32+00:00,100,100,119,5947,1000000,1000000,23972.4,104979.4
2026-08-13T09:00:39+00:00,100,100,117,4113,1000000,1000000,30524.2,109344.7
2026-08-13T12:16:46+00:00,100,100,117,2556,1000000,1000000,27571.5,116239.4
2026-08-13T13:00:55+00:00,100,100,122,5764,1500000,1500000,34092.8,178668.3
2026-08-13T14:00:03+00:00,100,100,138,9845,1000000,1000000,31542.0,110917.8
2026-08-13T15:00:13+00:00,100,100,115,9322,1001500,1001500,37750.5,148357.5
2026-08-13T16:00:24+00:00,100,100,139,4767,1000000,1000000,63384.9,219354.9
2026-08-13T17:00:35+00:00,100,100,117,1846,2656500,2656500,72887.5,320689.6
2026-08-13T18:00:47+00:00,100,100,126,4003,163020,163020,11372.0,23962.5
2026-08-13T19:00:57+00:00,100,100,120,5997,1000000,1000000,55115.0,200988.0
2026-08-13T22:00:31+00:00,100,100,150,2874,12071116,12071116,311782.4,1697884.0
2026-08-13T23:00:43+00:00,100,100,119,3682,20000000,20000000,257936.9,2034394.7
2026-08-14T00:00:55+00:00,100,100,131,5000,264006001,264006001,2678058.6,26397697.1
2026-08-14T01:00:09+00:00,100,100,135,4356,1000000,1000000,113808.1,272772.2
2026-08-14T02:00:22+00:00,100,100,111,2393,4000000,4000000,56040.6,411411.6
2026-08-14T03:00:29+00:00,100,100,164,10000,5000000,5000000,159537.2,599586.2
2026-08-14T04:00:08+00:00,100,100,113,2210,3500047,3500047,57357.9,364588.4
2026-08-14T05:00:15+00:00,100,100,113,5501,1000000,1000000,25558.1,117538.8
2026-08-14T06:00:28+00:00,100,100,145,2240,5000000,5000000,140307.4,561683.6
2026-08-14T07:00:38+00:00,100,100,150,5000,75635935,75635935,1640799.5,8197809.6
2026-08-14T08:00:49+00:00,100,100,152,5000,4000000,4000000,55670.6,400061.9
2026-08-14T09:01:02+00:00,100,100,132,1001,1600000,1600000,28794.6,161667.1
2026-08-14T10:00:08+00:00,100,100,143,7437,10000000,10000000,165643.9,1020358.7
2026-08-14T11:00:16+00:00,100,100,115,7163,1000000,1000000,32894.9,140579.6
2026-08-14T12:00:25+00:00,100,100,134,6000,7589224,7589224,297541.7,944227.7
2026-08-14T13:00:35+00:00,100,100,153,3105,1000000,1000000,40654.8,171037.2
2026-08-14T14:00:49+00:00,100,100,103,1101,2000000,2000000,76452.6,325921.9
2026-08-14T15:00:51+00:00,100,100,120,2840,350004,350004,9688.2,37413.2
2026-08-14T16:00:04+00:00,100,100,122,2748,15195000,15195000,330344.5,1719901.5
2026-08-14T17:00:14+00:00,100,100,140,2487,1000000,1000000,66267.0,218741.3
2026-08-14T18:00:26+00:00,100,100,126,2506,1000000,1000000,68854.8,237655.4
2026-08-14T19:00:42+00:00,100,100,134,5000,1750023,1750023,143985.7,373320.7
2026-08-14T20:00:47+00:00,100,100,127,3455,3500047,3500047,95196.7,392913.3
2026-08-14T22:00:09+00:00,100,100,119,6761,7500000,7500000,123784.4,775525.9
2026-08-14T23:00:21+00:00,100,100,138,3211,5285784,5285784,108306.8,573463.0
2026-08-15T00:00:33+00:00,100,100,131,1826,9000000,9000000,152540.0,932917.8
2026-08-15T01:00:44+00:00,100,100,118,1698,500000,500000,13416.6,56604.8
2026-08-15T02:00:53+00:00,100,100,111,3419,10000000,10000000,125512.1,1004198.3
2026-08-15T03:01:01+00:00,100,100,125,3063,1000000,1000000,74950.4,192310.5
2026-08-15T04:00:09+00:00,100,100,130,1995,3500047,3500047,69904.1,376799.1
2026-08-15T05:00:21+00:00,100,100,104,1000,1000000,1000000,13744.7,100170.9
2026-08-15T06:00:38+00:00,100,100,142,2286,7500000,7500000,96505.7,749485.5
2026-08-15T07:00:44+00:00,100,100,119,2926,1000000,1000000,47420.0,198944.5
2026-08-15T08:00:55+00:00,100,100,120,2361,1000000,1000000,15930.3,101358.8
2026-08-15T09:00:03+00:00,100,100,127,1708,350000,350000,23038.5,55002.1
2026-08-15T10:00:17+00:00,100,100,119,2000,277000,277000,9313.0,35462.0
2026-08-15T11:00:27+00:00,100,100,117,2829,3500047,3500047,51502.7,351412.3
2026-08-15T12:00:37+00:00,100,100,127,4118,1000000,1000000,36856.5,120974.0
2026-08-15T13:00:45+00:00,100,100,119,3271,2299663,2299663,45099.3,250019.1
2026-08-15T14:00:58+00:00,100,100,121,3946,1000000,1000000,26928.5,140117.6
2026-08-15T15:00:09+00:00,100,100,117,2786,3500047,3500047,89920.9,493727.0
2026-08-15T16:00:20+00:00,100,100,122,5000,4700000,4700000,106947.3,583078.3
2026-08-15T17:00:25+00:00,100,100,112,4072,1000000,1000000,34478.4,121629.9
2026-08-15T18:00:39+00:00,100,100,119,4788,1000000,1000000,17404.2,99993.9
2026-08-15T19:00:46+00:00,100,100,137,2760,5000000,5000000,223677.4,751360.6
2026-08-15T20:00:58+00:00,100,100,119,20422,1500000,1500000,59414.8,171756.5
2026-08-15T22:00:21+00:00,100,100,117,4349,725000,725000,41734.1,157749.8
2026-08-15T23:00:33+00:00,100,100,127,5576,500000,500000,35666.6,100772.7
2026-08-16T00:00:46+00:00,100,100,130,3127,11001073,11001073,259095.5,1175095.5
2026-08-16T01:00:56+00:00,100,100,142,2876,1000000,1000000,28340.8,115323.4
2026-08-16T02:00:04+00:00,100,100,120,1919,3057678,3057678,85241.0,363707.6
2026-08-16T03:00:12+00:00,100,100,124,2169,1000000,1000000,16036.6,100200.9
2026-08-16T04:00:14+00:00,100,100,122,1713,7500000,7500000,118541,765745.3
2026-08-16T05:00:25+00:00,100,100,129,1006,1000000,1000000,24055.4,105157.6
2026-08-16T06:00:37+00:00,100,100,125,1245,5000000,5000000,78345.9,516787.2
2026-08-16T07:00:50+00:00,100,100,128,3740,1519500,1519500,47429.5,217620.6
2026-08-16T08:00:59+00:00,100,100,115,2937,1000000,1000000,21531.9,110912.3
2026-08-16T09:00:09+00:00,100,100,119,1000,1500000,1500000,54741.6,232858.3
2026-08-16T10:00:19+00:00,100,100,139,2288,12196972,12196972,450280.7,2153072.7
2026-08-16T11:00:27+00:00,100,100,111,2254,50000,50000,3423.2,5452.8
2026-08-16T12:00:35+00:00,100,100,138,2000,4000000,4000000,85200.5,435519.0
2026-08-16T13:00:47+00:00,100,100,126,1024,1013000,1013000,39157.3,154498.7
2026-08-16T14:00:54+00:00,100,100,129,1006,5000000,5000000,101223.6,525713.9
2026-08-16T15:01:02+00:00,100,100,127,5047,3500047,3500047,108344.8,417346.4
2026-08-16T16:00:13+00:00,100,100,121,1024,2000000,2000000,78519.6,292862.4
2026-08-16T17:00:23+00:00,100,100,121,5249,1000000,1000000,31909.6,140713.4
2026-08-16T18:00:35+00:00,100,100,138,5000,1000000,1000000,59978,197060.8
2026-08-16T19:00:48+00:00,100,100,123,3778,12142402,12142402,137780.2,1216817.0
2026-08-16T20:00:58+00:00,100,100,118,5738,1000000,1000000,35303.1,148260.7
2026-08-16T22:00:21+00:00,100,100,108,6201,5000000,5000000,58046.2,499313.5
2026-08-16T23:00:32+00:00,100,100,125,1009,2500000,2500000,97154.9,361246.5
2026-08-17T00:00:43+00:00,100,100,162,2041,2000000,2000000,89217.5,291246.8
2026-08-17T01:00:56+00:00,100,100,139,4380,350004,350004,12927.6,39473.5
2026-08-17T02:00:09+00:00,100,100,119,1908,3500047,3500047,86942.1,443550.3
2026-08-17T04:00:16+00:00,100,100,123,2340,59999999,59999999,712392.5,6032931.9
2026-08-17T05:00:26+00:00,100,100,125,1879,1911334,1911334,27657.8,191316.4
2026-08-17T06:00:38+00:00,100,100,128,5000,10000000,10000000,146091.5,1054954.9
2026-08-17T07:00:52+00:00,100,100,122,1424,995000,995000,21723.8,103052.6
2026-08-17T08:01:05+00:00,100,100,114,2022,1000000,1000000,35209.3,132901.9
2026-08-17T09:00:14+00:00,100,100,132,1803,1000000,1000000,20075.8,101831.0
2026-08-17T10:00:21+00:00,100,100,124,1048,3500047,3500047,91980.9,429516.9
2026-08-17T12:00:47+00:00,100,100,199,2908,12035966,12035966,543089.3,2023634.9
2026-08-17T13:00:58+00:00,100,100,125,7656,30000000,30000000,704404.0,3508708.0
2026-08-17T14:00:16+00:00,100,100,126,5000,3500047,3500047,53311.2,352155.6
2026-08-17T15:00:22+00:00,100,100,131,6244,1000094,1000094,85369.8,228967.2
2026-08-17T16:00:34+00:00,100,100,143,230140,5065000,5065000,433780.8,780965.6
2026-08-17T17:00:45+00:00,100,100,113,8368,15081697,15081697,210548.4,1535183.6
2026-08-17T18:00:59+00:00,100,100,109,5538,3390000,3390000,41848.6,338293.5
2026-08-17T19:00:07+00:00,100,100,103,1000,10000000,10000000,136939.7,1006369.8
2026-08-17T20:00:19+00:00,100,100,124,3548,7500000,7500000,109665.7,759875.9
2026-08-17T22:00:42+00:00,100,100,124,4162,12005012,12005012,283920.5,1482955.2
2026-08-17T23:00:53+00:00,100,100,114,3425,500000,500000,24158.1,92069.7
2026-08-18T00:00:05+00:00,100,100,130,1522,1000000,1000000,70163.9,197614.4
2026-08-18T01:00:16+00:00,100,100,128,2000,500000,500000,30038.5,103783.8
2026-08-18T02:00:36+00:00,100,100,109,3404,192875,192875,10282.8,28679.9
2026-08-18T03:00:45+00:00,100,100,123,2984,1014100,1014100,75743.5,240091.8
2026-08-18T04:00:45+00:00,100,100,120,3448,621605,621605,20275.5,69207.2
2026-08-18T05:00:55+00:00,100,100,115,1407,900000,900000,18192.9,94306.0
2026-08-18T06:00:04+00:00,100,100,111,5000,239495,239495,8244.5,25759.4
2026-08-18T07:00:17+00:00,100,100,120,3313,500000,500000,18657.5,61606.6
2026-08-18T08:00:26+00:00,100,100,131,1298,1500000,1500000,54836.6,218255.9
2026-08-18T09:00:36+00:00,100,100,147,2101,1000000,1000000,63277.2,219288.7
2026-08-18T10:00:45+00:00,100,100,115,3286,2070000,2070000,34080.4,214587.1
2026-08-18T11:00:58+00:00,100,100,121,3088,357049,357049,16181.9,55317.2
2026-08-18T12:00:09+00:00,100,100,113,5048,11492106,11492106,140257.1,1151471.9
2026-08-18T13:00:19+00:00,100,100,117,3758,4995000,4995000,71647.1,502170.7
2026-08-18T14:00:31+00:00,100,100,106,1759,500000,500000,14031.1,60821.3
2026-08-18T16:00:56+00:00,100,100,117,2834,1173441,1173441,51783.7,190707.3
2026-08-18T17:00:07+00:00,100,100,115,1000,20000000,20000000,383001.3,2251512.2
2026-08-18T18:00:17+00:00,100,100,141,5622,4000000,4000000,104306.6,444944.6
2026-08-18T19:00:31+00:00,100,100,133,5543,11001012,11001012,225248.3,1206419.0
2026-08-18T20:00:43+00:00,100,100,118,9890,3570495,3570495,153756.8,447816.7
2026-08-18T22:00:03+00:00,100,100,104,6662,44397,44397,9596.8,9173.1
2026-08-18T23:00:14+00:00,100,100,121,6293,1000000,1000000,66050.8,161589.5
2026-08-19T01:00:41+00:00,100,100,115,4643,500000,500000,43684.5,128225.0
2026-08-19T02:00:48+00:00,100,100,132,28919,1000000,1000000,49410.8,112795.8
2026-08-19T04:00:44+00:00,100,100,110,1340,1000000,1000000,25552.6,140462.2
2026-08-19T05:00:54+00:00,100,100,159,8380,4000000,4000000,109138.4,434675.1
2026-08-19T06:00:07+00:00,100,100,112,1071,544279,544279,27745.6,84811.2
2026-08-19T07:00:20+00:00,100,100,134,7195,9500000,9500000,231080.9,1217096.5
2026-08-19T08:00:29+00:00,100,100,152,1000,1000000,1000000,25978.3,107999.0
2026-08-19T09:00:41+00:00,100,100,139,1500,105000000,105000000,1135938.2,10494903.3
2026-08-19T10:00:50+00:00,100,100,143,5115,1785247,1785247,55630.2,215030.1
2026-08-19T11:01:04+00:00,100,100,117,5218,1000000,1000000,26568.1,110981.2
2026-08-19T12:00:14+00:00,100,100,123,3112,1000000,1000000,29942.4,109643.2
2026-08-19T13:00:23+00:00,100,100,133,11556,395071038,395071038,3969753.3,39505189.1
2026-08-19T14:00:33+00:00,100,100,137,10000,1013000,1013000,42702.7,149420.1
2026-08-19T15:00:42+00:00,100,100,123,5000,3570495,3570495,48801.3,356859.3
2026-08-19T16:00:52+00:00,100,100,127,8865,10000000,10000000,143088.9,1005122.0
2026-08-19T17:00:04+00:00,100,100,155,6069,6000000,6000000,254402.6,899364.2
2026-08-19T18:00:15+00:00,100,100,130,4803,500000,500000,20716.4,66366.4
2026-08-19T19:00:27+00:00,100,100,121,2217,7500000,7500000,133761.6,779633.5
2026-08-19T20:00:37+00:00,100,100,116,1356,10000000,10000000,155563.7,1060737.9
2026-08-19T22:01:01+00:00,100,100,108,8184,1000000,1000000,27047.6,101198.1
2026-08-19T23:00:11+00:00,100,100,119,5000,1000000,1000000,55061.0,144208.9
2026-08-20T00:00:26+00:00,100,100,131,4165,650000000,650000000,6663356.6,64987516.2
2026-08-20T01:00:37+00:00,100,100,136,2629,4000000,4000000,296890.6,898790.2
2026-08-20T02:00:45+00:00,100,100,128,3646,1000000,1000000,24340.3,111824.9
2026-08-20T03:00:55+00:00,100,100,143,2821,12000000,12000000,165831.6,1202185.2
2026-08-20T04:00:25+00:00,100,100,129,2888,1000000,1000000,22163.1,103489.7
2026-08-20T05:00:37+00:00,100,100,120,3385,1000000,1000000,51718.3,180591.1
2026-08-20T06:00:47+00:00,100,100,125,2000,49995000,49995000,1032185.1,7032228.2
2026-08-20T07:00:59+00:00,100,100,148,5640,7500000,7500000,117383.0,769963.0
2026-08-20T08:00:10+00:00,100,100,123,5000,3396685,3396685,125361.2,488697.7
2026-08-20T09:00:17+00:00,100,100,128,4309,3000000,3000000,79210.1,331311.4
2026-08-20T10:00:47+00:00,100,100,118,5000,520884,520884,38296.8,115736.1
2026-08-20T11:01:03+00:00,100,100,136,1771,1200000,1200000,21292.9,121276.0
2026-08-20T12:00:11+00:00,100,100,127,5000,500000,500000,39238.3,119415.6
2026-08-20T13:00:20+00:00,100,100,119,3908,2100000,2100000,54543.9,253450.8
2026-08-20T14:00:29+00:00,100,100,121,1534,203249,203249,8366.2,25878.1
2026-08-20T15:00:36+00:00,100,100,105,1220,7500000,7500000,145865.6,813527.2
2026-08-20T16:00:48+00:00,100,100,122,6438,1000000,1000000,19583.7,100192.7
2026-08-20T17:00:59+00:00,100,100,114,2445,103777500,103777500,1078356.3,10374998.5
2026-08-20T18:00:09+00:00,100,100,111,1000,2000000,2000000,53746.9,248474.9
2026-08-20T19:00:22+00:00,100,100,127,3902,1000000,1000000,20085.8,101779.1
2026-08-20T20:00:33+00:00,100,100,113,3346,458004,458004,11729.6,47456.7
2026-08-20T22:00:54+00:00,100,100,124,1000,1000000,1000000,39299.8,151723.9
2026-08-20T23:00:05+00:00,100,100,129,35067,3570495,3570495,103852.5,415082.8
2026-08-21T00:00:20+00:00,100,100,118,16738,1785247,1785247,71977.2,214365.3
2026-08-21T01:00:28+00:00,100,100,141,3564,1114800,1114800,130622.5,325183.2
2026-08-21T02:00:40+00:00,100,100,148,2892,7000000,7000000,101450.1,704042.7
2026-08-21T03:00:47+00:00,100,100,120,6357,3750000,3750000,105511.9,420880.3
2026-08-21T04:00:24+00:00,100,100,128,2561,1013000,1013000,52250.7,154103.3
2026-08-21T05:00:35+00:00,100,100,133,2123,7500000,7500000,147621.9,780630.8
2026-08-21T06:00:44+00:00,100,100,136,19158,100000,100000,20626.3,17616.9
2026-08-21T07:00:56+00:00,100,100,167,1827,4000000,4000000,392472.2,1104946.6
2026-08-21T08:00:08+00:00,100,100,137,3522,5065000,5065000,77536.7,515738.3
2026-08-21T09:00:17+00:00,100,100,105,1533,30202,30202,3988.5,5145.1
2026-08-21T10:00:22+00:00,100,100,110,1336,3000000,3000000,67694.1,342134.1
2026-08-21T11:00:33+00:00,100,100,114,1220,1440640,1440640,48017.0,202223.4
2026-08-21T12:00:52+00:00,100,100,114,1000,1014100,1014100,24185.5,111311.1
2026-08-21T13:00:48+00:00,100,100,137,2114,100000,100000,10346.3,20728.2
2026-08-21T14:00:59+00:00,100,100,101,3975,202600,202600,16960.5,31018.7
2026-08-21T15:00:16+00:00,100,100,120,8544,6000000,6000000,122588.4,709665.5
2026-08-21T16:00:26+00:00,100,100,111,3093,10000000,10000000,114118.1,998880.3
2026-08-21T17:00:32+00:00,100,100,141,8142,5000000,5000000,145883.8,564596.1
2026-08-21T18:00:44+00:00,100,100,139,6428,20004012,20004012,434006.9,2811811.3
2026-08-21T19:00:54+00:00,100,100,133,3556,6088042,6088042,176328.3,874904.6
2026-08-21T20:00:07+00:00,100,100,141,4505,1000000,1000000,26343.6,102553.8
2026-08-21T22:00:29+00:00,100,100,155,10000,12000000,12000000,333970.9,1701902.3
2026-08-21T23:00:42+00:00,100,100,128,9290,1000000,1000000,46818.6,153000.3
2026-08-22T00:00:54+00:00,100,100,133,7597,1000000,1000000,27463.8,103639.4
2026-08-22T01:00:04+00:00,100,100,118,1301,6125828,6125828,103281.3,660992.8
2026-08-22T02:00:15+00:00,100,100,127,5025,500000,500000,29773.7,84762.1
2026-08-22T03:00:26+00:00,100,100,136,3846,229788,229788,19605.8,43825.7
2026-08-22T04:00:12+00:00,100,100,121,5868,12787188,12787188,158678.7,1280284.3
2026-08-22T05:00:21+00:00,100,100,109,1000,2970000,2970000,61757.7,337907.8
2026-08-22T06:00:35+00:00,100,100,146,6000,1100000,1100000,35476.3,113491.0
2026-08-22T07:00:44+00:00,100,100,155,6807,7500000,7500000,162784.0,837800.2
2026-08-22T08:00:56+00:00,100,100,115,1064,5100000,5100000,80969.1,526698.5
2026-08-22T09:00:04+00:00,100,100,120,5042,1000000,1000000,43235.9,170598.1
2026-08-22T10:00:16+00:00,100,100,115,1024,1000000,1000000,40267.5,171409.0
2026-08-22T11:00:22+00:00,100,100,146,2712,5125806,5125806,83408.4,525807.5
2026-08-22T12:00:31+00:00,100,100,153,5510,20000000,20000000,475942.0,2693405.0
2026-08-22T13:00:45+00:00,100,100,115,1316,1000000,1000000,21167.0,106511.8
2026-08-22T14:01:01+00:00,100,100,132,2399,1000000,1000000,30163.0,117600.8
2026-08-22T15:00:04+00:00,100,100,121,4406,1500000,1500000,57738.3,209736.9
2026-08-22T16:00:14+00:00,100,100,139,2952,4000000,4000000,209212.9,722633.9
2026-08-22T17:00:34+00:00,100,100,138,5000,1500000,1500000,53357.8,205921.9
2026-08-22T18:00:40+00:00,100,100,169,5190,5000000,5000000,124555.7,556589.4
2026-08-22T19:00:53+00:00,100,100,127,2623,6106056,6106056,77340.2,610345.1
2026-08-22T20:00:04+00:00,100,100,139,1325,1500000,1500000,37296.9,175682.8
2026-08-22T22:00:28+00:00,100,100,141,1992,5009661,5009661,194760.4,731565.1
2026-08-22T23:00:41+00:00,100,100,122,5623,3039000,3039000,169181.0,663833.4
2026-08-23T00:00:52+00:00,100,100,126,2279,1500000,1500000,65006.1,203250.3
2026-08-23T01:00:04+00:00,100,100,127,2616,1000000,1000000,36933.4,134523.7
2026-08-23T02:00:16+00:00,100,100,127,7228,1000000,1000000,61734.3,173356.9
2026-08-23T03:00:28+00:00,100,100,105,27485,1500000,1500000,64624.9,162065.5
2026-08-23T04:00:04+00:00,100,100,126,2745,100000,100000,6968.5,13746.0
2026-08-23T05:00:15+00:00,100,100,116,5240,509393,509393,34403.9,82454.2
2026-08-23T06:00:28+00:00,100,100,112,1367,500000,500000,25334.0,96147.4
2026-08-23T07:00:40+00:00,100,100,117,4165,357447,357447,16421.3,52417.3
2026-08-23T08:00:50+00:00,100,100,126,2878,1500000,1500000,23816.9,150243.5
2026-08-23T09:00:59+00:00,100,100,126,5113,1000000,1000000,19541.2,100565.0
2026-08-23T10:00:16+00:00,100,100,152,4386,1500000,1500000,45279.9,182280.2
2026-08-23T11:00:28+00:00,100,100,135,3749,4000000,4000000,63748.7,407934.3
2026-08-23T12:00:42+00:00,100,100,133,2841,1000000,1000000,18167.3,100602.5
2026-08-23T13:00:51+00:00,100,100,125,1007,10000000,10000000,141075.6,1010522.7
2026-08-23T14:01:00+00:00,100,100,124,5000,1500000,1500000,30317.6,153906.8
2026-08-23T15:00:13+00:00,100,100,127,3282,10000001,10000001,171579.5,1021669.8
2026-08-23T16:00:22+00:00,100,100,120,5937,1000000,1000000,31649.1,111456.7
2026-08-23T17:00:35+00:00,100,100,133,5000,6130318,6130318,91043.0,620066.8
2026-08-23T18:00:48+00:00,100,100,154,4969,10000000,10000000,143076.6,1007236.5
2026-08-23T19:01:01+00:00,100,100,139,4261,6031414,6031414,140758.8,850147.6
2026-08-23T20:00:14+00:00,100,100,121,5601,1000000,1000000,39475.5,126249.1
2026-08-23T22:00:39+00:00,100,100,137,1637,7500000,7500000,112381.0,761937.9
2026-08-23T23:00:50+00:00,100,100,106,1000,3570495,3570495,67228.7,375029.2
2026-08-24T00:00:03+00:00,100,100,130,13144,10000000,10000000,229691.4,1131733.0
2026-08-24T01:00:16+00:00,100,100,126,3126,1500000,1500000,49201.0,220370.6
2026-08-24T02:00:29+00:00,100,100,152,9593,3000000,3000000,102172.6,370403.8
2026-08-24T03:00:41+00:00,100,100,133,1322,1000000,1000000,34730.8,149529.0
2026-08-24T04:00:04+00:00,100,100,140,3622,1000000,1000000,40784.9,130812.1
2026-08-24T05:00:13+00:00,100,100,104,1024,357049,357049,11818.3,38262.5
2026-08-24T06:15:53+00:00,100,100,128,2576,15000000,15000000,161087.8,1499194.1
2026-08-24T07:04:32+00:00,100,100,139,5000,7500000,7500000,144925.0,836762.6
2026-08-24T11:40:23+00:00,100,100,120,1024,10000000,10000000,110364.4,999391.7
2026-08-24T12:13:30+00:00,100,100,140,1392,1000000,1000000,18032.8,100577.2
2026-08-24T13:00:55+00:00,100,100,143,5000,2970000,2970000,71359.5,367693.5
2026-08-24T14:21:51+00:00,100,100,143,5902,5000000,5000000,203124.8,823348.1
2026-08-24T15:26:24+00:00,100,100,116,4811,1000000,1000000,41122.5,135709.5
2026-08-24T16:01:28+00:00,100,100,128,37591,1000000,1000000,67315.7,167883.1
2026-08-24T17:02:55+00:00,100,100,115,5000,1000000,1000000,47130.6,171911.3
2026-08-24T18:07:40+00:00,100,100,118,2889,10000000,10000000,203768.1,1058852.5
2026-08-24T19:12:47+00:00,100,100,130,5484,12000000,12000000,167696.0,1203502.0
2026-08-24T20:01:03+00:00,100,100,119,18089,4000000,4000000,134146.7,469300.8
2026-08-24T21:16:35+00:00,100,100,137,17927,5000001,5000001,138424.7,634912.2
2026-08-24T22:18:25+00:00,100,100,130,3614,22000000,22000000,434288.0,2274174.9
2026-08-24T23:17:24+00:00,100,100,131,5000,215055,215055,19782.7,42767.2
2026-08-25T00:07:28+00:00,100,100,124,4610,1000000,1000000,31332.3,110375.7
2026-08-25T01:03:20+00:00,100,100,131,8475,273510000,273510000,4358672.8,30857409.6
2026-08-25T02:06:18+00:00,100,100,110,2567,1013000,1013000,34905.1,151070.0
2026-08-25T03:00:46+00:00,100,100,145,5000,391142,391142,23574.6,61009.0
2026-08-25T04:04:09+00:00,100,100,111,4365,1000000,1000000,67712.8,169674.6
2026-08-25T05:07:03+00:00,100,100,126,2977,1000000,1000000,41850.6,131670.3
2026-08-25T06:15:33+00:00,100,100,140,4908,1000000,1000000,63768.8,166184.1
2026-08-25T07:00:49+00:00,100,100,119,1000,1500000,1500000,166843.9,403944.7
2026-08-25T08:01:02+00:00,100,100,126,3909,1000000,1000000,22676.9,102640.8
2026-08-25T09:00:15+00:00,100,100,125,4644,1000000,1000000,28365.3,111469.5
2026-08-25T10:00:28+00:00,100,100,129,5000,4221028,4221028,128575.3,466046.1
2026-08-25T11:00:42+00:00,100,100,112,3266,1000000,1000000,105997.3,268548.0
2026-08-25T12:01:00+00:00,100,100,154,5047,1040000,1040000,79399.9,204513.2
2026-08-25T13:00:14+00:00,100,100,122,5000,10000000,10000000,147669.0,1015133.7
2026-08-25T14:00:30+00:00,100,100,119,5000,1014100,1014100,57866.9,201520.1
2026-08-25T15:00:42+00:00,100,100,116,2822,20000000,20000000,365243.9,2232523.3
2026-08-25T17:08:59+00:00,100,100,129,21583,1013000,1013000,57096.1,136667.0
2026-08-25T18:13:45+00:00,100,100,132,4537,5070019,5070019,206486.9,787236.7
2026-08-25T19:02:03+00:00,100,100,129,5070,1000000,1000000,138100.7,323439.1
2026-08-25T20:19:34+00:00,100,100,113,10000,1578375,1578375,60197.4,202657.1
2026-08-25T21:10:04+00:00,100,100,129,5000,1001092,1001092,32273.7,110039.4
2026-08-25T23:07:38+00:00,100,100,111,18181,2562768,2562768,95775.1,288357.8
2026-08-26T01:17:08+00:00,100,100,112,7336,7500000,7500000,173139.2,787287.2
2026-08-26T03:00:11+00:00,100,100,129,7506,1000000,1000000,101110.1,254012.9
2026-08-26T04:00:32+00:00,100,100,119,4463,3632309,3632309,98114.1,424750.7
2026-08-26T05:00:47+00:00,100,100,120,5074,7500000,7500000,95507.1,749469.4
2026-08-26T06:00:59+00:00,100,100,127,4998,600000,600000,40181.2,87913.0
2026-08-26T07:00:18+00:00,100,100,124,7932,4221028,4221028,147893.6,505804.7
2026-08-26T08:00:27+00:00,100,100,148,4950,400000,400000,29628.3,86287.0
2026-08-26T09:00:40+00:00,100,100,132,2354,1000000,1000000,90561.9,251495.6
2026-08-26T10:00:52+00:00,100,100,126,8190,10000000,10000000,161458.9,1034837.4
2026-08-26T11:00:08+00:00,100,100,112,6326,3405000,3405000,88466.0,375472.5
2026-08-26T12:00:17+00:00,100,100,141,5000,750000,750000,25303.9,78731.4
2026-08-26T13:00:28+00:00,100,100,118,4260,1500000,1500000,30231.2,151280.4
2026-08-26T14:00:44+00:00,100,100,124,2202,495000,495000,21185.8,62905.1
2026-08-26T15:00:51+00:00,100,100,140,10000,1000000,1000000,61452.2,152646.6
2026-08-26T16:23:39+00:00,100,100,117,4995,100000,100000,12223.4,17808.2
2026-08-26T17:28:22+00:00,100,100,129,3093,1940000,1940000,94110.5,275943.6
2026-08-26T18:07:44+00:00,100,100,128,7300,1014100,1014100,157251.7,301101.8
2026-08-26T19:11:50+00:00,100,100,116,10000,6042774,6042774,117892.8,618385.1
2026-08-26T20:01:27+00:00,100,100,113,9648,1000000,1000000,59635.8,180350.6
2026-08-26T21:13:32+00:00,100,100,112,9046,1500000,1500000,83342.0,230127.6
2026-08-26T22:24:21+00:00,100,100,127,5000,10000000,10000000,146627.7,1002586.4
2026-08-26T23:00:24+00:00,100,100,127,1024,1500000,1500000,63068.4,203328.1
2026-08-27T00:12:25+00:00,100,100,120,4957,991250,991250,22530.1,101395.6
2026-08-27T01:08:02+00:00,100,100,113,4722,1000000,1000000,51791.3,136432.7
2026-08-27T02:09:14+00:00,100,100,128,9833,5000000,5000000,172407.8,715822.5
2026-08-27T03:09:49+00:00,100,100,129,8760,1500000,1500000,75975,240867.5
2026-08-27T04:10:54+00:00,100,100,124,7977,1500000,1500000,58657.3,186083.9
2026-08-27T05:40:20+00:00,100,100,133,5570,4723153,4723153,144322.9,604839.0
2026-08-27T06:13:12+00:00,100,100,152,1980,3000000,3000000,66030.6,324411.4
2026-08-27T07:00:44+00:00,100,100,128,2300,4221028,4221028,130664.5,485891.0
2026-08-27T09:31:46+00:00,100,100,129,1324,4221028,4221028,77895.3,439538.4
2026-08-27T10:01:22+00:00,100,100,120,1961,1000000,1000000,32881.8,142542.5
2026-08-27T11:01:44+00:00,100,100,127,9614,10000000,10000000,148907.8,1003659.2
2026-08-27T12:02:57+00:00,100,100,111,2078,564000,564000,42502.1,134354.8
2026-08-27T13:03:47+00:00,100,100,123,7537,1000000,1000000,134181.3,323703.3
2026-08-27T14:04:13+00:00,100,100,112,10000,4221028,4221028,204570.3,605671.9
2026-08-27T15:02:02+00:00,100,100,123,7550,1087900,1087900,96179.7,291115.1
2026-08-27T17:00:45+00:00,100,100,141,80541,1013000,1013000,277915.2,383363.1
2026-08-27T19:14:52+00:00,100,100,121,14122,1014100,1014100,29348.1,102079.0
2026-08-27T20:11:00+00:00,100,100,109,10674,1061793,1061793,137455.1,323695.0
2026-08-27T21:16:33+00:00,100,100,135,6516,10000000,10000000,277337.9,1107503.2
2026-08-27T22:25:48+00:00,100,100,113,9564,5000000,5000000,79899.0,507806.6
2026-08-27T23:00:43+00:00,100,100,115,19455,1000000,1000000,166615.8,341952.7
2026-08-28T00:18:15+00:00,100,100,120,5612,1000000,1000000,67200.0,186684.3
2026-08-28T01:35:23+00:00,100,100,130,1980,16000000,16000000,242134.0,1670408.5
2026-08-28T02:34:45+00:00,100,100,127,4453,10000001,10000001,205524.6,1042308.7
2026-08-28T04:05:44+00:00,100,100,124,7472,10000000,10000000,250390.9,1410440.5
2026-08-28T05:00:53+00:00,100,100,115,3368,1000000,1000000,87527.3,259260.3
2026-08-28T06:01:02+00:00,100,100,129,4677,12000000,12000000,501316.1,1740652.7
2026-08-28T07:00:16+00:00,100,100,135,3470,1000000,1000000,22146.8,101081.0
2026-08-28T08:00:32+00:00,100,100,137,5775,3000000,3000000,101306.4,380720.3
2026-08-28T09:08:57+00:00,100,100,132,3329,1000000,1000000,78162.2,222981.2
2026-08-28T10:13:57+00:00,100,100,131,2836,1500000,1500000,57560.5,235839.2
2026-08-28T11:25:02+00:00,100,100,140,2731,1000000,1000000,32390.9,108880.2
2026-08-28T12:01:02+00:00,100,100,130,5540,2500000,2500000,167172.8,375038.3
2026-08-28T13:00:13+00:00,100,100,137,5000,1114300,1114300,173064.9,368889.5
2026-08-28T14:00:29+00:00,100,100,137,6000,8000000,8000000,287835.0,998608.1
2026-08-28T17:12:45+00:00,100,100,122,4971,217349,217349,27152.7,48085.8
2026-08-28T18:01:04+00:00,100,100,156,16876,1013000,1013000,94012.1,213046.7
2026-08-28T19:07:40+00:00,100,100,148,5000,1000000,1000000,59657.4,161051.7
2026-08-28T20:37:39+00:00,100,100,116,10000,5000000,5000000,111099.7,535392.2
2026-08-28T21:09:40+00:00,100,100,132,8229,1500000,1500000,65818.2,224442.0
2026-08-28T22:29:39+00:00,100,100,115,4799,1040000,1040000,131595.7,309460.2
2026-08-29T00:15:43+00:00,100,100,144,1845,510061,510061,20161.9,55605.3
2026-08-29T09:00:06+00:00,100,100,119,4584,1000000,1000000,38074.0,170486.3
2026-08-29T10:00:21+00:00,100,100,155,3917,4000000,4000000,106912.3,456129.1
