ts,old_route,new_route,old_out,new_out,old_context,new_context
2026-08-10 00:43:49 UTC,"HumidiFi","Whirlpool->AlphaQ",76324195,76288865,438301438,438301476
2026-08-10 00:44:59 UTC,"PancakeSwap","Scorch->AlphaQ",76272586,76299012,438301533,438301650
2026-08-10 02:00:38 UTC,"BisonFi","Whirlpool->AlphaQ",76532715,76808407,438303832,438312382
2026-08-10 04:00:09 UTC,"Scorch->Aquifer","Quantum",76728457,76577771,438320926,438329380
2026-08-10 06:00:30 UTC,"Flux","Scorch->Deriverse",76532460,76850560,438337914,438346474
2026-08-10 08:00:52 UTC,"Scorch->SolFi V2","HumidiFi->Manifest",76932069,76949046,438354978,438363527
2026-08-10 10:00:07 UTC,"Scorch->JupLend AMM","ZeroFi",76877950,76511961,438372045,438380474
2026-08-10 12:00:26 UTC,"Aquifer","Aquifer->ZeroFi",76774747,76990290,438389055,438397602
2026-08-10 14:00:44 UTC,"ZeroFi","SolFi V2",76563053,76335314,438406140,438414658
2026-08-10 16:00:33 UTC,"BisonFi","BisonFi",76155274,75826402,438423190,438431683
2026-08-10 18:00:12 UTC,"ZeroFi","Quantum",75644566,75915243,438440235,438448658
2026-08-10 20:00:31 UTC,"HumidiFi->AlphaQ","Quantum",75774387,76154827,438457201,438465763
2026-08-10 23:00:05 UTC,"Scorch","Quantum",76281200,76157651,438482846,438491304
2026-08-11 01:00:27 UTC,"Scorch->JupLend AMM","Flux",75913671,75798903,438499879,438508464
2026-08-11 03:00:59 UTC,"HumidiFi","BisonFi",76036868,75994965,438517053,438525572
2026-08-11 05:00:37 UTC,"HumidiFi->Manifest","Quantum",76008249,76011719,438534063,438542613
2026-08-11 07:01:02 UTC,"Aquifer","HumidiFi",75747618,75784303,438551204,438559697
2026-08-11 09:00:18 UTC,"HumidiFi","HumidiFi",75647780,75877483,438568147,438576715
2026-08-11 11:00:34 UTC,"HumidiFi->Deriverse","Aquifer->Deriverse",75817869,75922849,438585290,438593878
2026-08-11 13:01:08 UTC,"Flux->Deriverse","BisonFi",76178255,75812266,438602486,438611039
2026-08-11 15:00:15 UTC,"Aquifer","BisonFi",75939850,75179812,438619427,438627982
2026-08-11 17:00:36 UTC,"Aquifer","BisonFi",74757536,74937742,438636539,438645121
2026-08-11 19:00:57 UTC,"Quantum","TesseraV",75140091,75191568,438653667,438662219
2026-08-11 22:00:30 UTC,"Quantum","SolFi V2",75632183,76462988,438670666,438687825
2026-08-12 00:00:52 UTC,"Quantum","Quantum",76285315,76210529,438696449,438705045
2026-08-12 02:00:14 UTC,"Quantum","HumidiFi->AlphaQ",76339126,76393470,438713608,438722048
2026-08-12 04:00:31 UTC,"HumidiFi->Byreal","PancakeSwap",76395099,76334337,438730604,438739183
2026-08-12 06:00:52 UTC,"BisonFi","Quantum",76235722,76268048,438747832,438756434
2026-08-12 08:00:13 UTC,"Quantum","Quantum",75980808,76184483,438765007,438773458
2026-08-12 10:00:31 UTC,"Quantum","BisonFi->Manifest",76107291,76741432,438782016,438790669
2026-08-12 12:00:51 UTC,"Flux->AlphaQ","Aquifer",76766703,76866621,438799271,438807848
2026-08-12 14:00:13 UTC,"Quantum","Quantum",76510997,76156242,438816445,438824899
2026-08-12 16:00:35 UTC,"Aquifer->SolFi V2","Aquifer",75397265,75700616,438833497,438842078
2026-08-12 18:01:00 UTC,"HumidiFi->Byreal","Quantum",75667034,75876380,438850673,438859266
2026-08-12 20:00:18 UTC,"Aquifer","Aquifer",75827805,75696259,438867689,438876303
2026-08-12 23:00:52 UTC,"Aquifer","Quantum",75414770,75468146,438893503,438902147
2026-08-13 01:00:14 UTC,"Flux","Aquifer",75559184,75520261,438910797,438919308
2026-08-13 03:00:36 UTC,"Aquifer->SolFi V2","Scorch->Manifest",75571800,75906505,438927928,438936563
2026-08-13 06:00:11 UTC,"ZeroFi","HumidiFi",76032598,76465832,438953865,438962345
2026-08-13 08:00:35 UTC,"SolFi V2","Aquifer->AlphaQ",76432466,76401963,438970971,438979649
2026-08-13 12:16:46 UTC,"ZeroFi","HumidiFi->Deriverse",76150682,75767935,438988274,439016549
2026-08-13 14:00:05 UTC,"HumidiFi->Manifest","HumidiFi->SolFi V2",76076684,76130840,439022903,439031405
2026-08-13 16:00:25 UTC,"Aquifer->JupLend AMM","SolFi V2",76393387,75602906,439040060,439048718
2026-08-13 18:00:50 UTC,"BisonFi","Quantum",75532289,75689495,439057367,439066022
2026-08-13 22:00:33 UTC,"HumidiFi->Deriverse","Scorch->SolFi V2",75982705,76168943,439074695,439100520
2026-08-14 00:00:56 UTC,"HumidiFi","Aquifer",76163526,76235592,439109199,439117859
2026-08-14 02:00:22 UTC,"Flux","HumidiFi",75998084,76042248,439126389,439135051
2026-08-14 04:00:08 UTC,"Raydium CLMM","ZeroFi",75924287,75685804,439143715,439152364
2026-08-14 06:00:28 UTC,"Flux->Deriverse","Quantum",75760685,75821893,439161069,439169767
2026-08-14 08:00:51 UTC,"BisonFi","HumidiFi",75438416,75524623,439178457,439187180
2026-08-14 10:00:10 UTC,"HumidiFi->Aquifer","Quantum",75773675,75394155,439195916,439204472
2026-08-14 12:00:28 UTC,"Quantum","BisonFi",75335346,75477789,439213157,439221853
2026-08-14 14:00:43 UTC,"HumidiFi->Deriverse","GoonFi V2->Manifest",75387897,75304096,439230525,439239212
2026-08-14 16:00:05 UTC,"Flux","PancakeSwap",75218814,75576999,439247875,439256428
2026-08-14 18:00:27 UTC,"TesseraV","HumidiFi",75417943,75187922,439265102,439273777
2026-08-14 20:00:49 UTC,"Quantum","TesseraV",74790753,74929937,439282479,439291184
2026-08-14 23:00:22 UTC,"Deriverse","Aquifer->AlphaQ",75097152,75119594,439308411,439317084
2026-08-15 01:00:46 UTC,"HumidiFi->Manifest->AlphaQ","BisonFi",75351443,75307675,439325763,439334459
2026-08-15 03:01:03 UTC,"Flux","Aquifer",75351206,75584333,439343148,439351848
2026-08-15 05:00:40 UTC,"Flux","BisonFi",75371320,75476405,439360389,439369061
2026-08-15 08:00:56 UTC,"HumidiFi->AlphaQ","HumidiFi",75351518,75182625,439386433,439395094
2026-08-15 10:00:19 UTC,"Flux","BisonFi",75030243,75195148,439403646,439412341
2026-08-15 12:00:41 UTC,"HumidiFi","Quantum",75210486,75169643,439421022,439429738
2026-08-15 14:01:03 UTC,"BisonFi","BisonFi",75343226,75497094,439438422,439447108
2026-08-15 16:00:21 UTC,"Meteora DAMM v2","Quantum",75373476,75455459,439455656,439464326
2026-08-15 18:00:42 UTC,"BisonFi","Quantum",75420353,75607992,439472997,439481685
2026-08-15 20:01:02 UTC,"HumidiFi","GoonFi V2",75466132,75491335,439490363,439499024
2026-08-15 23:00:35 UTC,"HumidiFi","Aquifer->Deriverse",75558170,75497774,439516199,439524888
2026-08-16 01:00:58 UTC,"Aquifer","HumidiFi",75266057,75376934,439533555,439542246
2026-08-16 03:00:13 UTC,"ZeroFi","HumidiFi",75354549,75522530,439550812,439559479
2026-08-16 05:00:28 UTC,"Quantum","Aquifer",75508263,75366947,439568176,439576840
2026-08-16 07:00:51 UTC,"HumidiFi","HumidiFi",75286453,75344233,439585508,439594188
2026-08-16 09:00:11 UTC,"Aquifer->ZeroFi->AlphaQ","SolFi V2",75383029,75395206,439602880,439611403
2026-08-16 11:00:29 UTC,"HumidiFi->AlphaQ","Quantum",75233692,75197748,439620060,439628771
2026-08-16 13:00:49 UTC,"Scorch","BisonFi",75212100,75179642,439637444,439646133
2026-08-16 15:01:03 UTC,"Whirlpool","Aquifer->AlphaQ",75228198,75335261,439654785,439663465
2026-08-16 18:00:37 UTC,"Quantum","HumidiFi->Manifest",75483430,75201130,439680677,439689350
2026-08-16 20:00:59 UTC,"Quantum","HumidiFi",75116859,75154132,439698064,439706767
2026-08-16 23:00:33 UTC,"Scorch->Deriverse","Aquifer->Byreal",74234288,74455789,439724005,439732694
2026-08-17 01:00:57 UTC,"HumidiFi->Byreal","BisonFi",74548202,74631241,439741416,439750116
2026-08-17 04:00:18 UTC,"HumidiFi->AlphaQ","HumidiFi",75056336,75465699,439758666,439776083
2026-08-17 07:00:53 UTC,"HumidiFi","HumidiFi->AlphaQ",75360513,75835303,439793491,439802222
2026-08-17 09:00:14 UTC,"HumidiFi","Quantum->SolFi V2",75692800,75175062,439810960,439819480
2026-08-17 11:00:55 UTC,"BisonFi","HumidiFi",75276290,75694699,439828185,439836873
2026-08-17 13:00:59 UTC,"Meteora DLMM","Quantum",75601153,75359946,439845606,439854335
2026-08-17 15:00:25 UTC,"HumidiFi","Flux",75565404,75877837,439862931,439871654
2026-08-17 17:00:46 UTC,"HumidiFi","BisonFi",76027999,75931186,439880294,439888812
2026-08-17 19:00:09 UTC,"ZeroFi","Aquifer",75842992,75844272,439897472,439905991
2026-08-17 22:00:44 UTC,"TesseraV","Quantum",75741545,75936124,439914676,439932093
2026-08-18 00:00:07 UTC,"Quantum","Quantum->AlphaQ",75694751,75970930,439940803,439949378
2026-08-18 02:00:36 UTC,"Quantum","Quantum",75974286,75529678,439958068,439966804
2026-08-18 04:00:45 UTC,"Flux","Quantum->Manifest",75242078,75425137,439975536,439984182
2026-08-18 06:00:06 UTC,"HumidiFi","PancakeSwap",75742776,75651402,439992893,440001442
2026-08-18 08:00:29 UTC,"Aquifer","Aquifer",75971611,75985959,440010156,440018874
2026-08-18 10:00:47 UTC,"Quantum","ZeroFi",76091280,75881575,440027615,440036311
2026-08-18 12:00:26 UTC,"HumidiFi->Manifest","BisonFi",75784245,76283205,440044992,440053550
2026-08-18 14:00:33 UTC,"GoonFi V2->Deriverse","HumidiFi->Deriverse",76136012,76135300,440062222,440070890
2026-08-18 16:00:56 UTC,"HumidiFi","GoonFi V2->GoonFi V2",76818746,77239735,440079586,440088277
2026-08-18 18:00:19 UTC,"SolFi V2","GoonFi V2",77041234,76868247,440096816,440105486
2026-08-18 20:00:43 UTC,"HumidiFi->SolFi V2","Quantum->SolFi V2",77211109,77118371,440114159,440122836
2026-08-18 23:00:17 UTC,"Quantum","GoonFi V2->SolFi V2",76933528,76920456,440140084,440148788
2026-08-19 02:00:50 UTC,"GoonFi V2->Deriverse","PancakeSwap",76879319,76742791,440166142,440174771
2026-08-19 05:00:56 UTC,"BisonFi","HumidiFi",76946432,76810500,440192076,440200781
2026-08-19 07:00:24 UTC,"HumidiFi","HumidiFi",76785681,77008008,440209342,440218039
2026-08-19 09:00:42 UTC,"TesseraV","GoonFi V2->JupLend AMM",76906940,77366484,440226724,440235402
2026-08-19 11:01:05 UTC,"Raydium","Quantum->Manifest",77263527,77348278,440244097,440252780
2026-08-19 13:00:25 UTC,"TesseraV","GoonFi V2",77497306,78287237,440261365,440270031
2026-08-19 15:00:47 UTC,"HumidiFi","GoonFi V2",78356047,80932055,440278655,440287337
2026-08-19 17:00:05 UTC,"DefiTuna","Aquifer",81784021,81574068,440295944,440304453
2026-08-19 19:00:27 UTC,"BisonFi","HumidiFi->GoonFi V2",81640650,82149145,440313112,440321803
2026-08-19 22:01:02 UTC,"Quantum","Archer",82376819,86486000,440330493,440347783
2026-08-20 00:00:26 UTC,"Quantum","Quantum",85467791,85415864,440356273,440364937
2026-08-20 02:00:46 UTC,"BisonFi->Manifest","HumidiFi",85021760,85282453,440373650,440382299
2026-08-20 05:00:38 UTC,"BisonFi","HumidiFi->AlphaQ",84416901,84779322,440399604,440408295
2026-08-20 07:01:00 UTC,"SolFi V2","TesseraV",84869548,85763941,440416994,440425670
2026-08-20 09:00:19 UTC,"HumidiFi->Manifest->JupLend AMM","Aquifer",86099647,87492767,440434237,440442899
2026-08-20 12:00:13 UTC,"BisonFi","HumidiFi",87213570,87192688,440460339,440468925
2026-08-20 14:00:32 UTC,"BisonFi","HumidiFi",87001231,86481995,440477626,440486261
2026-08-20 16:00:48 UTC,"BisonFi","Quantum",86569772,87228434,440494931,440503574
2026-08-20 18:00:10 UTC,"SolFi V2","Quantum",87582976,87566060,440512244,440520760
2026-08-20 20:00:33 UTC,"Quantum","HumidiFi->Byreal",86866064,87267981,440529437,440538143
2026-08-20 23:00:07 UTC,"Aquifer","Scorch->Aquifer",87481243,87222266,440555534,440564074
2026-08-21 01:00:31 UTC,"Scorch->SolFi V2","HumidiFi",87691508,88174932,440572787,440581470
2026-08-21 03:00:50 UTC,"ZeroFi","HumidiFi",88853131,89182878,440590162,440598847
2026-08-21 05:00:35 UTC,"HumidiFi","SolFi V2",89179999,89378173,440607410,440616099
2026-08-21 07:00:58 UTC,"Quantum","Quantum",90360737,90187244,440624781,440633486
2026-08-21 09:00:17 UTC,"Scorch->GoonFi V2","BisonFi",90334161,93200504,440642328,440652175
2026-08-21 11:00:54 UTC,"HumidiFi","Raydium CLMM",91605967,91347137,440662031,440671845
2026-08-21 13:00:50 UTC,"Quantum","Scorch->AlphaQ",90231888,90752736,440681695,440691542
2026-08-21 15:00:18 UTC,"Raydium CLMM->Deriverse","Quantum",90967558,91863223,440701396,440711076
2026-08-21 17:00:34 UTC,"HumidiFi","HumidiFi",91366080,91576853,440720933,440730804
2026-08-21 19:00:58 UTC,"Scorch->Deriverse","Quantum",91790077,91468108,440740652,440750531
2026-08-21 22:00:31 UTC,"SolFi V2","Scorch->JupLend AMM",90921061,93698962,440760228,440779926
2026-08-22 00:00:54 UTC,"ZeroFi","Scorch->JupLend AMM",94225806,93570906,440789795,440799679
2026-08-22 02:00:17 UTC,"BisonFi","Flux",93847592,93814977,440809363,440819224
2026-08-22 04:00:14 UTC,"Flux->GoonFi V2","BisonFi",95590605,96876865,440829063,440838847
2026-08-22 06:00:40 UTC,"BisonFi","Flux",99315475,94291706,440848651,440858481
2026-08-22 08:00:58 UTC,"Scorch->SolFi V2","Raydium CLMM",94297067,94426355,440868293,440878169
2026-08-22 10:00:18 UTC,"GoonFi V2","Quantum",94072952,93893103,440887837,440897699
2026-08-22 12:00:34 UTC,"PancakeSwap","Scorch->SolFi V2",92944516,93202380,440907539,440917415
2026-08-22 14:01:01 UTC,"Aquifer","Aquifer",93867290,94223377,440927270,440937094
2026-08-22 16:00:16 UTC,"BisonFi->JupLend AMM","ZeroFi",93236793,93099993,440946781,440956630
2026-08-22 18:00:42 UTC,"ZeroFi","Scorch->Aquifer",94363664,94232033,440966453,440976291
2026-08-22 20:00:06 UTC,"Aquifer","Scorch->JupLend AMM",94484221,94509893,440986084,440995752
2026-08-22 23:00:42 UTC,"PancakeSwap->Aquifer->Manifest","BisonFi",93061286,93530337,441015379,441025221
2026-08-23 01:00:06 UTC,"BisonFi","BisonFi->GoonFi V2",93949573,96362440,441035018,441044715
2026-08-23 03:00:30 UTC,"PancakeSwap","Aquifer->ZeroFi",95915622,94933942,441054586,441064374
2026-08-23 05:00:16 UTC,"ZeroFi","BisonFi",93691935,92713457,441074147,441084025
2026-08-23 07:00:39 UTC,"Raydium CLMM->Aquifer","Aquifer",92288003,92175162,441093926,441103817
2026-08-23 09:01:01 UTC,"Scorch->Deriverse","Scorch->GoonFi V2",92412997,93161264,441113689,441123589
2026-08-23 11:00:33 UTC,"Scorch->JupLend AMM","Quantum",93288227,93665525,441133354,441143213
2026-08-23 13:00:52 UTC,"PancakeSwap","Flux",94585773,94586818,441153104,441162984
2026-08-23 16:00:23 UTC,"Meteora DLMM","PancakeSwap",95398656,95397234,441172859,441192433
2026-08-23 18:00:49 UTC,"BisonFi","BisonFi",95437681,95115661,441202336,441212214
2026-08-23 20:00:14 UTC,"BisonFi","Raydium",95368719,95023737,441222129,441231843
2026-08-23 23:00:51 UTC,"Quantum->GoonFi V2","BisonFi",95625819,95582582,441251578,441261461
2026-08-24 01:00:18 UTC,"Scorch->SolFi V2","Scorch->Deriverse",95433835,95468031,441271187,441281072
2026-08-24 03:00:42 UTC,"Scorch","Flux",93947600,94608891,441290997,441300867
2026-08-24 05:00:15 UTC,"BisonFi","Scorch",93774624,94185600,441310609,441320522
2026-08-24 11:40:24 UTC,"Quantum","BisonFi",94364505,95852111,441332953,441386360
2026-08-24 13:00:53 UTC,"Scorch->Deriverse","BisonFi",95319297,96196654,441391822,441399619
2026-08-24 17:02:54 UTC,"Quantum","ZeroFi",96650146,95405895,441429248,441439300
2026-08-24 21:16:38 UTC,"BisonFi","ZeroFi",95912017,96783741,441460520,441480812
2026-08-24 23:17:25 UTC,"PancakeSwap","Quantum",97566774,97579917,441490917,441500601
2026-08-25 03:00:47 UTC,"ZeroFi","Aquifer",99259103,101129768,441508814,441537181
2026-08-25 06:15:36 UTC,"BisonFi","Raydium CLMM->Perena->AlphaQ",101498423,101688137,441547543,441569163
2026-08-25 08:01:02 UTC,"Scorch","Quantum",100925200,100239029,441576585,441586493
2026-08-25 10:00:30 UTC,"Quantum","BisonFi->Manifest",100357704,99822962,441596213,441606129
2026-08-25 12:01:02 UTC,"Quantum","Quantum",99610998,98633781,441616037,441625960
2026-08-25 14:00:29 UTC,"Quantum","BisonFi",98557928,97134361,441635692,441645511
2026-08-25 16:04:10 UTC,"Flux->Deriverse","BisonFi",98068190,98479896,441655382,441665766
2026-08-25 18:13:49 UTC,"BisonFi->Manifest->AlphaQ","Scorch->GoonFi V2",97509272,98466122,441676359,441686963
2026-08-25 21:10:13 UTC,"Quantum","Whirlpool->Manifest->AlphaQ",97973244,96066036,441707655,441715920
2026-08-26 01:16:26 UTC,"BisonFi","Quantum",97211852,96954753,441735237,441756365
2026-08-26 04:00:35 UTC,"ZeroFi","Flux",97201359,96979626,441773398,441783331
2026-08-26 06:01:07 UTC,"BisonFi","Quantum",96616534,97128064,441793261,441803164
2026-08-26 08:00:33 UTC,"Quantum","BisonFi",96784317,96955620,441812942,441822876
2026-08-26 10:00:56 UTC,"Kipseli","Aquifer",96856571,96141987,441832774,441842684
2026-08-26 12:00:21 UTC,"ZeroFi","BisonFi",97486625,97065911,441852410,441862270
2026-08-26 14:00:49 UTC,"BisonFi","Aquifer->Byreal",97040246,96469701,441872162,441882037
2026-08-26 16:23:40 UTC,"Quantum","Whirlpool->AlphaQ",95530730,95732521,441891845,441905414
2026-08-26 18:07:49 UTC,"Flux->SolFi V2","BisonFi",96944147,96831070,441916040,441922514
2026-08-26 20:01:26 UTC,"BisonFi","BisonFi",96586314,96670295,441933034,441941131
2026-08-26 23:16:07 UTC,"Deriverse","BisonFi",97458263,99581137,441952912,441970399
2026-08-27 01:08:05 UTC,"Aquifer","Kipseli",101128343,100667715,441982213,441991322
2026-08-27 03:09:50 UTC,"ZeroFi","Quantum",101818503,101145473,442001354,442011273
2026-08-27 05:40:26 UTC,"Quantum","GoonFi V2",101252052,101298152,442021322,442036038
2026-08-27 07:00:50 UTC,"Whirlpool->AlphaQ","Aquifer->Manifest->AlphaQ",101355819,101223595,442041471,442049294
2026-08-27 09:31:55 UTC,"BisonFi","BisonFi",102989678,105317445,442061536,442074105
2026-08-27 11:01:51 UTC,"Kipseli","BisonFi",104465522,104125736,442078967,442088912
2026-08-27 13:03:53 UTC,"GoonFi V2","Quantum",104250998,104504468,442098975,442108967
2026-08-27 15:02:07 UTC,"Flux->JupLend AMM","Quantum",106603071,107255735,442118880,442128356
2026-08-27 17:00:44 UTC,"Kipseli","PancakeSwap",107003325,109068188,442139001,442147767
2026-08-27 20:11:01 UTC,"Raydium CLMM","Quantum",109029369,109018378,442169629,442178821
2026-08-27 22:25:52 UTC,"Quantum","BisonFi->Byreal",108852585,109420387,442189455,442200861
2026-08-28 00:18:13 UTC,"Aquifer","Flux->Deriverse",109167805,109588996,442206567,442219293
2026-08-28 02:34:48 UTC,"Quantum","Quantum",109165502,107085886,442229176,442241672
2026-08-28 05:00:55 UTC,"BisonFi","GoonFi V2",106969732,106729116,442256606,442265669
2026-08-28 07:00:19 UTC,"Scorch","Kipseli",107323200,107501410,442275577,442285291
2026-08-28 09:08:58 UTC,"Quantum","Quantum",106506574,106296628,442295171,442306404
2026-08-28 12:01:03 UTC,"BisonFi->Aquifer","BisonFi",105259832,105744104,442317065,442334656
2026-08-28 14:00:27 UTC,"Whirlpool->ZeroFi->Manifest","Flux->Manifest",104843691,105824350,442344348,442354213
2026-08-28 17:12:47 UTC,"Quantum","BisonFi",105565309,104958315,442365779,442388114
2026-08-28 20:37:42 UTC,"BisonFi","ZeroFi",103160273,103632836,442409660,442426628
2026-08-28 22:29:41 UTC,"Scorch->Manifest","BisonFi",103783107,103907149,442432667,442447792
2026-08-29 00:15:45 UTC,"Aquifer->Manifest->AlphaQ","BisonFi->AlphaQ",104240995,104336270,442455777,442467885
2026-08-29 10:00:23 UTC,"Quantum","Quantum",103491503,103291188,442567192,442578583
