ts,sig,labels,out_amount,context_slot,slot_lag,time_taken,drift,route_flip
2026-08-10 00:44:59 UTC,9000e4cfe7a7,"Scorch->AlphaQ",76299012,438301650,0,0.001749048,0,0
2026-08-10 01:00:21 UTC,36d1f79dff56,"BisonFi",76532715,438303832,0,0.00112895,0,0
2026-08-10 02:00:38 UTC,0d8f3ac7a9bd,"Whirlpool->AlphaQ",76808407,438312382,0,0.001499341,0,0
2026-08-10 03:00:46 UTC,bded8526a1b0,"Scorch->Aquifer",76728457,438320926,0,0.001817649,0,0
2026-08-10 04:00:09 UTC,f78f78b7a271,"Quantum",76577771,438329380,0,0.001432602,0,0
2026-08-10 05:00:19 UTC,186bfaec4473,"Flux",76532460,438337914,0,0.001973186,0,0
2026-08-10 06:00:30 UTC,ce0b2ada5e8c,"Scorch->Deriverse",76850560,438346474,0,0.001973639,0,0
2026-08-10 07:00:41 UTC,6edc8586aa3b,"Scorch->SolFi V2",76932069,438354978,0,0.001410991,0,0
2026-08-10 08:00:52 UTC,fc93caa91112,"HumidiFi->Manifest",76949046,438363527,0,0.001006407,0,0
2026-08-10 09:01:00 UTC,065ea4f43516,"Scorch->JupLend AMM",76877950,438372045,0,0.001528408,0,0
2026-08-10 10:00:07 UTC,8b6717eb47e3,"ZeroFi",76511961,438380474,0,0.001195241,0,0
2026-08-10 11:00:16 UTC,f275d7b4df87,"Aquifer",76774747,438389055,0,0.001483327,0,0
2026-08-10 12:00:26 UTC,e765eb8bfd6e,"Aquifer->ZeroFi",76990290,438397602,0,0.001141785,0,0
2026-08-10 13:00:36 UTC,644cdf17b695,"ZeroFi",76563053,438406140,0,0.001526993,0,0
2026-08-10 14:00:44 UTC,10130bf6d56b,"SolFi V2",76335314,438414658,0,0.001288655,0,0
2026-08-10 15:00:51 UTC,e3e59a54af30,"BisonFi",76155274,438423190,0,0.001840205,0,0
2026-08-10 16:00:33 UTC,ff8ebf3120a2,"BisonFi",75826402,438431683,0,0.001456647,0,1
2026-08-10 17:01:01 UTC,0678196deafc,"ZeroFi",75644566,438440235,0,0.001645565,0,0
2026-08-10 18:00:12 UTC,0c67b08de4e6,"Quantum",75915243,438448658,0,0.001602402,0,0
2026-08-10 19:00:22 UTC,ddce19e3a930,"HumidiFi->AlphaQ",75774387,438457201,0,0.001268869,0,0
2026-08-10 20:00:31 UTC,376a0cdc52a2,"Quantum",76154827,438465763,0,0.001462631,0,0
2026-08-10 22:00:56 UTC,316912c25069,"Scorch",76281200,438482846,0,0.001547738,0,0
2026-08-10 23:00:05 UTC,cdac6f0fd405,"Quantum",76157651,438491304,0,0.001356241,0,0
2026-08-11 00:00:17 UTC,080b97a57b49,"Scorch->JupLend AMM",75913671,438499879,0,0.001875835,0,0
2026-08-11 01:00:27 UTC,6ce5153f923e,"Flux",75798903,438508464,0,0.001375747,0,0
2026-08-11 02:00:51 UTC,c04d268a505a,"HumidiFi",76036868,438517053,0,0.001432589,0,0
2026-08-11 03:00:59 UTC,322cdd36b9c0,"BisonFi",75994965,438525572,0,0.001518735,0,0
2026-08-11 04:00:28 UTC,3af0db0a874e,"HumidiFi->Manifest",76008249,438534063,0,0.001715794,0,0
2026-08-11 05:00:37 UTC,8673bdf26aed,"Quantum",76011719,438542613,0,0.001750556,0,0
2026-08-11 06:00:47 UTC,088ec3604a5b,"Aquifer",75747618,438551204,0,0.001571314,0,0
2026-08-11 07:01:02 UTC,e66df76b2c7f,"HumidiFi",75784303,438559697,0,0.001208315,0,0
2026-08-11 08:00:11 UTC,2c8d5257c656,"HumidiFi",75647780,438568147,0,0.00174149,0,0
2026-08-11 09:00:18 UTC,4d78d0e15961,"HumidiFi",75877483,438576715,0,0.00131584,0,0
2026-08-11 10:00:27 UTC,f12f90484b0a,"HumidiFi->Deriverse",75817869,438585290,0,0.001052853,0,0
2026-08-11 11:00:34 UTC,7093ed054e4e,"Aquifer->Deriverse",75922849,438593878,0,0.001491289,0,1
2026-08-11 12:00:47 UTC,5c4f3c44df99,"Flux->Deriverse",76178255,438602486,0,0.001367477,0,1
2026-08-11 13:01:08 UTC,e3be101c47a8,"BisonFi",75812266,438611039,None,0.001255313,0,1
2026-08-11 14:00:10 UTC,807bfa3008fc,"Aquifer",75939850,438619427,0,0.001576957,0,1
2026-08-11 15:00:15 UTC,ae1aba9b8342,"BisonFi",75179812,438627982,0,0.001339546,0,0
2026-08-11 16:00:25 UTC,cf286f3f6369,"Aquifer",74757536,438636539,0,0.001842378,0,0
2026-08-11 17:00:36 UTC,756ee8c5112f,"BisonFi",74937742,438645121,0,0.001559158,0,0
2026-08-11 18:00:47 UTC,4f10bd3e02b4,"Quantum",75140091,438653667,0,0.001388855,0,0
2026-08-11 19:00:57 UTC,9cb30841e338,"TesseraV",75191568,438662219,0,0.001437052,0,0
2026-08-11 20:00:08 UTC,af595a2cc853,"Quantum",75632183,438670666,0,0.001237609,0,0
2026-08-11 22:00:30 UTC,b8e2a4661c7c,"SolFi V2",76462988,438687825,0,0.001447126,0,0
2026-08-11 23:00:40 UTC,73aad2e34ac0,"Quantum",76285315,438696449,0,0.001574993,0,0
2026-08-12 00:00:52 UTC,ceabaa02f19c,"Quantum",76210529,438705045,0,0.001473996,0,0
2026-08-12 01:01:02 UTC,ea8c6c3facea,"Quantum",76339126,438713608,0,0.001462144,0,0
2026-08-12 02:00:14 UTC,d397ecfceb24,"HumidiFi->AlphaQ",76393470,438722048,0,0.001821791,0,0
2026-08-12 03:00:19 UTC,cb882690871f,"HumidiFi->Byreal",76395099,438730604,0,0.001222247,0,0
2026-08-12 04:00:31 UTC,4a992cd1f90a,"PancakeSwap",76334337,438739183,0,0.001366011,0,0
2026-08-12 05:00:42 UTC,f9da2c698141,"BisonFi",76235722,438747832,0,0.001316376,0,0
2026-08-12 06:00:52 UTC,3baf17bed772,"Quantum",76268048,438756434,0,0.001103859,0,0
2026-08-12 07:01:03 UTC,256204503953,"Quantum",75980808,438765007,0,0.001456422,0,0
2026-08-12 08:00:13 UTC,544ffa731dd0,"Quantum",76184483,438773458,0,0.001745524,0,0
2026-08-12 09:00:22 UTC,6d328d20d631,"Quantum",76107291,438782016,0,0.001503206,0,0
2026-08-12 10:00:31 UTC,7ad051642890,"BisonFi->Manifest",76741432,438790669,0,0.001369939,0,0
2026-08-12 11:00:43 UTC,35102e8a8fb4,"Flux->AlphaQ",76766703,438799271,0,0.002030238,0,0
2026-08-12 12:00:51 UTC,472af45197b0,"Aquifer",76866621,438807848,0,0.002039626,0,0
2026-08-12 13:01:03 UTC,badafecdaed6,"Quantum",76510997,438816445,0,0.002057974,0,0
2026-08-12 14:00:13 UTC,7747b194753c,"Quantum",76156242,438824899,0,0.001094289,0,0
2026-08-12 15:00:24 UTC,1c52e659ffac,"Aquifer->SolFi V2",75397265,438833497,0,0.001479333,0,0
2026-08-12 16:00:35 UTC,488be1e473b5,"Aquifer",75700616,438842078,0,0.001561207,0,0
2026-08-12 17:00:49 UTC,bc4bdde5ce7b,"HumidiFi->Byreal",75667034,438850673,0,0.001043178,0,0
2026-08-12 18:01:00 UTC,f2deb0dd7ded,"Quantum",75876380,438859266,0,0.001588773,0,0
2026-08-12 19:00:07 UTC,b14c9acc21a1,"Aquifer",75827805,438867689,0,0.001757537,0,0
2026-08-12 20:00:18 UTC,202c169bf285,"Aquifer",75696259,438876303,0,0.002239852,0,0
2026-08-12 22:00:41 UTC,48e387092786,"Aquifer",75414770,438893503,0,0.001585886,0,0
2026-08-12 23:00:52 UTC,b79f81af7220,"Quantum",75468146,438902147,0,0.00202653,0,0
2026-08-13 00:01:03 UTC,66cffcabec3c,"Flux",75559184,438910797,0,0.001442754,0,0
2026-08-13 01:00:14 UTC,9ffdb8b3fc83,"Aquifer",75520261,438919308,0,0.002250904,0,0
2026-08-13 02:00:25 UTC,0b203c29d2df,"Aquifer->SolFi V2",75571800,438927928,0,0.001504483,0,0
2026-08-13 03:00:36 UTC,8398ef4f6f7f,"Scorch->Manifest",75906505,438936563,0,0.001672112,0,0
2026-08-13 05:01:00 UTC,d3e2f5ad0fd2,"ZeroFi",76032598,438953865,0,0.001185857,0,0
2026-08-13 06:00:11 UTC,0624556e5efb,"HumidiFi",76465832,438962345,0,0.001381236,0,0
2026-08-13 07:00:24 UTC,d869965b8929,"SolFi V2",76432466,438970971,0,0.001631212,0,0
2026-08-13 08:00:35 UTC,c1440ca3582f,"Aquifer->AlphaQ",76401963,438979649,0,0.001534686,0,0
2026-08-13 09:00:41 UTC,118beafe24a5,"ZeroFi",76150682,438988274,0,0.00126488,0,0
2026-08-13 12:16:46 UTC,811f5240e626,"HumidiFi->Deriverse",75767935,439016549,0,0.00119579,0,0
2026-08-13 13:00:53 UTC,261c601df975,"HumidiFi->Manifest",76076684,439022903,0,0.001737826,0,0
2026-08-13 14:00:05 UTC,c602bb591689,"HumidiFi->SolFi V2",76130840,439031405,0,0.001179868,0,0
2026-08-13 15:00:14 UTC,f306d85bd640,"Aquifer->JupLend AMM",76393387,439040060,0,0.001700211,0,0
2026-08-13 16:00:25 UTC,ab293aa44068,"SolFi V2",75602906,439048718,0,0.001352899,0,0
2026-08-13 17:00:39 UTC,7ddbecf3c7d0,"BisonFi",75532289,439057367,0,0.001393311,0,0
2026-08-13 18:00:50 UTC,3280b6984bc4,"Quantum",75689495,439066022,0,0.001235789,0,0
2026-08-13 19:00:59 UTC,90dfdeadee90,"HumidiFi->Deriverse",75982705,439074695,0,0.001122415,0,0
2026-08-13 22:00:33 UTC,c4a23134a052,"Scorch->SolFi V2",76168943,439100520,0,0.001547609,0,0
2026-08-13 23:00:44 UTC,ba06bac772de,"HumidiFi",76163526,439109199,0,0.001299571,0,0
2026-08-14 00:00:56 UTC,a7f3e62c3320,"Aquifer",76235592,439117859,0,0.001361139,0,0
2026-08-14 01:00:09 UTC,677a2aa4ef99,"Flux",75998084,439126389,0,0.001323126,0,0
2026-08-14 02:00:22 UTC,c799ee5d28a2,"HumidiFi",76042248,439135051,0,0.001750252,0,0
2026-08-14 03:00:31 UTC,7b7fea0bf2c6,"Raydium CLMM",75924287,439143715,0,0.001122464,0,0
2026-08-14 04:00:08 UTC,c75d7979209b,"ZeroFi",75685804,439152364,0,0.001324554,0,0
2026-08-14 05:00:17 UTC,e904c6d48aab,"Flux->Deriverse",75760685,439161069,0,0.001371889,0,0
2026-08-14 06:00:28 UTC,7702c15b4881,"Quantum",75821893,439169767,0,0.001135426,0,0
2026-08-14 07:00:40 UTC,80a64b62d5b0,"BisonFi",75438416,439178457,0,0.001391874,0,0
2026-08-14 08:00:51 UTC,f144c2ea323b,"HumidiFi",75524623,439187180,0,0.001465038,0,0
2026-08-14 09:01:03 UTC,ac322489039b,"HumidiFi->Aquifer",75773675,439195916,0,0.001569468,0,0
2026-08-14 10:00:10 UTC,82ef94381479,"Quantum",75394155,439204472,0,0.00167793,0,0
2026-08-14 11:00:18 UTC,268f52bee105,"Quantum",75335346,439213157,0,0.001798977,0,0
2026-08-14 12:00:28 UTC,42696ef934a2,"BisonFi",75477789,439221853,0,0.001682385,0,0
2026-08-14 13:00:36 UTC,71832f3a59da,"HumidiFi->Deriverse",75387897,439230525,0,0.001072815,0,0
2026-08-14 14:00:43 UTC,e3f18848ec64,"GoonFi V2->Manifest",75304096,439239212,0,0.001237481,0,1
2026-08-14 15:00:53 UTC,ec2cbc5dfd8c,"Flux",75218814,439247875,0,0.001414905,0,0
2026-08-14 16:00:05 UTC,8a9121091661,"PancakeSwap",75576999,439256428,0,0.001142549,0,0
2026-08-14 17:00:16 UTC,451b5a3e5fb0,"TesseraV",75417943,439265102,0,0.001397338,0,0
2026-08-14 18:00:27 UTC,ef197e94932d,"HumidiFi",75187922,439273777,0,0.001627096,0,0
2026-08-14 19:00:38 UTC,89d7c8b82f23,"Quantum",74790753,439282479,0,0.00139919,0,0
2026-08-14 20:00:49 UTC,1fb8f18909b4,"TesseraV",74929937,439291184,0,0.001367953,0,0
2026-08-14 22:00:12 UTC,4aeabcbcdca5,"Deriverse",75097152,439308411,0,0.001309842,0,0
2026-08-14 23:00:22 UTC,21244b26d360,"Aquifer->AlphaQ",75119594,439317084,0,0.001377055,0,0
2026-08-15 00:00:36 UTC,5d05019ac3c6,"HumidiFi->Manifest->AlphaQ",75351443,439325763,0,0.001244011,0,0
2026-08-15 01:00:46 UTC,6bd4c7300009,"BisonFi",75307675,439334459,0,0.001679433,0,0
2026-08-15 02:00:55 UTC,258855d2548a,"Flux",75351206,439343148,0,0.001645127,0,0
2026-08-15 03:01:03 UTC,ef63de884f29,"Aquifer",75584333,439351848,0,0.001501276,0,0
2026-08-15 04:00:11 UTC,6e45d22bd9c6,"Flux",75371320,439360389,0,0.001332662,0,0
2026-08-15 05:00:40 UTC,b1856c7398af,"BisonFi",75476405,439369061,None,0.001487348,0,1
2026-08-15 07:00:46 UTC,818c0ea847e6,"HumidiFi->AlphaQ",75351518,439386433,0,0.001686596,0,0
2026-08-15 08:00:56 UTC,253bf4f49ec5,"HumidiFi",75182625,439395094,0,0.001447807,0,0
2026-08-15 09:00:04 UTC,063ceedcb4a7,"Flux",75030243,439403646,0,0.001180883,0,0
2026-08-15 10:00:19 UTC,63e6c65e9c87,"BisonFi",75195148,439412341,0,0.001452839,0,0
2026-08-15 11:00:34 UTC,6e72d55a3c35,"HumidiFi",75210486,439421022,0,0.001169233,0,0
2026-08-15 12:00:41 UTC,845af1c73489,"Quantum",75169643,439429738,0,0.001496169,0,0
2026-08-15 13:00:48 UTC,3e8f0dd05bf0,"BisonFi",75343226,439438422,0,0.001549242,0,0
2026-08-15 14:01:03 UTC,433f36de6441,"BisonFi",75497094,439447108,0,0.001161773,0,1
2026-08-15 15:00:16 UTC,a6e2271455fb,"Meteora DAMM v2",75373476,439455656,None,0.001664646,0,1
2026-08-15 16:00:21 UTC,52279922c2d8,"Quantum",75455459,439464326,0,0.00159983,0,1
2026-08-15 17:00:35 UTC,c9ab153cd72d,"BisonFi",75420353,439472997,0,0.001232819,0,1
2026-08-15 18:00:42 UTC,3d57e846b0a2,"Quantum",75607992,439481685,0,0.001439625,0,1
2026-08-15 19:00:47 UTC,e1d875dc5dfd,"HumidiFi",75466132,439490363,0,0.001392315,0,1
2026-08-15 20:01:02 UTC,a9298fda6f46,"GoonFi V2",75491335,439499024,0,0.001800318,0,1
2026-08-15 22:00:23 UTC,3b64613dddeb,"HumidiFi",75558170,439516199,0,0.001604875,0,1
2026-08-15 23:00:35 UTC,82f733bbfc2a,"Aquifer->Deriverse",75497774,439524888,0,0.001220692,0,1
2026-08-16 00:00:46 UTC,eeac3deee0dc,"Aquifer",75266057,439533555,0,0.001629637,0,1
2026-08-16 01:00:58 UTC,f9a3d770f313,"HumidiFi",75376934,439542246,0,0.001322223,0,1
2026-08-16 02:00:06 UTC,edda02636004,"ZeroFi",75354549,439550812,0,0.001694052,0,0
2026-08-16 03:00:13 UTC,6256f50f4dae,"HumidiFi",75522530,439559479,0,0.001235634,0,0
2026-08-16 04:00:16 UTC,9b9237d7c5bd,"Quantum",75508263,439568176,0,0.001850925,0,0
2026-08-16 05:00:28 UTC,c443c7b05a02,"Aquifer",75366947,439576840,0,0.0016882,0,0
2026-08-16 06:00:39 UTC,c4304079dc78,"HumidiFi",75286453,439585508,0,0.001628748,0,0
2026-08-16 07:00:51 UTC,0598014af034,"HumidiFi",75344233,439594188,0,0.001474949,0,0
2026-08-16 08:01:02 UTC,b14405614dc6,"Aquifer->ZeroFi->AlphaQ",75383029,439602880,0,0.001570323,0,0
2026-08-16 09:00:11 UTC,37c642132224,"SolFi V2",75395206,439611403,0,0.001599176,0,0
2026-08-16 10:00:20 UTC,46442abdc4fb,"HumidiFi->AlphaQ",75233692,439620060,0,0.00181082,0,0
2026-08-16 11:00:29 UTC,b22066e333ea,"Quantum",75197748,439628771,0,0.001655964,0,0
2026-08-16 12:00:37 UTC,0cfa2518b15d,"Scorch",75212100,439637444,0,0.00189273,0,0
2026-08-16 13:00:49 UTC,4c8480c2d6de,"BisonFi",75179642,439646133,0,0.001250782,0,0
2026-08-16 14:00:58 UTC,60c0882fdec4,"Whirlpool",75228198,439654785,0,0.001440664,0,0
2026-08-16 15:01:03 UTC,92fd3d30393a,"Aquifer->AlphaQ",75335261,439663465,0,0.001861736,0,0
2026-08-16 17:00:24 UTC,f594f60217ba,"Quantum",75483430,439680677,0,0.001476272,0,0
2026-08-16 18:00:37 UTC,ab9325f7d412,"HumidiFi->Manifest",75201130,439689350,0,0.001920444,0,0
2026-08-16 19:00:51 UTC,b7c02dc47b37,"Quantum",75116859,439698064,0,0.001435238,0,0
2026-08-16 20:00:59 UTC,fa85c3404950,"HumidiFi",75154132,439706767,0,0.00121664,0,0
2026-08-16 22:00:22 UTC,40dd591a7e35,"Scorch->Deriverse",74234288,439724005,0,0.002150161,0,0
2026-08-16 23:00:33 UTC,a731238d5502,"Aquifer->Byreal",74455789,439732694,0,0.001937137,0,0
2026-08-17 00:00:45 UTC,661c4587ce52,"HumidiFi->Byreal",74548202,439741416,0,0.001407002,0,0
2026-08-17 01:00:57 UTC,ff891ff77c18,"BisonFi",74631241,439750116,0,0.001756566,0,0
2026-08-17 02:00:09 UTC,1641487e37f6,"HumidiFi->AlphaQ",75056336,439758666,0,0.001472453,0,0
2026-08-17 04:00:18 UTC,0ed608d7ed7b,"HumidiFi",75465699,439776083,0,0.001497007,0,1
2026-08-17 06:00:42 UTC,88f0ac521fc7,"HumidiFi",75360513,439793491,0,0.001941269,0,0
2026-08-17 07:00:53 UTC,6ceac530a0e1,"HumidiFi->AlphaQ",75835303,439802222,0,0.001426582,0,0
2026-08-17 08:01:07 UTC,94e805e97d5d,"HumidiFi",75692800,439810960,0,0.001733788,0,0
2026-08-17 09:00:14 UTC,8522dfe4af3e,"Quantum->SolFi V2",75175062,439819480,0,0.001270958,0,0
2026-08-17 10:00:23 UTC,235282ac5bc8,"BisonFi",75276290,439828185,0,0.001454158,0,0
2026-08-17 11:00:55 UTC,34d318fb062c,"HumidiFi",75694699,439836873,None,0.00161385,0,0
2026-08-17 12:00:58 UTC,f24067082c08,"Meteora DLMM",75601153,439845606,0,0.001779041,0,1
2026-08-17 13:00:59 UTC,a2d297f0b0f2,"Quantum",75359946,439854335,0,0.00178389,0,0
2026-08-17 14:00:17 UTC,24edcb77c12e,"HumidiFi",75565404,439862931,0,0.001084986,0,0
2026-08-17 15:00:25 UTC,c6557222d4ed,"Flux",75877837,439871654,0,0.001669468,0,0
2026-08-17 16:00:38 UTC,9f9be35e4bd9,"HumidiFi",76027999,439880294,0,0.001578353,0,0
2026-08-17 17:00:46 UTC,4e51484a6f5e,"BisonFi",75931186,439888812,0,0.001437963,0,1
2026-08-17 18:00:59 UTC,29a8afbac6ba,"ZeroFi",75842992,439897472,0,0.001749324,0,0
2026-08-17 19:00:09 UTC,e76dd228242f,"Aquifer",75844272,439905991,0,0.001786025,0,0
2026-08-17 20:00:21 UTC,20c16788e146,"TesseraV",75741545,439914676,0,0.001390489,0,0
2026-08-17 22:00:44 UTC,4b755aa48982,"Quantum",75936124,439932093,0,0.001760029,0,0
2026-08-17 23:00:55 UTC,2789e285d2a4,"Quantum",75694751,439940803,0,0.001270125,0,0
2026-08-18 00:00:07 UTC,764cb51343a6,"Quantum->AlphaQ",75970930,439949378,0,0.001455523,0,0
2026-08-18 01:00:19 UTC,e22cef213886,"Quantum",75974286,439958068,0,0.001669381,0,0
2026-08-18 02:00:36 UTC,19f1ac440d70,"Quantum",75529678,439966804,0,0.001507984,0,0
2026-08-18 03:00:47 UTC,483ab7368e17,"Flux",75242078,439975536,0,0.001299067,0,0
2026-08-18 04:00:45 UTC,1d04875a974b,"Quantum->Manifest",75425137,439984182,0,0.001391438,0,0
2026-08-18 05:00:57 UTC,8705da791e7f,"HumidiFi",75742776,439992893,0,0.001492666,0,0
2026-08-18 06:00:06 UTC,132915c494c5,"PancakeSwap",75651402,440001442,0,0.001299286,0,0
2026-08-18 07:00:21 UTC,44676de932ca,"Aquifer",75971611,440010156,0,0.001387161,0,0
2026-08-18 08:00:29 UTC,82912bf4c2c1,"Aquifer",75985959,440018874,0,0.001761993,0,0
2026-08-18 09:00:37 UTC,38973e3a6704,"Quantum",76091280,440027615,0,0.001410732,0,0
2026-08-18 10:00:47 UTC,57e17eb76f64,"ZeroFi",75881575,440036311,0,0.001612303,0,0
2026-08-18 11:01:13 UTC,4ac36f09eb36,"HumidiFi->Manifest",75784245,440044992,12,0.001153033,0,0
2026-08-18 12:00:26 UTC,dbd2c2bee395,"BisonFi",76283205,440053550,None,0.001347243,0,1
2026-08-18 13:00:21 UTC,81cc0cde6cd8,"GoonFi V2->Deriverse",76136012,440062222,0,0.001686159,0,0
2026-08-18 14:00:33 UTC,ee0504491f78,"HumidiFi->Deriverse",76135300,440070890,0,0.001314022,0,0
2026-08-18 15:00:57 UTC,59a35d34f052,"HumidiFi",76818746,440079586,0,0.001439493,0,0
2026-08-18 16:00:56 UTC,95b8fdf43455,"GoonFi V2->GoonFi V2",77239735,440088277,0,0.001812802,0,0
2026-08-18 17:00:10 UTC,21fe512e233e,"SolFi V2",77041234,440096816,0,0.001333204,0,0
2026-08-18 18:00:19 UTC,0c9e820f0b05,"GoonFi V2",76868247,440105486,0,0.001360731,0,0
2026-08-18 19:00:33 UTC,6a73eb3c4caf,"HumidiFi->SolFi V2",77211109,440114159,0,0.001397884,0,0
2026-08-18 20:00:43 UTC,e78302811e65,"Quantum->SolFi V2",77118371,440122836,0,0.001506036,0,0
2026-08-18 22:00:05 UTC,c1f5abf9c520,"Quantum",76933528,440140084,0,0.001795281,0,0
2026-08-18 23:00:17 UTC,7508934fd085,"GoonFi V2->SolFi V2",76920456,440148788,0,0.001573349,0,0
2026-08-19 01:00:41 UTC,48f17ef9c55e,"GoonFi V2->Deriverse",76879319,440166142,0,0.001624956,0,0
2026-08-19 02:00:50 UTC,59d22b39e976,"PancakeSwap",76742791,440174771,0,0.001766882,0,0
2026-08-19 04:00:45 UTC,1e5ae709cc62,"BisonFi",76946432,440192076,0,0.001504302,0,0
2026-08-19 05:00:56 UTC,6f95ec7d3eea,"HumidiFi",76810500,440200781,0,0.00151426,0,0
2026-08-19 06:00:07 UTC,3bb3546c38f9,"HumidiFi",76785681,440209342,0,0.001289267,0,0
2026-08-19 07:00:24 UTC,574528e2b76a,"HumidiFi",77008008,440218039,0,0.001881149,0,0
2026-08-19 08:00:30 UTC,ec4cc6bde997,"TesseraV",76906940,440226724,0,0.001937855,0,0
2026-08-19 09:00:42 UTC,dd19e729c2d8,"GoonFi V2->JupLend AMM",77366484,440235402,0,0.001693463,0,0
2026-08-19 10:00:52 UTC,c329d748d746,"Raydium",77263527,440244097,0,0.001306136,0,0
2026-08-19 11:01:05 UTC,858795472ee7,"Quantum->Manifest",77348278,440252780,0,0.001192199,0,0
2026-08-19 12:00:14 UTC,ed6d09e8758c,"TesseraV",77497306,440261365,0,0.001275716,0,1
2026-08-19 13:00:25 UTC,746e2e0ef8c6,"GoonFi V2",78287237,440270031,0,0.001403248,0,0
2026-08-19 14:00:32 UTC,c2e5a573ead7,"HumidiFi",78356047,440278655,0,0.001103333,0,0
2026-08-19 15:00:47 UTC,8412665ae6eb,"GoonFi V2",80932055,440287337,0,0.001295878,0,1
2026-08-19 16:00:53 UTC,3f631bfae5f8,"DefiTuna",81784021,440295944,0,0.001695668,0,0
2026-08-19 17:00:05 UTC,6565e384bfea,"Aquifer",81574068,440304453,0,0.001450187,0,0
2026-08-19 18:00:16 UTC,094c2bb37a30,"BisonFi",81640650,440313112,0,0.001567766,0,0
2026-08-19 19:00:27 UTC,a2c2fdc2957d,"HumidiFi->GoonFi V2",82149145,440321803,0,0.001378436,0,0
2026-08-19 20:00:39 UTC,3f191a6ed277,"Quantum",82376819,440330493,0,0.001754828,0,0
2026-08-19 22:01:02 UTC,ae84bd8b97d6,"Archer",86486000,440347783,0,0.001388503,0,0
2026-08-19 23:00:13 UTC,98ab3ed2f7c3,"Quantum",85467791,440356273,0,0.001918346,0,0
2026-08-20 00:00:26 UTC,f44985beb131,"Quantum",85415864,440364937,0,0.001619905,0,0
2026-08-20 01:00:39 UTC,841a684b7c6f,"BisonFi->Manifest",85021760,440373650,0,0.001570199,0,0
2026-08-20 02:00:46 UTC,791bb90d1bfb,"HumidiFi",85282453,440382299,0,0.001632203,0,0
2026-08-20 04:00:27 UTC,abce6b28d06c,"BisonFi",84416901,440399604,0,0.001224428,0,0
2026-08-20 05:00:38 UTC,3ef94470ae0d,"HumidiFi->AlphaQ",84779322,440408295,0,0.001294085,0,0
2026-08-20 06:00:49 UTC,54514cdde3a0,"SolFi V2",84869548,440416994,0,0.001601267,0,0
2026-08-20 07:01:00 UTC,e09905ec7b52,"TesseraV",85763941,440425670,0,0.001576131,0,0
2026-08-20 08:00:30 UTC,455382f352ea,"HumidiFi->Manifest->JupLend AMM",86099647,440434237,None,0.001373867,0,1
2026-08-20 09:00:19 UTC,47c962a3d8f1,"Aquifer",87492767,440442899,0,0.001902545,0,0
2026-08-20 11:01:02 UTC,e3d4918803e7,"BisonFi",87213570,440460339,0,0.001571259,0,0
2026-08-20 12:00:13 UTC,6bb8d65ec918,"HumidiFi",87192688,440468925,0,0.001916082,0,0
2026-08-20 13:00:22 UTC,7f9267a22632,"BisonFi",87001231,440477626,0,0.001307933,0,0
2026-08-20 14:00:32 UTC,385496dec217,"HumidiFi",86481995,440486261,0,0.001647988,0,0
2026-08-20 15:00:38 UTC,a1614c9bd822,"BisonFi",86569772,440494931,0,0.001675826,0,0
2026-08-20 16:00:48 UTC,cd9ca26d38c8,"Quantum",87228434,440503574,0,0.001885942,0,0
2026-08-20 17:01:00 UTC,54a7de039cb0,"SolFi V2",87582976,440512244,0,0.001501583,0,0
2026-08-20 18:00:10 UTC,189fe7852b89,"Quantum",87566060,440520760,0,0.001273404,0,0
2026-08-20 19:00:22 UTC,b5d975924847,"Quantum",86866064,440529437,0,0.001608983,0,0
2026-08-20 20:00:33 UTC,8cc6d9eb5df4,"HumidiFi->Byreal",87267981,440538143,0,0.002118684,0,0
2026-08-20 22:00:56 UTC,903c2b7c40ca,"Aquifer",87481243,440555534,0,0.001292448,0,0
2026-08-20 23:00:07 UTC,3a1f94861922,"Scorch->Aquifer",87222266,440564074,0,0.001738055,0,0
2026-08-21 00:00:22 UTC,d3a9e95acd72,"Scorch->SolFi V2",87691508,440572787,0,0.001680617,0,0
2026-08-21 01:00:31 UTC,41b78e73e135,"HumidiFi",88174932,440581470,0,0.001475091,0,0
2026-08-21 02:00:40 UTC,3482c266203b,"ZeroFi",88853131,440590162,0,0.001562335,0,0
2026-08-21 03:00:50 UTC,f5ad8000b90b,"HumidiFi",89182878,440598847,0,0.001855786,0,0
2026-08-21 04:00:25 UTC,0f6ea7f246e2,"HumidiFi",89179999,440607410,0,0.001863734,0,0
2026-08-21 05:00:35 UTC,fbfb1ad442b9,"SolFi V2",89378173,440616099,0,0.00159171,0,0
2026-08-21 06:00:46 UTC,40a0c657a2ca,"Quantum",90360737,440624781,0,0.001190693,0,0
2026-08-21 07:00:58 UTC,e8eff4d4a54e,"Quantum",90187244,440633486,0,0.001353286,0,0
2026-08-21 08:00:08 UTC,6e31edee0047,"Scorch->GoonFi V2",90334161,440642328,0,0.001612649,0,0
2026-08-21 09:00:17 UTC,8763e43ae12b,"BisonFi",93200504,440652175,0,0.001772589,0,1
2026-08-21 10:00:24 UTC,f4aa55c17d0e,"HumidiFi",91605967,440662031,0,0.001379018,0,0
2026-08-21 11:00:54 UTC,169e9d57a423,"Raydium CLMM",91347137,440671845,37,0.001334857,0,0
2026-08-21 12:00:59 UTC,cbfdf846daec,"Quantum",90231888,440681695,None,0.001251172,0,1
2026-08-21 13:00:50 UTC,63337814ba0d,"Scorch->AlphaQ",90752736,440691542,0,0.00195022,0,0
2026-08-21 14:01:00 UTC,bf7a7d052cf0,"Raydium CLMM->Deriverse",90967558,440701396,0,0.001624041,0,1
2026-08-21 15:00:18 UTC,1c60c2f69128,"Quantum",91863223,440711076,0,0.00187536,0,0
2026-08-21 16:00:29 UTC,29c4b46baf64,"HumidiFi",91366080,440720933,0,0.001881252,0,0
2026-08-21 17:00:34 UTC,317948d83102,"HumidiFi",91576853,440730804,0,0.001186202,0,0
2026-08-21 18:00:45 UTC,88c3631d3ba5,"Scorch->Deriverse",91790077,440740652,0,0.001489192,0,0
2026-08-21 19:00:58 UTC,16436acbb345,"Quantum",91468108,440750531,0,0.001565475,0,0
2026-08-21 20:00:09 UTC,7697bcf36c91,"SolFi V2",90921061,440760228,0,0.002231975,0,0
2026-08-21 22:00:31 UTC,321e9ca2411c,"Scorch->JupLend AMM",93698962,440779926,0,0.001817528,0,0
2026-08-21 23:00:42 UTC,d190512949ee,"ZeroFi",94225806,440789795,0,0.001476447,0,0
2026-08-22 00:00:54 UTC,8aca76d71e8a,"Scorch->JupLend AMM",93570906,440799679,0,0.001599409,0,0
2026-08-22 01:00:06 UTC,69af1b67709b,"BisonFi",93847592,440809363,0,0.0015246,0,0
2026-08-22 02:00:17 UTC,c2fdba23a61d,"Flux",93814977,440819224,0,0.001857553,0,0
2026-08-22 03:00:30 UTC,50f72b39e077,"Flux->GoonFi V2",95590605,440829063,0,0.001612235,0,0
2026-08-22 04:00:14 UTC,05dd05711890,"BisonFi",96876865,440838847,0,0.001781221,0,0
2026-08-22 05:00:24 UTC,2bb400635905,"BisonFi",99315475,440848651,0,0.001637848,0,0
2026-08-22 06:00:40 UTC,d3c794fa12a0,"Flux",94291706,440858481,0,0.001724231,0,0
2026-08-22 07:00:46 UTC,eda7eb7ded91,"Scorch->SolFi V2",94297067,440868293,0,0.001818625,0,0
2026-08-22 08:00:58 UTC,e678616fc97f,"Raydium CLMM",94426355,440878169,0,0.001510449,0,0
2026-08-22 09:00:07 UTC,0a724bd6f550,"GoonFi V2",94072952,440887837,0,0.001445156,0,0
2026-08-22 10:00:18 UTC,943e4840c150,"Quantum",93893103,440897699,0,0.001561682,0,0
2026-08-22 11:00:24 UTC,c6144a756057,"PancakeSwap",92944516,440907539,0,0.001754842,0,0
2026-08-22 12:00:34 UTC,f718a09f67b7,"Scorch->SolFi V2",93202380,440917415,0,0.001646196,0,0
2026-08-22 13:00:45 UTC,8a5f4731bbc5,"Aquifer",93867290,440927270,0,0.001719322,0,0
2026-08-22 14:01:01 UTC,a47e367efb82,"Aquifer",94223377,440937094,0,0.001564782,0,1
2026-08-22 15:00:04 UTC,ebe9b7ace76d,"BisonFi->JupLend AMM",93236793,440946781,0,0.001575208,0,0
2026-08-22 16:00:16 UTC,63473ed512c0,"ZeroFi",93099993,440956630,0,0.001672103,0,0
2026-08-22 17:00:37 UTC,33c264705b56,"ZeroFi",94363664,440966453,0,0.001611332,0,1
2026-08-22 18:00:42 UTC,90b272293a22,"Scorch->Aquifer",94232033,440976291,0,0.001820881,0,0
2026-08-22 19:00:55 UTC,94e98ef81f41,"Aquifer",94484221,440986084,0,0.002315254,0,0
2026-08-22 20:00:06 UTC,ca2145a1443a,"Scorch->JupLend AMM",94509893,440995752,0,0.001962558,0,0
2026-08-22 22:00:29 UTC,57b91185290c,"PancakeSwap->Aquifer->Manifest",93061286,441015379,0,0.002134807,0,0
2026-08-22 23:00:42 UTC,2f163bcfb9b3,"BisonFi",93530337,441025221,0,0.001418219,0,0
2026-08-23 00:00:54 UTC,be9701035560,"BisonFi",93949573,441035018,0,0.001514886,0,0
2026-08-23 01:00:06 UTC,19a770bf4677,"BisonFi->GoonFi V2",96362440,441044715,0,0.001691961,0,0
2026-08-23 02:00:18 UTC,c2e346744073,"PancakeSwap",95915622,441054586,0,0.001931692,0,0
2026-08-23 03:00:30 UTC,d19e07829d64,"Aquifer->ZeroFi",94933942,441064374,0,0.001855841,0,0
2026-08-23 04:00:04 UTC,bda97953579c,"ZeroFi",93691935,441074147,0,0.002502127,0,0
2026-08-23 05:00:16 UTC,65b8a2ff6077,"BisonFi",92713457,441084025,0,0.001687733,0,0
2026-08-23 06:00:28 UTC,1ffd10062834,"Raydium CLMM->Aquifer",92288003,441093926,0,0.001608976,0,0
2026-08-23 07:00:39 UTC,aaab0dcd6f98,"Aquifer",92175162,441103817,0,0.001860816,0,0
2026-08-23 08:00:51 UTC,80f7667cb9b4,"Scorch->Deriverse",92412997,441113689,0,0.001934112,0,0
2026-08-23 09:01:01 UTC,e6eefe3900e5,"Scorch->GoonFi V2",93161264,441123589,0,0.001855611,0,0
2026-08-23 10:00:17 UTC,30e055818248,"Scorch->JupLend AMM",93288227,441133354,0,0.002015331,0,0
2026-08-23 11:00:33 UTC,2f4d08ef9e08,"Quantum",93665525,441143213,0,0.001866435,0,1
2026-08-23 12:00:43 UTC,8ad0069d7d0b,"PancakeSwap",94585773,441153104,0,0.001805342,0,0
2026-08-23 13:00:52 UTC,f0c896211a77,"Flux",94586818,441162984,0,0.001645634,0,0
2026-08-23 14:01:03 UTC,72cda1489683,"Meteora DLMM",95398656,441172859,0,0.001867548,0,0
2026-08-23 16:00:23 UTC,a017b4391552,"PancakeSwap",95397234,441192433,0,0.001655329,0,0
2026-08-23 17:00:37 UTC,7f15e553b679,"BisonFi",95437681,441202336,0,0.001310894,0,0
2026-08-23 18:00:49 UTC,c9808a4e31b7,"BisonFi",95115661,441212214,0,0.001817414,0,0
2026-08-23 19:01:02 UTC,9c9930b7d88d,"BisonFi",95368719,441222129,0,0.001827078,0,0
2026-08-23 20:00:14 UTC,8d03de66d094,"Raydium",95023737,441231843,0,0.00140602,0,0
2026-08-23 22:00:39 UTC,7e8b90b7ab71,"Quantum->GoonFi V2",95625819,441251578,0,0.001465783,0,0
2026-08-23 23:00:51 UTC,43590fc236c5,"BisonFi",95582582,441261461,0,0.001630293,0,0
2026-08-24 00:00:05 UTC,1d4ffe6dade1,"Scorch->SolFi V2",95433835,441271187,0,0.001747564,0,0
2026-08-24 01:00:18 UTC,d2030cb364ce,"Scorch->Deriverse",95468031,441281072,0,0.002002519,0,0
2026-08-24 02:00:29 UTC,285fb03562be,"Scorch",93947600,441290997,0,0.00152418,0,0
2026-08-24 03:00:42 UTC,45f7d231c78c,"Flux",94608891,441300867,0,0.001520921,0,0
2026-08-24 04:00:06 UTC,5e573b6d968d,"BisonFi",93774624,441310609,0,0.001611933,0,0
2026-08-24 05:00:15 UTC,e6bdc49d6ce9,"Scorch",94185600,441320522,0,0.001728421,0,0
2026-08-24 06:15:52 UTC,385d11051616,"Quantum",94364505,441332953,0,0.001693152,0,0
2026-08-24 11:40:24 UTC,162f931eb8af,"BisonFi",95852111,441386360,0,0.001419673,0,0
2026-08-24 12:13:30 UTC,81b900ad023b,"Scorch->Deriverse",95319297,441391822,0,0.002143679,0,0
2026-08-24 13:00:53 UTC,cae8f5c172da,"BisonFi",96196654,441399619,0,0.001618627,0,0
2026-08-24 16:17:01 UTC,d7f3a7764a1c,"Quantum",96650146,441429248,None,0.001356183,0,0
2026-08-24 17:02:54 UTC,3b4b2e4c4b39,"ZeroFi",95405895,441439300,0,0.001552667,0,1
2026-08-24 19:12:54 UTC,0bb73d655e18,"BisonFi",95912017,441460520,3,0.001321395,0,0
2026-08-24 21:16:38 UTC,24fb81c8eb8e,"ZeroFi",96783741,441480812,0,0.001467452,0,0
2026-08-24 22:18:26 UTC,7ba8ae731974,"PancakeSwap",97566774,441490917,0,0.001828385,0,0
2026-08-24 23:17:25 UTC,a06a10cab337,"Quantum",97579917,441500601,0,0.001581785,0,0
2026-08-25 00:07:40 UTC,15dc16c0bb56,"ZeroFi",99259103,441508814,15,0.00154897,0,1
2026-08-25 03:00:47 UTC,d4a710c5ddd9,"Aquifer",101129768,441537181,0,0.00176228,0,0
2026-08-25 04:04:01 UTC,e06d939302f6,"BisonFi",101498423,441547543,0,0.001875095,0,0
2026-08-25 06:15:36 UTC,228a58d51864,"Raydium CLMM->Perena->AlphaQ",101688137,441569163,0,0.001601922,0,0
2026-08-25 07:00:54 UTC,4a0ccb4a45d3,"Scorch",100925200,441576585,0,0.001732358,0,1
2026-08-25 08:01:02 UTC,f6956ec42877,"Quantum",100239029,441586493,0,0.001533358,0,0
2026-08-25 09:00:16 UTC,90053ccd9ff6,"Quantum",100357704,441596213,0,0.001535253,0,0
2026-08-25 10:00:30 UTC,a60004e7efd9,"BisonFi->Manifest",99822962,441606129,0,0.00165771,0,0
2026-08-25 11:00:42 UTC,3c5b69f33e03,"Quantum",99610998,441616037,0,0.001402878,0,0
2026-08-25 12:01:02 UTC,f309d2bb2c03,"Quantum",98633781,441625960,0,0.00152513,0,0
2026-08-25 13:00:15 UTC,5feec95d586f,"Quantum",98557928,441635692,0,0.001224007,0,0
2026-08-25 14:00:29 UTC,9892ab024837,"BisonFi",97134361,441645511,0,0.002227365,0,0
2026-08-25 15:00:43 UTC,a3158ec7606a,"Flux->Deriverse",98068190,441655382,0,0.001696315,0,0
2026-08-25 16:04:10 UTC,a264f066c72c,"BisonFi",98479896,441665766,0,0.001495004,0,0
2026-08-25 17:08:58 UTC,31aa618eb27b,"BisonFi->Manifest->AlphaQ",97509272,441676359,0,0.001417749,0,0
2026-08-25 18:13:49 UTC,494ea66ffd6c,"Scorch->GoonFi V2",98466122,441686963,0,0.001946648,0,1
2026-08-25 20:19:36 UTC,ed76f77e1ef5,"Quantum",97973244,441707655,0,0.00141767,0,0
2026-08-25 21:10:13 UTC,e0ee2b2ba380,"Whirlpool->Manifest->AlphaQ",96066036,441715920,2,0.001906397,0,0
2026-08-25 23:07:41 UTC,cfe0e94cee56,"BisonFi",97211852,441735237,0,0.00187095,0,0
2026-08-26 01:16:26 UTC,30287e876d51,"Quantum",96954753,441756365,0,0.002120964,0,1
2026-08-26 03:00:20 UTC,9b1d38d44926,"ZeroFi",97201359,441773398,0,0.001561898,0,1
2026-08-26 04:00:35 UTC,b29d2ae81e7c,"Flux",96979626,441783331,0,0.001792979,0,1
2026-08-26 05:00:51 UTC,be67792b5ee0,"BisonFi",96616534,441793261,0,0.001583695,0,1
2026-08-26 06:01:07 UTC,36db2127924b,"Quantum",97128064,441803164,0,0.001605482,0,1
2026-08-26 07:00:19 UTC,8175234f95b5,"Quantum",96784317,441812942,0,0.001459681,0,1
2026-08-26 08:00:33 UTC,c92f3a4e8eab,"BisonFi",96955620,441822876,0,0.001329469,0,1
2026-08-26 09:00:45 UTC,4b7ed64395ca,"Kipseli",96856571,441832774,0,0.001934239,0,1
2026-08-26 10:00:56 UTC,0b450985f494,"Aquifer",96141987,441842684,0,0.002181118,0,1
2026-08-26 11:00:10 UTC,9b4d7f3fb16b,"ZeroFi",97486625,441852410,0,0.001803177,0,1
2026-08-26 12:00:21 UTC,3ba5cbd4864c,"BisonFi",97065911,441862270,0,0.001681763,0,1
2026-08-26 13:00:32 UTC,d056aa19075d,"BisonFi",97040246,441872162,0,0.001269585,0,1
2026-08-26 14:00:49 UTC,63d9cd6b8f2c,"Aquifer->Byreal",96469701,441882037,0,0.001494849,0,1
2026-08-26 15:01:00 UTC,66420813b93a,"Quantum",95530730,441891845,0,0.001694693,0,1
2026-08-26 16:23:40 UTC,2f08350d7923,"Whirlpool->AlphaQ",95732521,441905414,0,0.001682308,0,1
2026-08-26 17:28:21 UTC,211e3911ae23,"Flux->SolFi V2",96944147,441916040,0,0.001406744,0,1
2026-08-26 18:07:49 UTC,f362801de85c,"BisonFi",96831070,441922514,0,0.001445455,0,1
2026-08-26 19:11:53 UTC,cda96f6e7e11,"BisonFi",96586314,441933034,0,0.00163879,0,1
2026-08-26 20:01:26 UTC,67040952ae09,"BisonFi",96670295,441941131,0,0.001707201,0,1
2026-08-26 21:13:36 UTC,69d5e08469a6,"Deriverse",97458263,441952912,0,0.002005183,0,1
2026-08-26 23:16:07 UTC,a9d518eef178,"BisonFi",99581137,441970399,2559,0.001745555,0,0
2026-08-27 00:12:20 UTC,d75b14244bbc,"Aquifer",101128343,441982213,0,0.002051284,0,1
2026-08-27 01:08:05 UTC,e7c872226e88,"Kipseli",100667715,441991322,0,0.001550858,0,1
2026-08-27 02:09:18 UTC,651771e9440f,"ZeroFi",101818503,442001354,0,0.00163899,0,1
2026-08-27 03:09:50 UTC,068134186a0e,"Quantum",101145473,442011273,0,0.001600826,0,1
2026-08-27 04:10:55 UTC,88349711929a,"Quantum",101252052,442021322,0,0.001646455,0,1
2026-08-27 05:40:26 UTC,453eb7bc678d,"GoonFi V2",101298152,442036038,0,0.001708174,0,1
2026-08-27 06:28:44 UTC,23186d96a375,"Whirlpool->AlphaQ",101355819,442041471,2518,0.001981543,1,0
2026-08-27 07:00:50 UTC,baa05d80693a,"Aquifer->Manifest->AlphaQ",101223595,442049294,0,0.002032242,0,1
2026-08-27 08:30:41 UTC,7c48dd5cfa4f,"BisonFi",102989678,442061536,None,0.001631592,0,1
2026-08-27 09:31:55 UTC,c9e6d4ca099a,"BisonFi",105317445,442074105,2,0.001688911,0,1
2026-08-27 10:01:24 UTC,2d88bb09f8f7,"Kipseli",104465522,442078967,0,0.00170583,0,1
2026-08-27 11:01:51 UTC,d6fca3b816f4,"BisonFi",104125736,442088912,0,0.001498358,0,1
2026-08-27 12:03:00 UTC,c6f32f7572b6,"GoonFi V2",104250998,442098975,0,0.00198397,0,1
2026-08-27 13:03:53 UTC,e57e17afc539,"Quantum",104504468,442108967,0,0.001858664,0,1
2026-08-27 14:04:16 UTC,ea5ee92ba6ca,"Flux->JupLend AMM",106603071,442118880,0,0.001905869,0,1
2026-08-27 15:02:07 UTC,7936ef8fe026,"Quantum",107255735,442128356,0,0.001602196,0,1
2026-08-27 16:22:46 UTC,c81899ce578e,"Kipseli",107003325,442139001,2554,0.001947448,0,0
2026-08-27 17:00:44 UTC,75fe9704fc59,"PancakeSwap",109068188,442147767,0,0.001553194,0,1
2026-08-27 19:14:49 UTC,38e9d2531f62,"Raydium CLMM",109029369,442169629,0,0.001628943,0,1
2026-08-27 20:11:01 UTC,b0547841d526,"Quantum",109018378,442178821,0,0.001735838,0,1
2026-08-27 21:16:23 UTC,f67d3bf634dd,"Quantum",108852585,442189455,49,0.001988626,0,1
2026-08-27 22:25:52 UTC,174692409974,"BisonFi->Byreal",109420387,442200861,0,0.001618079,0,1
2026-08-27 23:00:41 UTC,bfa471b2bb51,"Aquifer",109167805,442206567,0,0.001724371,0,1
2026-08-28 00:18:13 UTC,965c47aa30af,"Flux->Deriverse",109588996,442219293,0,0.001680336,0,1
2026-08-28 01:34:14 UTC,becd65773100,"Quantum",109165502,442229176,2552,0.001867565,1,0
2026-08-28 02:34:48 UTC,e2b9d8922ca4,"Quantum",107085886,442241672,0,0.001896642,0,1
2026-08-28 04:05:45 UTC,7b8e1fac19be,"BisonFi",106969732,442256606,0,0.001921427,0,1
2026-08-28 05:00:55 UTC,34e8dddcc752,"GoonFi V2",106729116,442265669,0,0.001734894,0,0
2026-08-28 06:01:16 UTC,3da53868ed2b,"Scorch",107323200,442275577,None,0.001253735,0,0
2026-08-28 07:00:19 UTC,6ab19d2a641c,"Kipseli",107501410,442285291,0,0.00208284,0,0
2026-08-28 08:00:33 UTC,41afebd58e02,"Quantum",106506574,442295171,0,0.001955812,0,0
2026-08-28 09:08:58 UTC,daf791a4860a,"Quantum",106296628,442306404,0,0.001825263,0,0
2026-08-28 10:13:55 UTC,9ee8ffa27ade,"BisonFi->Aquifer",105259832,442317065,0,0.001389105,0,0
2026-08-28 12:01:03 UTC,e185da604491,"BisonFi",105744104,442334656,0,0.001740276,0,0
2026-08-28 13:00:15 UTC,8cf1f41ddcea,"Whirlpool->ZeroFi->Manifest",104843691,442344348,0,0.001645275,0,0
2026-08-28 14:00:27 UTC,15f1c441b69a,"Flux->Manifest",105824350,442354213,0,0.001537416,0,0
2026-08-28 15:43:23 UTC,2abe9f903856,"Quantum",105565309,442365779,None,0.00203771,0,0
2026-08-28 17:12:47 UTC,b2db916f7593,"BisonFi",104958315,442388114,0,0.001778426,0,0
2026-08-28 19:07:40 UTC,91cf69214b33,"BisonFi",103160273,442409660,0,0.001522704,0,0
2026-08-28 20:37:42 UTC,07605ba780d8,"ZeroFi",103632836,442426628,0,0.001682521,0,0
2026-08-28 21:09:41 UTC,553072cf1ac1,"Scorch->Manifest",103783107,442432667,0,0.001529923,0,0
2026-08-28 22:29:41 UTC,9c1685353381,"BisonFi",103907149,442447792,0,0.002030527,0,0
2026-08-28 23:27:21 UTC,db9c99a31abf,"Aquifer->Manifest->AlphaQ",104240995,442455777,2920,0.001847966,0,0
2026-08-29 00:15:45 UTC,59a0cf02fec5,"BisonFi->AlphaQ",104336270,442467885,0,0.001412409,0,0
2026-08-29 09:00:08 UTC,55f2caa9562f,"Quantum",103491503,442567192,0,0.001437183,0,0
2026-08-29 10:00:23 UTC,45ea3ee3441d,"Quantum",103291188,442578583,0,0.001395449,0,0
2026-08-29 11:00:42 UTC,cb628367ba50,"BisonFi",103462984,442590033,0,0.001612216,0,0
