ts,n_slots,p50_lamports,p99_lamports,mean_lamports,std_lamports,slot_p99_lamports,max_lamports
2026-08-09T09:55:47+00:00,150,0,0,0.0,0.1,0,1
2026-08-09T10:00:47+00:00,150,0,0,0,0.0,0,0
2026-08-09T11:00:57+00:00,150,0,0,0,0.0,0,0
2026-08-09T12:00:05+00:00,150,0,0,0,0.0,0,0
2026-08-09T13:00:16+00:00,150,0,0,0,0.0,0,0
2026-08-09T15:00:35+00:00,150,0,0,0,0.0,0,0
2026-08-09T16:00:39+00:00,150,0,0,0,0.0,0,0
2026-08-09T17:00:51+00:00,150,0,0,0,0.0,0,0
2026-08-09T18:00:02+00:00,150,0,0,0,0.0,0,0
2026-08-09T19:00:13+00:00,150,0,0,0,0.0,0,0
2026-08-09T20:00:24+00:00,150,0,0,0,0.0,0,0
2026-08-09T22:00:46+00:00,150,0,0,0,0.0,0,0
2026-08-09T23:00:57+00:00,150,0,0,0,0.0,0,0
2026-08-10T00:00:08+00:00,150,0,0,0,0.0,0,0
2026-08-10T01:00:18+00:00,150,0,0,0,0.0,0,0
2026-08-10T02:00:35+00:00,150,0,0,0,0.0,0,0
2026-08-10T03:00:43+00:00,150,0,0,0,0.0,0,0
2026-08-10T04:00:06+00:00,150,0,0,0,0.0,0,0
2026-08-10T05:00:16+00:00,150,0,0,0,0.0,0,0
2026-08-10T06:00:27+00:00,150,0,0,0,0.0,0,0
2026-08-10T07:00:38+00:00,150,0,0,0,0.0,0,0
2026-08-10T08:00:49+00:00,150,0,0,0,0.0,0,0
2026-08-10T09:00:56+00:00,150,0,0,0,0.0,0,0
2026-08-10T10:00:04+00:00,150,0,0,0,0.0,0,0
2026-08-10T11:00:14+00:00,150,0,0,0,0.0,0,0
2026-08-10T12:00:23+00:00,150,0,0,0,0.0,0,0
2026-08-10T13:00:32+00:00,150,0,0,0,0.0,0,0
2026-08-10T14:00:40+00:00,150,0,0,0,0.0,0,0
2026-08-10T15:00:48+00:00,150,0,0,0,0.0,0,0
2026-08-10T17:00:58+00:00,150,0,0,0,0.0,0,0
2026-08-10T18:00:08+00:00,150,0,0,0,0.0,0,0
2026-08-10T19:00:19+00:00,150,0,0,0,0.0,0,0
2026-08-10T20:00:28+00:00,150,0,0,0,0.0,0,0
2026-08-10T22:00:53+00:00,150,0,0,0,0.0,0,0
2026-08-10T23:00:03+00:00,150,0,0,0,0.0,0,0
2026-08-11T00:00:14+00:00,150,0,0,0,0.0,0,0
2026-08-11T01:00:24+00:00,150,0,0,0,0.0,0,0
2026-08-11T02:00:48+00:00,150,0,0,0,0.0,0,0
2026-08-11T03:00:55+00:00,150,0,0,0,0.0,0,0
2026-08-11T04:00:25+00:00,150,0,0,0,0.0,0,0
2026-08-11T05:00:34+00:00,150,0,0,0,0.0,0,0
2026-08-11T06:00:44+00:00,150,0,0,0,0.0,0,0
2026-08-11T07:00:55+00:00,150,0,0,0,0.0,0,0
2026-08-11T08:00:06+00:00,150,0,0,0,0.0,0,0
2026-08-11T09:00:16+00:00,150,0,0,0,0.0,0,0
2026-08-11T10:00:21+00:00,150,0,0,0,0.0,0,0
2026-08-11T11:00:31+00:00,150,0,0,0,0.0,0,0
2026-08-11T12:00:41+00:00,150,0,0,0,0.0,0,0
2026-08-11T13:00:51+00:00,150,0,0,0,0.0,0,0
2026-08-11T14:00:05+00:00,150,0,0,0,0.0,0,0
2026-08-11T15:00:12+00:00,150,0,0,0,0.0,0,0
2026-08-11T16:00:23+00:00,150,0,0,0,0.0,0,0
2026-08-11T17:00:33+00:00,150,0,0,0,0.0,0,0
2026-08-11T18:00:44+00:00,150,0,0,0,0.0,0,0
2026-08-11T19:00:54+00:00,150,0,0,0,0.0,0,0
2026-08-11T20:00:05+00:00,150,0,0,0,0.0,0,0
2026-08-11T22:00:27+00:00,150,0,0,0,0.0,0,0
2026-08-11T23:00:37+00:00,150,0,0,0,0.0,0,0
2026-08-12T00:00:49+00:00,150,0,0,0,0.0,0,0
2026-08-12T01:00:59+00:00,150,0,0,0,0.0,0,0
2026-08-12T02:00:08+00:00,150,0,0,0,0.0,0,0
2026-08-12T03:00:16+00:00,150,0,0,0,0.0,0,0
2026-08-12T04:00:28+00:00,150,0,0,0,0.0,0,0
2026-08-12T05:00:38+00:00,150,0,0,0,0.0,0,0
2026-08-12T06:00:49+00:00,150,0,0,0,0.0,0,0
2026-08-12T07:01:00+00:00,150,0,0,0,0.0,0,0
2026-08-12T08:00:10+00:00,150,0,0,0,0.0,0,0
2026-08-12T09:00:19+00:00,150,0,0,0,0.0,0,0
2026-08-12T10:00:28+00:00,150,0,0,0,0.0,0,0
2026-08-12T11:00:39+00:00,150,0,0,0,0.0,0,0
2026-08-12T12:00:48+00:00,150,0,0,0,0.0,0,0
2026-08-12T13:00:59+00:00,150,0,0,0,0.0,0,0
2026-08-12T14:00:10+00:00,150,0,0,0,0.0,0,0
2026-08-12T15:00:21+00:00,150,0,0,0,0.0,0,0
2026-08-12T16:00:32+00:00,150,0,0,0,0.0,0,0
2026-08-12T17:00:42+00:00,150,0,0,0,0.0,0,0
2026-08-12T18:00:55+00:00,150,0,0,0,0.0,0,0
2026-08-12T19:00:05+00:00,150,0,0,0,0.0,0,0
2026-08-12T20:00:15+00:00,150,0,0,0,0.0,0,0
2026-08-12T22:00:38+00:00,150,0,0,0,0.0,0,0
2026-08-12T23:00:49+00:00,150,0,0,0,0.0,0,0
2026-08-13T00:01:00+00:00,150,0,0,0,0.0,0,0
2026-08-13T01:00:11+00:00,150,0,0,0,0.0,0,0
2026-08-13T02:00:22+00:00,150,0,0,0,0.0,0,0
2026-08-13T03:00:33+00:00,150,0,0,0,0.0,0,0
2026-08-13T04:01:18+00:00,150,0,0,0,0.0,0,0
2026-08-13T05:00:58+00:00,150,0,0,0,0.0,0,0
2026-08-13T06:00:08+00:00,150,0,0,0,0.0,0,0
2026-08-13T07:00:20+00:00,150,0,0,0,0.0,0,0
2026-08-13T08:00:31+00:00,150,0,0,0,0.0,0,0
2026-08-13T09:00:38+00:00,150,0,0,0,0.0,0,0
2026-08-13T12:16:43+00:00,150,0,0,0,0.0,0,0
2026-08-13T13:00:50+00:00,150,0,0,0,0.0,0,0
2026-08-13T14:00:01+00:00,150,0,0,0,0.0,0,0
2026-08-13T15:00:11+00:00,150,0,0,0,0.0,0,0
2026-08-13T16:00:22+00:00,150,0,0,0,0.0,0,0
2026-08-13T17:00:34+00:00,150,0,0,0,0.0,0,0
2026-08-13T18:00:45+00:00,150,0,0,0,0.0,0,0
2026-08-13T19:00:56+00:00,150,0,0,0,0.0,0,0
2026-08-13T22:00:30+00:00,150,0,0,0,0.0,0,0
2026-08-13T23:00:41+00:00,150,0,0,0,0.0,0,0
2026-08-14T00:00:53+00:00,150,0,0,0,0.0,0,0
2026-08-14T01:00:06+00:00,150,0,0,0,0.0,0,0
2026-08-14T02:00:19+00:00,150,0,0,0,0.0,0,0
2026-08-14T03:00:28+00:00,150,0,0,0,0.0,0,0
2026-08-14T04:00:04+00:00,150,0,0,0,0.0,0,0
2026-08-14T05:00:14+00:00,150,0,0,0,0.0,0,0
2026-08-14T06:00:27+00:00,150,0,0,0,0.0,0,0
2026-08-14T07:00:37+00:00,150,0,0,0,0.0,0,0
2026-08-14T08:00:48+00:00,150,0,0,0,0.0,0,0
2026-08-14T09:01:00+00:00,150,0,0,0,0.0,0,0
2026-08-14T10:00:07+00:00,150,0,0,0,0.0,0,0
2026-08-14T11:00:15+00:00,150,0,0,0,0.0,0,0
2026-08-14T12:00:24+00:00,150,0,0,0,0.0,0,0
2026-08-14T13:00:32+00:00,150,0,0,0,0.0,0,0
2026-08-14T14:00:39+00:00,150,0,0,0,0.0,0,0
2026-08-14T15:00:50+00:00,150,0,0,0,0.0,0,0
2026-08-14T16:00:02+00:00,150,0,0,0,0.0,0,0
2026-08-14T17:00:13+00:00,150,0,0,0,0.0,0,0
2026-08-14T18:00:24+00:00,150,0,0,0,0.0,0,0
2026-08-14T19:00:36+00:00,150,0,0,0,0.0,0,0
2026-08-14T20:00:46+00:00,150,0,0,0,0.0,0,0
2026-08-14T22:00:09+00:00,150,0,0,0,0.0,0,0
2026-08-14T23:00:20+00:00,150,0,0,0,0.0,0,0
2026-08-15T00:00:31+00:00,150,0,0,0,0.0,0,0
2026-08-15T01:00:44+00:00,150,0,0,0,0.0,0,0
2026-08-15T02:00:53+00:00,150,0,0,0,0.0,0,0
2026-08-15T03:01:00+00:00,150,0,0,0,0.0,0,0
2026-08-15T04:00:09+00:00,150,0,0,0,0.0,0,0
2026-08-15T05:00:24+00:00,150,0,0,0,0.0,0,0
2026-08-15T06:00:32+00:00,150,0,0,0,0.0,0,0
2026-08-15T07:00:43+00:00,150,0,0,0,0.0,0,0
2026-08-15T08:00:51+00:00,150,0,0,0,0.0,0,0
2026-08-15T09:00:02+00:00,150,0,0,0,0.0,0,0
2026-08-15T10:00:13+00:00,150,0,0,0,0.0,0,0
2026-08-15T11:00:27+00:00,150,0,0,0,0.0,0,0
2026-08-15T12:00:34+00:00,150,0,0,0,0.0,0,0
2026-08-15T13:00:44+00:00,150,0,0,0,0.0,0,0
2026-08-15T14:00:58+00:00,150,0,0,0,0.0,0,0
2026-08-15T15:00:07+00:00,150,0,0,0,0.0,0,0
2026-08-15T16:00:13+00:00,150,0,0,0,0.0,0,0
2026-08-15T17:00:26+00:00,150,0,0,0,0.0,0,0
2026-08-15T18:00:35+00:00,150,0,0,0,0.0,0,0
2026-08-15T19:00:44+00:00,150,0,0,0,0.0,0,0
2026-08-15T20:00:57+00:00,150,0,0,0,0.0,0,0
2026-08-15T22:00:20+00:00,150,0,0,0,0.0,0,0
2026-08-15T23:00:31+00:00,150,0,0,0,0.0,0,0
2026-08-16T00:00:43+00:00,150,0,0,0,0.0,0,0
2026-08-16T01:00:55+00:00,150,0,0,0,0.0,0,0
2026-08-16T02:00:03+00:00,150,0,0,0,0.0,0,0
2026-08-16T03:00:09+00:00,150,0,0,0,0.0,0,0
2026-08-16T04:00:13+00:00,150,0,0,0,0.0,0,0
2026-08-16T05:00:24+00:00,150,0,0,0,0.0,0,0
2026-08-16T06:00:36+00:00,150,0,0,0,0.0,0,0
2026-08-16T07:00:48+00:00,150,0,0,0,0.0,0,0
2026-08-16T08:00:58+00:00,150,0,0,0,0.0,0,0
2026-08-16T09:00:08+00:00,150,0,0,0,0.0,0,0
2026-08-16T10:00:17+00:00,150,0,0,0,0.0,0,0
2026-08-16T11:00:25+00:00,150,0,0,0,0.0,0,0
2026-08-16T12:00:34+00:00,150,0,0,0,0.0,0,0
2026-08-16T13:00:46+00:00,150,0,0,0,0.0,0,0
2026-08-16T14:00:53+00:00,150,0,1564,6677.1,81648.9,1564,1000000
2026-08-16T15:01:01+00:00,150,0,0,27777.8,340206.9,0,4166666
2026-08-16T16:00:13+00:00,150,0,0,44.4,544.3,0,6666
2026-08-16T17:00:21+00:00,150,0,0,0,0.0,0,0
2026-08-16T18:00:33+00:00,150,0,0,0,0.0,0,0
2026-08-16T19:00:44+00:00,150,0,0,0,0.0,0,0
2026-08-16T20:00:56+00:00,150,0,0,0,0.0,0,0
2026-08-16T22:00:19+00:00,150,0,0,0,0.0,0,0
2026-08-16T23:00:30+00:00,150,0,0,0,0.0,0,0
2026-08-17T00:00:42+00:00,150,0,0,0,0.0,0,0
2026-08-17T01:00:54+00:00,150,0,0,0,0.0,0,0
2026-08-17T02:00:04+00:00,150,0,0,0,0.0,0,0
2026-08-17T03:00:13+00:00,150,0,0,0,0.0,0,0
2026-08-17T04:00:12+00:00,150,0,0,0,0.0,0,0
2026-08-17T05:00:24+00:00,150,0,0,0,0.0,0,0
2026-08-17T06:00:36+00:00,150,0,0,0,0.0,0,0
2026-08-17T07:00:48+00:00,150,0,0,0,0.0,0,0
2026-08-17T08:01:03+00:00,150,0,0,0,0.0,0,0
2026-08-17T09:00:10+00:00,150,0,0,0,0.0,0,0
2026-08-17T10:00:19+00:00,150,0,0,0,0.0,0,0
2026-08-17T12:00:44+00:00,150,0,0,0,0.0,0,0
2026-08-17T13:00:57+00:00,150,0,0,0,0.0,0,0
2026-08-17T14:00:12+00:00,150,0,0,0,0.0,0,0
2026-08-17T15:00:21+00:00,150,0,0,0,0.0,0,0
2026-08-17T16:00:32+00:00,150,0,0,0,0.0,0,0
2026-08-17T17:00:43+00:00,150,0,0,0,0.0,0,0
2026-08-17T18:00:55+00:00,150,0,0,0,0.0,0,0
2026-08-17T19:00:06+00:00,150,0,0,0,0.0,0,0
2026-08-17T20:00:18+00:00,150,0,0,0,0.0,0,0
2026-08-17T22:00:40+00:00,150,0,0,0,0.0,0,0
2026-08-17T23:00:52+00:00,150,0,0,0,0.0,0,0
2026-08-18T00:00:04+00:00,150,0,0,0,0.0,0,0
2026-08-18T01:00:16+00:00,150,0,0,0,0.0,0,0
2026-08-18T02:00:33+00:00,150,0,0,0,0.0,0,0
2026-08-18T03:00:44+00:00,150,0,0,0,0.0,0,0
2026-08-18T04:00:41+00:00,150,0,0,0,0.0,0,0
2026-08-18T05:00:53+00:00,150,0,0,0,0.0,0,0
2026-08-18T06:00:03+00:00,150,0,0,0,0.0,0,0
2026-08-18T07:00:16+00:00,150,0,0,0,0.0,0,0
2026-08-18T08:00:26+00:00,150,0,0,0,0.0,0,0
2026-08-18T09:00:34+00:00,150,0,0,0,0.0,0,0
2026-08-18T10:00:44+00:00,150,0,0,0,0.0,0,0
2026-08-18T13:00:19+00:00,150,0,0,0,0.0,0,0
2026-08-18T14:00:30+00:00,150,0,0,0,0.0,0,0
2026-08-18T15:00:43+00:00,150,0,0,0,0.0,0,0
2026-08-18T16:00:53+00:00,150,0,0,0,0.0,0,0
2026-08-18T17:00:05+00:00,150,0,0,0,0.0,0,0
2026-08-18T18:00:16+00:00,150,0,0,0,0.0,0,0
2026-08-18T19:00:28+00:00,150,0,0,0,0.0,0,0
2026-08-18T20:00:39+00:00,150,0,0,0,0.0,0,0
2026-08-18T22:00:02+00:00,150,0,0,0,0.0,0,0
2026-08-18T23:00:13+00:00,150,0,0,0,0.0,0,0
2026-08-19T00:00:27+00:00,150,0,0,0,0.0,0,0
2026-08-19T01:00:36+00:00,150,0,0,0,0.0,0,0
2026-08-19T02:00:46+00:00,150,0,0,0,0.0,0,0
2026-08-19T03:00:56+00:00,150,0,0,0,0.0,0,0
2026-08-19T04:00:42+00:00,150,0,0,0,0.0,0,0
2026-08-19T05:00:53+00:00,150,0,0,0,0.0,0,0
2026-08-19T06:00:05+00:00,150,0,0,0,0.0,0,0
2026-08-19T07:00:18+00:00,150,0,0,0,0.0,0,0
2026-08-19T08:00:27+00:00,150,0,0,0,0.0,0,0
2026-08-19T09:00:39+00:00,150,0,0,0,0.0,0,0
2026-08-19T10:00:49+00:00,150,0,0,0,0.0,0,0
2026-08-19T11:01:01+00:00,150,0,0,0,0.0,0,0
2026-08-19T12:00:11+00:00,150,0,0,0,0.0,0,0
2026-08-19T13:00:22+00:00,150,0,0,0,0.0,0,0
2026-08-19T14:00:29+00:00,150,0,0,0,0.0,0,0
2026-08-19T15:00:42+00:00,150,0,0,0,0.0,0,0
2026-08-19T16:00:50+00:00,150,0,0,0,0.0,0,0
2026-08-19T17:00:02+00:00,150,0,50,1.1,10.0,50,112
2026-08-19T18:00:13+00:00,150,0,0,0,0.0,0,0
2026-08-19T19:00:24+00:00,150,0,0,0,0.0,0,0
2026-08-19T20:00:36+00:00,150,0,0,0,0.0,0,0
2026-08-19T22:00:59+00:00,150,0,0,0,0.0,0,0
2026-08-19T23:00:11+00:00,150,0,0,83.3,1020.7,0,12501
2026-08-20T00:00:23+00:00,150,0,0,0,0.0,0,0
2026-08-20T01:00:35+00:00,150,0,0,0,0.0,0,0
2026-08-20T02:00:43+00:00,150,0,0,0,0.0,0,0
2026-08-20T03:00:51+00:00,150,0,0,0,0.0,0,0
2026-08-20T04:00:24+00:00,150,0,0,0,0.0,0,0
2026-08-20T05:00:35+00:00,150,0,0,0,0.0,0,0
2026-08-20T06:00:46+00:00,150,0,0,0,0.0,0,0
2026-08-20T07:00:57+00:00,150,0,0,0,0.0,0,0
2026-08-20T08:00:09+00:00,150,0,0,0,0.0,0,0
2026-08-20T09:00:16+00:00,150,0,0,0,0.0,0,0
2026-08-20T10:00:38+00:00,150,0,0,0,0.0,0,0
2026-08-20T11:00:59+00:00,150,0,0,0,0.0,0,0
2026-08-20T12:00:09+00:00,150,0,0,0,0.0,0,0
2026-08-20T13:00:19+00:00,150,0,0,0,0.0,0,0
2026-08-20T14:00:28+00:00,150,0,0,0,0.0,0,0
2026-08-20T15:00:36+00:00,150,0,0,0,0.0,0,0
2026-08-20T16:00:45+00:00,150,0,0,0,0.0,0,0
2026-08-20T17:00:57+00:00,150,0,0,0,0.0,0,0
2026-08-20T18:00:07+00:00,150,0,0,21.9,267.6,0,3278
2026-08-20T19:00:18+00:00,150,0,0,0,0.0,0,0
2026-08-20T20:00:30+00:00,150,0,0,0,0.0,0,0
2026-08-20T22:00:52+00:00,150,0,0,0,0.0,0,0
2026-08-20T23:00:04+00:00,150,0,0,0,0.0,0,0
2026-08-21T00:00:15+00:00,150,0,0,0,0.0,0,0
2026-08-21T01:00:27+00:00,150,0,796,11.6,100.2,796,940
2026-08-21T02:00:37+00:00,150,0,0,0,0.0,0,0
2026-08-21T03:00:46+00:00,150,0,0,0,0.0,0,0
2026-08-21T04:00:22+00:00,150,0,0,0,0.0,0,0
2026-08-21T05:00:33+00:00,150,0,0,0,0.0,0,0
2026-08-21T06:00:44+00:00,150,0,0,0,0.0,0,0
2026-08-21T07:00:55+00:00,150,0,0,0,0.0,0,0
2026-08-21T08:00:05+00:00,150,0,0,0,0.0,0,0
2026-08-21T09:00:13+00:00,150,0,0,3333.3,40824.8,0,500000
2026-08-21T10:00:21+00:00,150,0,0,0,0.0,0,0
2026-08-21T11:00:35+00:00,150,0,0,0,0.0,0,0
2026-08-21T12:00:43+00:00,150,0,0,0,0.0,0,0
2026-08-21T13:00:47+00:00,150,0,0,0,0.0,0,0
2026-08-21T14:00:57+00:00,150,0,0,0,0.0,0,0
2026-08-21T15:00:09+00:00,150,0,0,0,0.0,0,0
2026-08-21T16:00:21+00:00,150,0,0,0,0.0,0,0
2026-08-21T17:00:30+00:00,150,0,0,0,0.0,0,0
2026-08-21T18:00:42+00:00,150,0,0,0,0.0,0,0
2026-08-21T19:00:54+00:00,150,0,0,0,0.0,0,0
2026-08-21T20:00:05+00:00,150,0,0,0,0.0,0,0
2026-08-21T22:00:28+00:00,150,0,0,0,0.0,0,0
2026-08-21T23:00:39+00:00,150,0,0,0,0.0,0,0
2026-08-22T00:00:51+00:00,150,0,0,0,0.0,0,0
2026-08-22T01:00:03+00:00,150,0,0,0,0.0,0,0
2026-08-22T02:00:13+00:00,150,0,0,0,0.0,0,0
2026-08-22T03:00:24+00:00,150,0,0,0,0.0,0,0
2026-08-22T04:00:11+00:00,150,0,0,0,0.0,0,0
2026-08-22T05:00:19+00:00,150,0,0,0,0.0,0,0
2026-08-22T06:00:31+00:00,150,0,0,0,0.0,0,0
2026-08-22T07:00:43+00:00,150,0,0,0,0.0,0,0
2026-08-22T08:00:55+00:00,150,0,0,0,0.0,0,0
2026-08-22T09:00:04+00:00,150,0,0,0,0.0,0,0
2026-08-22T10:00:14+00:00,150,0,0,0,0.0,0,0
2026-08-22T11:00:21+00:00,150,0,0,0,0.0,0,0
2026-08-22T12:00:32+00:00,150,0,0,0,0.0,0,0
2026-08-22T13:00:42+00:00,150,0,0,0,0.0,0,0
2026-08-22T14:00:52+00:00,150,0,0,0,0.0,0,0
2026-08-22T15:00:01+00:00,150,0,0,0,0.0,0,0
2026-08-22T16:00:13+00:00,150,0,0,0,0.0,0,0
2026-08-22T17:00:30+00:00,150,0,0,0,0.0,0,0
2026-08-22T18:00:38+00:00,150,0,0,0,0.0,0,0
2026-08-22T19:00:51+00:00,150,0,0,0,0.0,0,0
2026-08-22T20:00:03+00:00,150,0,0,0,0.0,0,0
2026-08-22T22:00:26+00:00,150,0,0,0,0.0,0,0
2026-08-22T23:00:39+00:00,150,0,0,0,0.0,0,0
2026-08-23T00:00:51+00:00,150,0,0,0,0.0,0,0
2026-08-23T01:00:03+00:00,150,0,0,0,0.0,0,0
2026-08-23T02:00:15+00:00,150,0,0,0,0.0,0,0
2026-08-23T03:00:27+00:00,150,0,0,0,0.0,0,0
2026-08-23T04:00:01+00:00,150,0,0,0,0.0,0,0
2026-08-23T05:00:13+00:00,150,0,0,0,0.0,0,0
2026-08-23T06:00:24+00:00,150,0,0,0,0.0,0,0
2026-08-23T07:00:36+00:00,150,0,0,0,0.0,0,0
2026-08-23T08:00:48+00:00,150,0,0,0,0.0,0,0
2026-08-23T09:00:58+00:00,150,0,0,0,0.0,0,0
2026-08-23T10:00:14+00:00,150,0,0,0,0.0,0,0
2026-08-23T12:00:41+00:00,150,0,0,33333.3,408248.3,0,5000000
2026-08-23T13:00:49+00:00,150,0,0,0,0.0,0,0
2026-08-23T14:00:59+00:00,150,0,0,0,0.0,0,0
2026-08-23T15:00:12+00:00,150,0,0,0,0.0,0,0
2026-08-23T16:00:21+00:00,150,0,0,0,0.0,0,0
2026-08-23T17:00:34+00:00,150,0,0,0,0.0,0,0
2026-08-23T18:00:46+00:00,150,0,0,0,0.0,0,0
2026-08-23T19:00:59+00:00,150,0,0,0,0.0,0,0
2026-08-23T20:00:11+00:00,150,0,0,0,0.0,0,0
2026-08-23T22:00:36+00:00,150,0,0,0,0.0,0,0
2026-08-23T23:00:49+00:00,150,0,0,0,0.0,0,0
2026-08-24T00:00:03+00:00,150,0,0,0,0.0,0,0
2026-08-24T01:00:15+00:00,150,0,0,0,0.0,0,0
2026-08-24T02:00:27+00:00,150,0,0,0,0.0,0,0
2026-08-24T03:00:39+00:00,150,0,0,0,0.0,0,0
2026-08-24T04:00:03+00:00,150,0,0,0,0.0,0,0
2026-08-24T05:00:12+00:00,150,0,0,0,0.0,0,0
2026-08-24T06:15:49+00:00,150,0,0,0,0.0,0,0
2026-08-24T11:40:20+00:00,150,0,0,0,0.0,0,0
2026-08-24T13:00:50+00:00,150,0,0,0,0.0,0,0
2026-08-24T16:01:27+00:00,150,0,0,0,0.0,0,0
2026-08-24T17:02:50+00:00,150,0,0,0,0.0,0,0
2026-08-24T18:07:39+00:00,150,0,0,0,0.0,0,0
2026-08-24T19:12:41+00:00,150,0,0,0,0.0,0,0
2026-08-24T21:16:33+00:00,150,0,0,0,0.0,0,0
2026-08-24T22:18:23+00:00,150,0,0,0,0.0,0,0
2026-08-24T23:17:20+00:00,150,0,0,0,0.0,0,0
2026-08-25T00:07:18+00:00,150,0,0,0,0.0,0,0
2026-08-25T03:00:44+00:00,150,0,0,0,0.0,0,0
2026-08-25T06:15:30+00:00,150,0,0,0,0.0,0,0
2026-08-25T07:00:49+00:00,150,0,0,0,0.0,0,0
2026-08-25T08:00:59+00:00,150,0,0,0,0.0,0,0
2026-08-25T09:00:13+00:00,150,0,0,0,0.0,0,0
2026-08-25T10:00:27+00:00,150,0,0,0,0.0,0,0
2026-08-25T11:00:38+00:00,150,0,0,0,0.0,0,0
2026-08-25T12:00:59+00:00,150,0,0,0,0.0,0,0
2026-08-25T13:00:13+00:00,150,0,0,0,0.0,0,0
2026-08-25T14:00:26+00:00,150,0,0,0,0.0,0,0
2026-08-25T15:00:40+00:00,150,0,0,0,0.0,0,0
2026-08-25T16:04:07+00:00,150,0,0,0,0.0,0,0
2026-08-25T17:08:53+00:00,150,0,0,0,0.0,0,0
2026-08-25T18:13:40+00:00,150,0,0,0,0.0,0,0
2026-08-25T21:10:00+00:00,150,0,0,0,0.0,0,0
2026-08-25T23:07:37+00:00,150,0,0,0,0.0,0,0
2026-08-26T02:07:59+00:00,150,0,0,0,0.0,0,0
2026-08-26T03:00:06+00:00,150,0,0,0,0.0,0,0
2026-08-26T04:00:31+00:00,150,0,0,0.0,0.1,0,1
2026-08-26T05:00:45+00:00,150,0,0,0,0.0,0,0
2026-08-26T06:01:00+00:00,150,0,0,0,0.0,0,0
2026-08-26T07:00:14+00:00,150,0,0,0,0.0,0,0
2026-08-26T08:00:27+00:00,150,0,0,0,0.0,0,0
2026-08-26T09:00:39+00:00,150,0,0,0,0.0,0,0
2026-08-26T10:00:53+00:00,150,0,0,0,0.0,0,0
2026-08-26T11:00:07+00:00,150,0,0,0,0.0,0,0
2026-08-26T12:00:17+00:00,150,0,0,0,0.0,0,0
2026-08-26T13:00:28+00:00,150,0,0,0,0.0,0,0
2026-08-26T14:00:42+00:00,150,0,0,0,0.0,0,0
2026-08-26T15:00:51+00:00,150,0,0,0,0.0,0,0
2026-08-26T16:23:34+00:00,150,0,0,0,0.0,0,0
2026-08-26T17:28:16+00:00,150,0,0,0,0.0,0,0
2026-08-26T18:07:42+00:00,150,0,0,0,0.0,0,0
2026-08-26T19:11:50+00:00,150,0,0,0,0.0,0,0
2026-08-26T20:01:24+00:00,150,0,0,0,0.0,0,0
2026-08-26T21:13:30+00:00,150,0,0,0,0.0,0,0
2026-08-26T23:00:24+00:00,150,0,0,0,0.0,0,0
2026-08-27T00:12:14+00:00,150,0,0,0,0.0,0,0
2026-08-27T01:07:58+00:00,150,0,0,0,0.0,0,0
2026-08-27T02:09:12+00:00,150,0,0,0,0.0,0,0
2026-08-27T03:09:45+00:00,150,0,0,0,0.0,0,0
2026-08-27T04:10:48+00:00,150,0,0,0,0.0,0,0
2026-08-27T05:40:17+00:00,150,0,0,0,0.0,0,0
2026-08-27T06:13:11+00:00,150,0,0,0,0.0,0,0
2026-08-27T07:00:44+00:00,150,0,0,0,0.0,0,0
2026-08-27T08:15:06+00:00,150,0,0,0,0.0,0,0
2026-08-27T09:31:44+00:00,150,0,0,0,0.0,0,0
2026-08-27T10:01:17+00:00,150,0,0,0,0.0,0,0
2026-08-27T11:01:42+00:00,150,0,0,0,0.0,0,0
2026-08-27T12:02:54+00:00,150,0,0,0,0.0,0,0
2026-08-27T13:03:45+00:00,150,0,0,0,0.0,0,0
2026-08-27T14:04:09+00:00,150,0,0,0,0.0,0,0
2026-08-27T15:01:58+00:00,150,0,0,0,0.0,0,0
2026-08-27T16:06:57+00:00,150,0,0,0,0.0,0,0
2026-08-27T17:00:35+00:00,150,0,0,0,0.0,0,0
2026-08-27T19:14:46+00:00,150,0,0,0,0.0,0,0
2026-08-27T20:10:58+00:00,150,0,0,0,0.0,0,0
2026-08-27T21:15:54+00:00,150,0,0,0,0.0,0,0
2026-08-27T22:25:48+00:00,150,0,0,0,0.0,0,0
2026-08-27T23:00:38+00:00,150,0,0,0,0.0,0,0
2026-08-28T00:18:08+00:00,150,0,0,0,0.0,0,0
2026-08-28T01:18:27+00:00,150,0,0,0,0.0,0,0
2026-08-28T02:34:44+00:00,150,0,0,0,0.0,0,0
2026-08-28T03:03:05+00:00,150,0,0,0,0.0,0,0
2026-08-28T04:05:39+00:00,150,0,0,0,0.0,0,0
2026-08-28T05:00:52+00:00,150,0,0,0,0.0,0,0
2026-08-28T07:00:15+00:00,150,0,0,0,0.0,0,0
2026-08-28T08:00:30+00:00,150,0,0,0,0.0,0,0
2026-08-28T09:08:55+00:00,150,0,0,2000,24494.9,0,300000
2026-08-28T10:13:52+00:00,150,0,0,5617.0,68793.7,0,842547
2026-08-28T12:01:00+00:00,150,0,0,0,0.0,0,0
2026-08-28T13:00:12+00:00,150,0,0,0,0.0,0,0
2026-08-28T14:00:25+00:00,150,0,0,0,0.0,0,0
2026-08-28T15:11:27+00:00,150,0,0,0,0.0,0,0
2026-08-28T16:56:14+00:00,150,0,0,0,0.0,0,0
2026-08-28T17:12:45+00:00,150,0,0,0,0.0,0,0
2026-08-28T18:01:03+00:00,150,0,0,0,0.0,0,0
2026-08-28T19:07:38+00:00,150,0,0,0,0.0,0,0
2026-08-28T20:37:38+00:00,150,0,0,0,0.0,0,0
2026-08-28T21:09:38+00:00,150,0,0,0,0.0,0,0
2026-08-28T23:11:49+00:00,150,0,0,0,0.0,0,0
2026-08-29T00:15:42+00:00,150,0,0,0,0.0,0,0
2026-08-29T09:00:05+00:00,150,0,0,0,0.0,0,0
2026-08-29T10:00:20+00:00,150,0,0,0,0.0,0,0
